r_name,b_name,r_wins,r_losses,r_draws,r_height,r_weight,r_reach,r_splm,r_str_acc,r_sapm,r_str_def,r_td_avg,r_td_avg_acc,r_td_def,r_sub_avg,b_wins,b_losses,b_draws,b_height,b_weight,b_reach,b_splm,b_str_acc,b_sapm,b_str_def,b_td_avg,b_td_avg_acc,b_td_def,b_sub_avg,winner_id,date
Rongzhu,Brandon Jenkins,17.0,4.0,0.0,175.26,70.29,182.88,,,,,,,,,15.0,8.0,0.0,182.88,70.52,180.34,,,,,,,,,1.0,"September 18, 2021"
Charles Johnson,Sumudaerji,17.0,6.0,0.0,175.26,57.14,177.8,4.77,51.0,3.62,57.0,0.56,24.0,68.0,0.44,,,,,,,,,,,,,,,1.0,"October 19, 2024"
Brendan Allen,Kyle Daukaus,13.0,3.0,0.0,187.96,83.9,190.5,,,,,,,,,9.0,1.0,0.0,190.5,,193.04,,,,,,,,,1.0,"June 27, 2020"
Uros Medic,Myktybek Orolbai,9.0,1.0,0.0,185.42,77.32,180.34,6.97,61.0,3.92,58.0,0.53,100.0,80.0,0.0,0.0,0.0,0.0,,,,3.0,100.0,42.0,33.0,0.0,,,0.0,0.0,"November 18, 2023"
Tofiq Musayev,Myktybek Orolbai,22.0,5.0,0.0,175.26,70.29,175.26,,,,,,,,,13.0,2.0,1.0,177.8,72.11,187.96,0.41,50.0,5.7,29.0,0.0,,,0.0,0.0,"June 21, 2025"
Mateusz Rebecki,Roosevelt Roberts,17.0,1.0,0.0,170.18,70.52,167.64,4.92,51.0,2.05,63.0,4.15,63.0,67.0,0.83,12.0,4.0,0.0,187.96,78.46,185.42,3.14,44.0,3.12,53.0,1.44,30.0,59.0,0.9,1.0,"November 11, 2023"
Mickey Gall,Mike Malott,7.0,3.0,0.0,187.96,77.1,187.96,2.92,46.0,4.1,50.0,1.08,27.0,36.0,1.99,1.0,0.0,0.0,185.42,77.32,185.42,4.41,36.0,4.35,54.0,1.92,33.0,,0.96,0.0,"April 09, 2022"
Jason Witt,Phil Rowe,19.0,7.0,0.0,177.8,77.1,177.8,2.63,50.0,3.1,50.0,6.46,45.0,100.0,1.29,,,,,,,,,,,,,,,0.0,"February 05, 2022"
Neil Magny,Daniel Rodriguez,26.0,10.0,0.0,190.5,77.32,203.2,3.59,46.0,2.16,56.0,2.31,41.0,57.0,0.26,17.0,2.0,0.0,185.42,77.1,187.96,7.75,50.0,5.35,58.0,0.72,56.0,73.0,0.14,1.0,"November 05, 2022"
Kevin Holland,Daniel Rodriguez,28.0,13.0,0.0,190.5,83.45,205.74,4.24,50.0,3.11,50.0,0.81,39.0,55.0,0.59,19.0,5.0,0.0,185.42,77.32,187.96,7.39,49.0,5.39,58.0,0.55,55.0,63.0,0.09,0.0,"July 19, 2025"
Kelvin Gastelum,Daniel Rodriguez,19.0,9.0,0.0,175.26,87.98,181.61,3.74,42.0,3.48,58.0,1.1,35.0,59.0,0.1,17.0,4.0,0.0,185.42,77.1,187.96,7.3,50.0,5.28,57.0,0.62,50.0,64.0,0.12,1.0,"June 22, 2024"
Santiago Ponzinibbio,Daniel Rodriguez,31.0,9.0,0.0,182.88,77.1,185.42,4.78,42.0,4.68,62.0,0.6,27.0,71.0,0.0,19.0,5.0,0.0,185.42,77.32,187.96,7.39,49.0,5.39,58.0,0.55,55.0,63.0,0.09,0.0,"May 03, 2025"
Li Jingliang,Daniel Rodriguez,18.0,7.0,0.0,182.88,77.55,181.61,4.42,43.0,3.74,58.0,1.25,39.0,59.0,0.0,16.0,2.0,0.0,185.42,85.71,187.96,8.06,50.0,5.38,58.0,0.84,56.0,76.0,0.17,0.0,"September 10, 2022"
Tim Means,Daniel Rodriguez,28.0,11.0,1.0,187.96,77.1,190.5,4.82,46.0,3.31,63.0,0.88,52.0,64.0,0.16,12.0,1.0,0.0,185.42,77.1,187.96,9.48,48.0,11.14,56.0,0.64,100.0,67.0,0.64,0.0,"February 15, 2020"
Kevin Lee,Daniel Rodriguez,18.0,6.0,0.0,,,,,,,,,,,,15.0,2.0,0.0,,,,,,,,,,,,0.0,"August 28, 2021"
Mike Perry,Daniel Rodriguez,14.0,6.0,0.0,177.8,77.1,180.34,4.28,47.0,4.43,58.0,0.62,42.0,70.0,0.0,13.0,2.0,0.0,185.42,77.1,187.96,7.68,47.0,6.12,58.0,1.34,63.0,90.0,0.27,0.0,"April 10, 2021"
Court McGee,Tim Means,23.0,13.0,0.0,180.34,83.58,191.77,4.6,37.0,3.59,61.0,1.87,26.0,70.0,0.47,33.0,15.0,1.0,187.96,77.32,190.5,5.1,49.0,3.65,60.0,1.16,42.0,65.0,0.16,1.0,"October 05, 2024"
Mike Perry,Tim Means,14.0,6.0,0.0,177.8,77.1,180.34,4.28,47.0,4.43,58.0,0.62,42.0,70.0,0.0,29.0,12.0,1.0,187.96,77.1,190.5,4.87,46.0,3.44,62.0,0.91,44.0,64.0,0.23,0.0,"November 21, 2020"
Thiago Alves,Tim Means,28.0,13.0,0.0,175.26,77.1,177.8,3.71,42.0,3.36,62.0,0.7,65.0,63.0,0.32,28.0,11.0,1.0,187.96,77.1,190.5,4.82,46.0,3.31,63.0,0.88,52.0,64.0,0.16,0.0,"December 07, 2019"
Danny Silva,Lucas Almeida,9.0,1.0,0.0,180.34,72.56,177.8,8.3,59.0,9.47,59.0,3.0,50.0,100.0,0.5,15.0,3.0,0.0,180.34,66.21,180.34,4.94,43.0,4.92,46.0,0.0,,50.0,0.0,1.0,"March 01, 2025"
Andre Fili,Lucas Almeida,22.0,10.0,0.0,180.34,65.99,187.96,3.83,37.0,4.13,51.0,2.22,48.0,69.0,0.27,14.0,2.0,0.0,180.34,73.47,180.34,5.29,48.0,5.29,45.0,0.0,,40.0,0.0,1.0,"December 16, 2023"
Danny Silva,Kevin Vallejos,10.0,1.0,0.0,180.34,65.99,177.8,7.36,59.0,7.96,62.0,2.33,47.0,100.0,0.33,15.0,1.0,0.0,170.18,65.99,172.72,6.48,51.0,5.7,57.0,0.0,0.0,67.0,0.0,0.0,"August 02, 2025"
Pat Sabatini,Lucas Almeida,17.0,4.0,0.0,172.72,65.99,177.8,1.67,56.0,1.5,52.0,3.75,43.0,43.0,1.87,14.0,1.0,0.0,180.34,72.56,180.34,6.6,48.0,5.63,48.0,0.0,,50.0,0.0,1.0,"June 17, 2023"
Rinya Nakamura,Nathan Fletcher,9.0,1.0,0.0,170.18,61.22,173.99,3.1,52.0,1.7,64.0,2.63,82.0,100.0,1.46,9.0,2.0,0.0,170.18,61.22,177.8,3.44,61.0,1.7,62.0,3.53,38.0,50.0,0.71,1.0,"August 02, 2025"
Zygimantas Ramaska,Nathan Fletcher,9.0,2.0,0.0,180.34,65.99,185.42,,,,,,,,,8.0,1.0,0.0,170.18,65.76,177.8,,,,,,,,,0.0,"September 07, 2024"
Michael Trizano,Lucas Almeida,10.0,2.0,0.0,180.34,65.99,180.34,3.54,53.0,3.93,49.0,0.44,67.0,72.0,0.67,0.0,1.0,0.0,,70.52,,,,,,,,,,0.0,"June 04, 2022"
Rinya Nakamura,Muin Gafurov,9.0,0.0,0.0,170.18,66.21,173.99,3.53,55.0,1.38,67.0,3.72,90.0,100.0,1.65,18.0,6.0,0.0,170.18,65.53,172.72,3.03,47.0,2.25,51.0,1.95,27.0,68.0,0.0,0.0,"January 18, 2025"
Kyung Ho Kang,Muin Gafurov,19.0,10.0,0.0,175.26,70.48,185.42,3.35,48.0,3.33,56.0,1.87,57.0,68.0,0.84,18.0,5.0,0.0,,,,,,,,,,,,0.0,"June 22, 2024"
Said Nurmagomedov,Muin Gafurov,18.0,3.0,0.0,172.72,61.68,177.8,3.54,48.0,2.15,57.0,1.03,17.0,65.0,1.23,18.0,5.0,0.0,170.18,61.68,172.72,3.07,41.0,2.9,48.0,2.5,28.0,63.0,0.0,1.0,"October 21, 2023"
SeungWoo Choi,Kevin Vallejos,11.0,7.0,0.0,182.88,65.76,189.23,3.51,39.0,3.12,47.0,0.86,55.0,70.0,0.0,1.0,1.0,0.0,,65.99,,6.85,51.0,5.81,56.0,0.0,0.0,67.0,0.0,0.0,"March 15, 2025"
Rinya Nakamura,Fernie Garcia,8.0,0.0,0.0,170.18,66.21,173.99,8.57,50.0,3.65,62.0,4.76,67.0,100.0,2.38,10.0,4.0,0.0,170.18,68.48,170.18,2.18,39.0,2.83,55.0,0.47,50.0,62.0,0.47,1.0,"August 26, 2023"
John Castaneda,Muin Gafurov,19.0,6.0,0.0,167.64,63.27,180.34,4.66,48.0,5.0,55.0,1.34,33.0,60.0,0.27,0.0,0.0,0.0,,,,,,,,,,,,1.0,"June 03, 2023"
Rinya Nakamura,Carlos Vera,8.0,0.0,0.0,170.18,66.21,173.99,4.23,55.0,1.78,70.0,4.23,86.0,100.0,2.82,11.0,3.0,0.0,167.64,67.12,176.53,,,,,,,,,1.0,"February 17, 2024"
Rodolfo Vieira,Tresean Gore,10.0,3.0,0.0,182.88,84.13,185.42,3.33,56.0,4.4,49.0,3.52,27.0,100.0,1.24,6.0,3.0,0.0,182.88,84.35,190.5,2.77,47.0,8.16,40.0,2.62,75.0,83.0,1.31,1.0,"August 02, 2025"
Brady Hiestand,Fernie Garcia,6.0,2.0,0.0,172.72,65.67,180.34,4.4,49.0,6.67,42.0,6.0,55.0,50.0,0.0,10.0,2.0,0.0,170.18,61.45,170.18,2.85,37.0,4.19,57.0,0.0,,60.0,0.0,1.0,"November 19, 2022"
Josh Fremd,Tresean Gore,9.0,4.0,0.0,,84.13,,2.07,57.0,3.2,32.0,1.0,100.0,27.0,1.0,4.0,2.0,0.0,182.88,84.13,190.5,3.45,54.0,6.74,45.0,1.59,67.0,80.0,0.8,0.0,"October 29, 2022"
Cody Brundage,Tresean Gore,7.0,2.0,0.0,182.88,84.13,182.88,2.42,61.0,2.75,48.0,1.42,25.0,69.0,1.42,4.0,1.0,0.0,182.88,84.13,190.5,3.8,60.0,7.47,42.0,2.0,67.0,88.0,1.0,1.0,"July 09, 2022"
Edmen Shahbazyan,Andre Petroski,14.0,5.0,0.0,189.23,84.13,187.96,3.78,51.0,3.85,47.0,1.97,39.0,66.0,0.49,13.0,4.0,0.0,182.88,84.35,185.42,2.89,50.0,2.65,51.0,3.38,54.0,86.0,1.49,1.0,"June 14, 2025"
Nick Maximov,Andre Petroski,8.0,0.0,0.0,182.88,83.9,193.04,1.78,54.0,1.73,39.0,5.67,47.0,100.0,0.33,7.0,2.0,0.0,182.88,84.13,185.42,4.22,65.0,2.0,52.0,4.29,47.0,,3.75,0.0,"May 14, 2022"
Hu Yaozong,Andre Petroski,3.0,2.0,0.0,190.5,84.35,182.88,4.43,52.0,5.23,39.0,0.0,0.0,,0.67,5.0,2.0,0.0,,,,,,,,,,,,0.0,"October 30, 2021"
Josh Fremd,Andre Petroski,11.0,5.0,0.0,,,193.04,,,,,0.84,,,,10.0,4.0,0.0,182.88,91.43,185.42,3.5,50.0,3.08,52.0,4.32,54.0,80.0,2.27,0.0,"July 13, 2024"
Rodolfo Vieira,Andre Petroski,10.0,2.0,0.0,,,185.42,,,,,4.18,,,,10.0,4.0,0.0,182.88,91.43,185.42,3.5,50.0,3.08,52.0,4.32,54.0,80.0,2.27,0.0,"February 15, 2025"
Michelle Waterson-Gomez,Angela Hill,,,,,,,,,,,,,,,12.0,9.0,0.0,,,,,,,,,,,,1.0,"September 12, 2020"
Randa Markos,Angela Hill,8.0,7.0,1.0,162.56,52.15,161.29,2.92,41.0,3.17,62.0,1.67,28.0,54.0,0.31,,,,,,,,,,,,,,,1.0,"March 23, 2019"
Liana Jojua,Sarah Moras,7.0,2.0,0.0,162.56,61.22,157.48,,,,,,,,,5.0,5.0,0.0,170.18,61.22,170.18,1.85,37.0,3.18,45.0,0.95,22.0,38.0,0.95,0.0,"September 07, 2019"
Diego Ferreira,Michael Johnson,17.0,5.0,0.0,175.26,70.75,187.96,4.67,38.0,3.35,57.0,0.75,24.0,63.0,0.75,22.0,18.0,0.0,177.8,70.75,186.69,4.27,39.0,3.9,58.0,0.47,38.0,80.0,0.05,1.0,"May 20, 2023"
Karine Silva,Dione Barbosa,18.0,5.0,0.0,165.1,57.05,170.18,3.04,39.0,3.14,48.0,2.79,50.0,,1.86,7.0,3.0,0.0,167.64,61.22,166.37,1.85,49.0,2.49,66.0,1.73,29.0,43.0,2.17,1.0,"August 16, 2025"
Diana Belbita,Dione Barbosa,15.0,9.0,0.0,170.18,58.5,172.72,6.54,43.0,6.55,52.0,0.91,63.0,66.0,0.0,7.0,3.0,0.0,167.64,61.22,166.37,1.85,49.0,2.49,66.0,1.73,29.0,43.0,2.17,0.0,"April 05, 2025"
Kleydson Rodrigues,CJ Vergara,0.0,0.0,0.0,,,,,,,,,,,,9.0,3.0,1.0,167.64,57.78,172.72,,,,,,,,,0.0,"May 07, 2022"
Edgar Chairez,CJ Vergara,11.0,6.0,0.0,170.18,63.81,180.34,3.45,45.0,5.21,42.0,0.0,0.0,33.0,1.47,12.0,6.0,1.0,,,172.72,,,,,0.0,,,,1.0,"March 29, 2025"
Mateusz Rebecki,Myktybek Orolbai,19.0,2.0,0.0,170.18,77.91,167.64,4.69,49.0,4.15,55.0,4.12,75.0,33.0,1.03,13.0,1.0,1.0,177.8,78.91,187.96,3.0,100.0,42.0,33.0,0.0,,,0.0,1.0,"October 26, 2024"
Elves Brener,Myktybek Orolbai,16.0,3.0,0.0,,,184.15,,,,,0.93,,,,12.0,1.0,1.0,,,,3.0,100.0,42.0,33.0,0.0,,,0.0,0.0,"May 04, 2024"
Benoit Saint Denis,Mauricio Ruffy,14.0,3.0,0.0,180.34,70.75,185.42,5.39,56.0,4.61,42.0,4.19,40.0,71.0,1.54,12.0,1.0,0.0,180.34,70.52,190.5,4.54,59.0,4.59,61.0,0.0,0.0,100.0,0.0,1.0,"September 06, 2025"
Benoit Saint Denis,Thiago Moises,11.0,1.0,0.0,180.34,79.37,185.42,4.11,50.0,6.14,42.0,3.8,30.0,86.0,1.9,17.0,6.0,0.0,175.26,70.52,179.07,2.47,39.0,3.9,57.0,1.53,41.0,61.0,1.28,1.0,"September 02, 2023"
Benoit Saint Denis,Kyle Prepolec,13.0,3.0,0.0,180.34,70.75,185.42,5.17,53.0,4.98,41.0,3.97,37.0,69.0,1.24,12.0,7.0,0.0,177.8,70.29,177.8,3.2,35.0,4.7,55.0,0.0,0.0,40.0,0.0,1.0,"May 10, 2025"
Jared Gordon,Thiago Moises,20.0,7.0,0.0,175.26,78.68,172.72,5.75,56.0,3.97,57.0,1.78,32.0,63.0,0.0,19.0,8.0,0.0,175.26,70.52,179.07,2.5,42.0,4.12,54.0,1.34,36.0,54.0,1.16,1.0,"May 17, 2025"
Islam Makhachev,Thiago Moises,19.0,1.0,0.0,177.8,70.29,179.07,2.0,57.0,0.77,70.0,3.46,69.0,93.0,1.04,15.0,4.0,0.0,175.26,70.29,179.07,2.47,63.0,3.2,54.0,2.0,50.0,57.0,2.5,1.0,"July 17, 2021"
Michael Johnson,Thiago Moises,20.0,15.0,0.0,177.8,70.75,186.69,4.15,37.0,3.82,59.0,0.56,45.0,79.0,0.06,12.0,3.0,0.0,175.26,70.29,179.07,2.47,63.0,3.2,54.0,2.0,50.0,57.0,2.5,0.0,"May 13, 2020"
Alexander Hernandez,Thiago Moises,12.0,3.0,0.0,175.26,70.29,182.88,3.93,48.0,4.22,50.0,2.46,33.0,57.0,0.0,14.0,4.0,0.0,175.26,70.29,179.07,2.47,63.0,3.2,54.0,2.0,50.0,57.0,2.5,0.0,"February 27, 2021"
Damir Ismagulov,Thiago Moises,17.0,2.0,0.0,177.8,70.29,,3.27,48.0,1.6,70.0,2.5,45.0,,0.0,11.0,3.0,0.0,175.26,70.29,177.8,0.53,50.0,3.8,39.0,0.0,0.0,50.0,4.0,1.0,"August 31, 2019"
Jamall Emmers,Gabriel Miranda,20.0,8.0,0.0,,,,,,,,,,,,17.0,7.0,0.0,180.34,74.1,180.34,2.82,41.0,5.3,37.0,3.85,33.0,,1.28,1.0,"March 29, 2025"
Nassourdine Imavov,Caio Borralho,16.0,4.0,0.0,190.5,83.9,190.5,4.45,56.0,3.26,59.0,0.85,32.0,79.0,1.14,17.0,1.0,0.0,186.69,83.45,190.5,3.61,60.0,2.34,63.0,1.56,60.0,77.0,0.52,1.0,"September 06, 2025"
Morgan Charriere,Gabriel Miranda,19.0,10.0,1.0,172.72,73.02,175.26,3.98,49.0,4.24,55.0,1.59,40.0,88.0,0.8,17.0,6.0,0.0,180.34,74.1,180.34,3.52,51.0,6.88,39.0,4.8,40.0,,2.4,1.0,"September 28, 2024"
Shane Young,Gabriel Miranda,13.0,7.0,0.0,172.72,65.99,184.15,5.24,41.0,5.51,52.0,0.63,19.0,65.0,0.0,16.0,6.0,0.0,180.34,70.52,180.34,3.8,54.0,7.97,37.0,2.85,33.0,,0.0,0.0,"September 09, 2023"
Jared Cannonier,Caio Borralho,17.0,7.0,0.0,180.34,93.88,196.85,4.62,52.0,4.19,58.0,0.47,47.0,62.0,0.0,16.0,1.0,0.0,186.69,91.7,190.5,2.91,60.0,2.06,60.0,1.99,63.0,77.0,0.5,0.0,"August 24, 2024"
Makhmud Muradov,Caio Borralho,25.0,7.0,0.0,187.96,83.67,191.77,5.39,42.0,3.17,62.0,0.31,17.0,80.0,0.31,12.0,1.0,0.0,177.8,84.13,190.5,2.72,62.0,1.82,61.0,2.63,80.0,75.0,0.0,0.0,"October 22, 2022"
Marvin Vettori,Brendan Allen,19.0,8.0,1.0,182.88,84.35,187.96,4.54,46.0,4.37,57.0,1.51,45.0,70.0,0.43,24.0,7.0,0.0,187.96,90.07,190.5,3.55,54.0,3.67,46.0,1.53,38.0,57.0,1.28,0.0,"July 19, 2025"
Nassourdine Imavov,Brendan Allen,14.0,4.0,0.0,190.5,88.48,190.5,4.58,55.0,3.33,60.0,0.98,36.0,74.0,1.31,24.0,5.0,0.0,187.96,91.61,190.5,3.98,54.0,3.83,47.0,1.74,47.0,59.0,1.43,1.0,"September 28, 2024"
Paul Craig,Caio Borralho,17.0,7.0,1.0,191.77,84.35,193.04,2.42,46.0,2.86,45.0,1.76,23.0,38.0,1.65,15.0,1.0,0.0,177.8,84.35,190.5,2.73,59.0,1.98,61.0,2.16,63.0,57.0,0.54,0.0,"May 04, 2024"
Sam Alvey,Brendan Allen,33.0,15.0,1.0,187.96,83.9,191.77,3.2,44.0,3.44,55.0,0.07,17.0,82.0,0.07,17.0,4.0,0.0,187.96,83.9,190.5,4.32,53.0,4.72,43.0,1.15,36.0,50.0,1.61,0.0,"February 05, 2022"
Karl Roberson,Brendan Allen,9.0,3.0,0.0,185.42,83.9,187.96,3.08,53.0,1.81,64.0,1.08,57.0,53.0,0.81,15.0,4.0,0.0,187.96,83.9,190.5,2.24,59.0,3.5,31.0,2.24,50.0,75.0,4.47,0.0,"April 24, 2021"
Punahele Soriano,Brendan Allen,8.0,0.0,0.0,180.34,83.9,184.15,,,,,,,,,16.0,4.0,0.0,187.96,83.9,190.5,2.24,59.0,3.5,31.0,2.24,50.0,75.0,4.47,0.0,"July 24, 2021"
Krzysztof Jotko,Brendan Allen,24.0,5.0,0.0,185.42,84.35,195.58,3.02,42.0,2.26,57.0,1.35,40.0,83.0,0.07,19.0,5.0,0.0,187.96,84.35,190.5,4.15,55.0,4.18,44.0,1.2,41.0,50.0,1.37,0.0,"October 01, 2022"
Max Griffin,Chris Curtis,20.0,11.0,0.0,180.34,77.1,193.04,3.75,49.0,3.66,58.0,1.37,41.0,70.0,0.27,31.0,12.0,0.0,177.8,84.13,191.77,6.16,52.0,6.43,54.0,0.0,,83.0,0.0,0.0,"July 12, 2025"
Nassourdine Imavov,Chris Curtis,12.0,4.0,0.0,190.5,87.98,190.5,4.32,51.0,3.81,59.0,0.68,22.0,73.0,1.7,30.0,10.0,0.0,177.8,84.35,191.77,5.59,51.0,6.22,56.0,0.0,,100.0,0.0,0.0,"June 10, 2023"
Brendan Allen,Chris Curtis,16.0,4.0,0.0,187.96,83.9,190.5,2.24,59.0,3.5,31.0,2.24,50.0,75.0,4.47,20.0,5.0,0.0,177.8,84.35,191.77,,,,,,,,,0.0,"December 04, 2021"
Jack Hermansson,Chris Curtis,22.0,7.0,0.0,185.42,84.13,196.85,4.97,44.0,3.83,54.0,1.73,31.0,75.0,0.51,29.0,8.0,0.0,177.8,84.13,191.77,7.23,65.0,6.28,48.0,0.0,,100.0,0.0,1.0,"July 23, 2022"
Brendan Allen,Chris Curtis,23.0,5.0,0.0,187.96,84.35,190.5,3.87,54.0,3.6,47.0,1.36,48.0,59.0,1.73,31.0,10.0,0.0,177.8,84.04,191.77,5.96,51.0,6.58,53.0,0.0,,92.0,0.0,1.0,"April 06, 2024"
Andre Muniz,Brendan Allen,23.0,4.0,0.0,185.42,84.35,198.12,1.91,55.0,1.45,52.0,3.71,40.0,45.0,2.12,20.0,5.0,0.0,187.96,84.35,190.5,3.99,55.0,4.01,44.0,1.31,44.0,50.0,1.47,0.0,"February 25, 2023"
Phil Hawes,Chris Curtis,11.0,2.0,0.0,182.88,83.9,196.85,3.44,58.0,3.29,53.0,2.7,39.0,100.0,0.39,20.0,5.0,0.0,177.8,84.35,191.77,,,,,,,,,0.0,"November 06, 2021"
Vicente Luque,Joaquin Buckley,22.0,9.0,1.0,180.34,82.99,191.77,5.17,53.0,5.15,52.0,1.04,61.0,63.0,0.67,17.0,6.0,0.0,177.8,77.32,193.04,3.87,33.0,3.31,58.0,1.51,37.0,65.0,0.0,0.0,"March 30, 2024"
Stephen Thompson,Joaquin Buckley,17.0,7.0,1.0,182.88,83.22,190.5,4.11,46.0,3.03,55.0,0.26,42.0,66.0,0.0,19.0,6.0,0.0,177.8,77.1,193.04,4.25,36.0,3.12,58.0,1.69,44.0,69.0,0.0,0.0,"October 05, 2024"
Nassourdine Imavov,Joaquin Buckley,11.0,3.0,0.0,190.5,83.72,190.5,4.29,57.0,2.23,55.0,0.62,20.0,72.0,2.5,15.0,4.0,0.0,177.8,83.45,193.04,3.74,35.0,3.42,55.0,1.68,35.0,64.0,0.0,1.0,"September 03, 2022"
Chris Curtis,Joaquin Buckley,29.0,9.0,0.0,177.8,84.35,191.77,6.0,58.0,6.39,53.0,0.0,,100.0,0.0,15.0,5.0,0.0,177.8,84.35,193.04,3.61,33.0,3.42,54.0,1.35,30.0,67.0,0.0,1.0,"December 10, 2022"
Alex Morono,Joaquin Buckley,23.0,8.0,0.0,180.34,76.87,182.88,5.2,42.0,4.14,58.0,0.29,20.0,50.0,0.36,16.0,6.0,0.0,177.8,77.32,193.04,3.76,32.0,3.42,55.0,1.43,35.0,67.0,0.0,0.0,"October 07, 2023"
Colby Covington,Joaquin Buckley,17.0,4.0,0.0,,,182.88,,,,,3.79,,,,20.0,6.0,0.0,177.8,81.63,193.04,4.13,36.0,3.2,58.0,1.96,46.0,69.0,0.0,0.0,"December 14, 2024"
Andre Fialho,Joaquin Buckley,16.0,6.0,0.0,182.88,77.32,187.96,3.17,39.0,6.22,47.0,0.0,,71.0,0.0,15.0,6.0,0.0,177.8,84.13,193.04,3.87,33.0,3.53,55.0,1.23,30.0,67.0,0.0,0.0,"May 20, 2023"
Kamaru Usman,Joaquin Buckley,20.0,4.0,0.0,182.88,77.1,193.04,4.36,52.0,2.74,54.0,2.82,45.0,90.0,0.1,21.0,6.0,0.0,177.8,77.55,193.04,4.22,37.0,3.13,59.0,1.78,45.0,74.0,0.09,1.0,"June 14, 2025"
Kelvin Gastelum,Ian Heinisch,16.0,6.0,0.0,175.26,83.9,181.61,3.86,44.0,2.87,61.0,0.82,50.0,63.0,0.18,14.0,3.0,0.0,180.34,83.9,182.88,3.67,52.0,3.02,60.0,1.22,19.0,62.0,0.49,1.0,"February 13, 2021"
Nassourdine Imavov,Ian Heinisch,9.0,3.0,0.0,190.5,83.9,190.5,4.17,62.0,2.03,60.0,0.5,13.0,60.0,2.0,14.0,4.0,0.0,180.34,83.9,182.88,3.67,52.0,3.02,60.0,1.22,19.0,62.0,0.49,1.0,"July 24, 2021"
Derek Brunson,Ian Heinisch,18.0,7.0,0.0,185.42,83.9,195.58,3.12,43.0,3.04,51.0,2.35,24.0,100.0,0.54,12.0,1.0,0.0,180.34,83.9,,3.67,58.0,2.07,52.0,1.0,14.0,50.0,2.0,1.0,"August 17, 2019"
Nikita Krylov,Paul Craig,27.0,8.0,0.0,190.5,97.82,196.85,4.33,56.0,2.52,44.0,1.34,33.0,56.0,1.34,15.0,4.0,1.0,191.77,98.55,193.04,2.59,51.0,2.39,50.0,2.06,25.0,56.0,1.9,0.0,"March 19, 2022"
Modestas Bukauskas,Paul Craig,18.0,6.0,0.0,190.5,92.06,193.04,3.26,43.0,4.07,51.0,0.31,67.0,78.0,0.16,17.0,9.0,1.0,191.77,93.42,193.04,2.54,45.0,3.0,44.0,1.47,19.0,35.0,1.38,1.0,"September 06, 2025"
Brendan Allen,Paul Craig,22.0,5.0,0.0,187.96,90.7,190.5,3.96,53.0,3.89,47.0,1.22,43.0,56.0,1.63,17.0,6.0,1.0,191.77,91.16,193.04,2.57,46.0,2.85,47.0,1.91,23.0,43.0,1.67,1.0,"November 18, 2023"
Bo Nickal,Paul Craig,6.0,0.0,0.0,185.42,90.7,193.04,1.64,62.0,0.5,71.0,7.46,50.0,,7.46,17.0,8.0,1.0,191.77,90.07,193.04,2.45,46.0,2.97,44.0,1.68,21.0,38.0,1.57,1.0,"November 16, 2024"
Modestas Bukauskas,Ion Cutelaba,17.0,6.0,0.0,190.5,92.06,193.04,3.32,42.0,4.11,50.0,0.37,67.0,71.0,0.19,19.0,10.0,1.0,185.42,92.97,190.5,4.3,43.0,3.38,47.0,4.17,52.0,75.0,0.11,1.0,"May 10, 2025"
Mauricio Rua,Paul Craig,26.0,11.0,0.0,185.42,92.97,193.04,3.51,52.0,4.13,55.0,1.74,43.0,46.0,0.29,11.0,4.0,0.0,191.77,92.97,193.04,1.91,46.0,2.82,46.0,1.74,19.0,50.0,1.49,0.0,"November 16, 2019"
Mauricio Rua,Paul Craig,27.0,11.0,1.0,185.42,92.97,193.04,3.51,52.0,4.13,55.0,1.74,43.0,46.0,0.29,13.0,4.0,1.0,191.77,92.97,193.04,1.91,46.0,2.82,46.0,1.74,19.0,50.0,1.49,0.0,"November 21, 2020"
Johnny Walker,Ion Cutelaba,18.0,7.0,0.0,198.12,100.68,208.28,3.45,59.0,2.78,42.0,0.23,100.0,63.0,0.69,16.0,7.0,1.0,185.42,92.97,190.5,4.81,42.0,3.39,48.0,4.75,63.0,79.0,0.0,1.0,"September 10, 2022"
Ryan Spann,Ion Cutelaba,21.0,7.0,0.0,195.58,93.42,200.66,3.43,45.0,3.54,47.0,1.58,38.0,60.0,1.58,16.0,6.0,1.0,185.42,92.97,190.5,4.91,43.0,3.43,48.0,4.39,60.0,79.0,0.0,1.0,"May 14, 2022"
Magomed Ankalaev,Ion Cutelaba,13.0,1.0,0.0,190.5,92.97,190.5,3.46,57.0,1.24,68.0,0.68,33.0,86.0,0.0,15.0,5.0,0.0,185.42,92.97,190.5,5.24,39.0,3.21,49.0,1.64,67.0,80.0,0.0,1.0,"October 24, 2020"
Kennedy Nzechukwu,Ion Cutelaba,10.0,3.0,0.0,195.58,92.97,210.82,4.68,44.0,4.36,52.0,0.79,63.0,81.0,0.16,16.0,8.0,1.0,185.42,95.69,190.5,4.61,42.0,3.26,48.0,4.68,63.0,77.0,0.0,1.0,"November 19, 2022"
Vinicius Moreira,Paul Craig,9.0,2.0,0.0,193.04,92.97,,2.8,52.0,16.02,41.0,0.0,0.0,,0.0,11.0,4.0,0.0,191.77,92.97,193.04,1.91,46.0,2.82,46.0,1.74,19.0,50.0,1.49,0.0,"September 21, 2019"
Tanner Boser,Ion Cutelaba,20.0,9.0,1.0,187.96,103.85,191.77,4.21,52.0,2.2,63.0,0.0,,65.0,0.0,16.0,9.0,1.0,185.42,93.42,190.5,4.43,42.0,3.3,48.0,4.7,58.0,77.0,0.0,0.0,"April 15, 2023"
Modestas Bukauskas,Rafael Cerqueira,16.0,6.0,0.0,190.5,98.41,193.04,3.21,42.0,4.11,50.0,0.38,67.0,71.0,0.19,11.0,1.0,0.0,190.5,92.06,,1.18,100.0,32.94,22.0,0.0,,,0.0,1.0,"February 22, 2025"
Glover Teixeira,Ion Cutelaba,28.0,7.0,0.0,187.96,92.97,193.04,3.46,43.0,3.65,56.0,2.21,46.0,61.0,0.86,14.0,3.0,0.0,185.42,92.97,190.5,4.62,35.0,3.16,49.0,1.95,67.0,69.0,0.0,1.0,"April 27, 2019"
Modestas Bukauskas,Marcin Prachnio,15.0,6.0,0.0,,,,,,,,,,,,17.0,7.0,0.0,190.5,99.77,187.96,5.61,55.0,3.3,55.0,0.17,20.0,58.0,0.0,1.0,"July 27, 2024"
Julius Walker,Rafael Cerqueira,6.0,1.0,0.0,193.04,92.97,198.12,5.73,50.0,5.8,41.0,1.0,11.0,100.0,0.0,11.0,2.0,0.0,190.5,92.52,193.04,3.28,43.0,14.43,43.0,0.0,,,0.0,1.0,"August 09, 2025"
Jimmy Crute,Marcin Prachnio,10.0,0.0,0.0,,,187.96,,,,,1.01,,,,17.0,8.0,0.0,190.5,100.0,187.96,5.57,54.0,3.24,54.0,0.15,20.0,54.0,0.0,1.0,"July 19, 2025"
Ibo Aslan,Rafael Cerqueira,13.0,1.0,0.0,190.5,99.77,196.85,6.83,45.0,4.53,65.0,0.0,,100.0,0.0,11.0,0.0,0.0,190.5,92.97,,,,,,,,,,1.0,"October 26, 2024"
Vitor Petrino,Marcin Prachnio,8.0,0.0,0.0,187.96,92.52,196.85,3.43,49.0,2.16,48.0,4.45,78.0,67.0,0.64,16.0,6.0,0.0,190.5,92.97,187.96,5.7,54.0,3.26,55.0,0.0,0.0,63.0,0.0,1.0,"July 08, 2023"
William Knight,Marcin Prachnio,11.0,4.0,0.0,177.8,92.97,185.42,2.95,59.0,2.99,33.0,2.07,45.0,48.0,0.48,15.0,6.0,0.0,190.5,92.97,187.96,5.84,54.0,4.15,54.0,0.0,0.0,54.0,0.0,0.0,"February 18, 2023"
Devin Clark,Marcin Prachnio,14.0,8.0,0.0,182.88,92.97,190.5,2.99,56.0,2.95,44.0,2.35,34.0,61.0,0.08,16.0,7.0,0.0,190.5,99.77,187.96,5.39,55.0,3.25,54.0,0.0,0.0,55.0,0.0,0.0,"February 10, 2024"
Modestas Bukauskas,Michal Oleksiejczuk,11.0,3.0,0.0,190.5,92.97,198.12,3.56,38.0,5.7,43.0,0.0,,100.0,0.0,14.0,4.0,0.0,182.88,92.97,187.96,4.83,56.0,2.91,69.0,1.05,67.0,36.0,0.0,0.0,"March 27, 2021"
Gerald Meerschaert,Michal Oleksiejczuk,37.0,18.0,0.0,185.42,91.61,196.85,3.1,46.0,3.45,53.0,2.01,35.0,43.0,1.52,20.0,9.0,0.0,182.88,84.35,187.96,5.08,51.0,4.61,59.0,1.08,44.0,48.0,0.0,0.0,"August 16, 2025"
Kevin Holland,Michal Oleksiejczuk,25.0,11.0,0.0,190.5,77.1,205.74,4.24,49.0,3.19,51.0,0.85,39.0,55.0,0.55,19.0,7.0,0.0,182.88,88.62,187.96,5.06,51.0,4.26,61.0,0.75,44.0,48.0,0.0,1.0,"June 01, 2024"
Jimmy Crute,Michal Oleksiejczuk,10.0,0.0,0.0,,,187.96,,,,,1.01,,,,14.0,2.0,0.0,182.88,92.97,187.96,5.43,59.0,3.68,70.0,1.81,67.0,,0.0,1.0,"February 22, 2020"
Dustin Jacoby,Michal Oleksiejczuk,15.0,5.0,1.0,190.5,92.34,193.04,5.2,49.0,3.63,59.0,0.3,40.0,59.0,0.0,16.0,4.0,0.0,182.88,93.42,187.96,4.8,53.0,3.74,65.0,0.64,40.0,47.0,0.0,1.0,"March 05, 2022"
Michel Pereira,Michal Oleksiejczuk,28.0,11.0,0.0,185.42,83.9,185.42,5.09,54.0,3.74,58.0,1.56,55.0,94.0,0.57,19.0,6.0,0.0,182.88,88.62,187.96,5.12,51.0,4.17,62.0,0.76,44.0,48.0,0.0,1.0,"March 09, 2024"
Shara Magomedov,Michal Oleksiejczuk,12.0,0.0,0.0,,,,,,,,,,,,19.0,7.0,0.0,182.88,88.62,187.96,5.06,51.0,4.26,61.0,0.75,44.0,48.0,0.0,1.0,"August 03, 2024"
Sedriques Dumas,Michal Oleksiejczuk,10.0,2.0,0.0,187.96,83.9,200.66,2.15,49.0,2.03,59.0,1.31,36.0,40.0,0.26,19.0,9.0,0.0,182.88,89.71,187.96,5.08,51.0,4.61,59.0,1.08,44.0,48.0,0.0,0.0,"April 12, 2025"
Caio Borralho,Michal Oleksiejczuk,13.0,1.0,0.0,177.8,84.35,190.5,2.36,62.0,1.6,61.0,2.23,75.0,50.0,0.49,18.0,5.0,0.0,182.88,84.35,187.96,4.94,50.0,3.98,65.0,0.67,43.0,43.0,0.0,1.0,"April 29, 2023"
Cody Brundage,Michal Oleksiejczuk,8.0,2.0,0.0,182.88,90.7,182.88,2.65,54.0,2.65,52.0,1.81,30.0,69.0,1.2,17.0,5.0,0.0,182.88,91.61,187.96,4.95,50.0,4.19,65.0,0.7,43.0,50.0,0.0,0.0,"December 17, 2022"
Sam Alvey,Michal Oleksiejczuk,33.0,17.0,1.0,187.96,92.97,191.77,3.3,45.0,3.57,53.0,0.07,17.0,82.0,0.07,16.0,5.0,0.0,182.88,93.42,187.96,4.75,50.0,4.27,64.0,0.73,43.0,47.0,0.0,0.0,"August 06, 2022"
Shamil Gamzatov,Michal Oleksiejczuk,14.0,0.0,0.0,187.96,100.23,193.04,4.27,46.0,2.13,59.0,0.0,0.0,50.0,0.0,15.0,4.0,0.0,182.88,92.97,187.96,4.83,56.0,2.91,69.0,1.05,67.0,36.0,0.0,0.0,"October 30, 2021"
Alex Pereira,Andreas Michailidis,0.0,0.0,0.0,193.04,84.26,200.66,,,,,,,,,13.0,4.0,0.0,182.88,83.9,193.04,,,,,,,,,1.0,"November 06, 2021"
Chidi Njokuani,Michal Oleksiejczuk,22.0,9.0,0.0,190.5,88.16,203.2,3.82,62.0,2.62,56.0,0.0,0.0,70.0,0.28,18.0,6.0,0.0,182.88,88.62,187.96,4.82,50.0,4.02,63.0,0.6,38.0,45.0,0.0,0.0,"August 26, 2023"
Rinat Fakhretdinov,Andreas Michailidis,0.0,0.0,0.0,,,,,,,,,,,,13.0,5.0,0.0,182.88,83.9,193.04,3.91,51.0,3.91,50.0,1.78,33.0,,0.0,1.0,"June 04, 2022"
Bolaji Oki,Mason Jones,10.0,2.0,0.0,177.8,70.52,185.42,7.05,45.0,4.76,62.0,1.24,75.0,86.0,0.0,12.0,2.0,0.0,177.8,70.52,187.96,5.56,42.0,4.46,49.0,4.24,53.0,80.0,0.0,0.0,"September 06, 2025"
Jeremy Stephens,Mason Jones,28.0,19.0,0.0,173.99,75.74,180.34,3.17,41.0,3.05,58.0,1.16,38.0,65.0,0.39,11.0,2.0,0.0,177.8,70.52,187.96,5.61,44.0,4.94,46.0,3.16,46.0,80.0,0.0,0.0,"May 03, 2025"
Alan Patrick,Mason Jones,15.0,3.0,0.0,177.8,70.29,187.96,1.88,43.0,2.39,46.0,3.92,,67.0,0.36,10.0,1.0,0.0,177.8,70.29,187.96,,,,,,,,,0.0,"June 05, 2021"
Bolaji Oki,Chris Duncan,9.0,2.0,0.0,,,,,,,,,,,,11.0,2.0,0.0,177.8,80.0,181.61,4.88,47.0,3.65,49.0,3.85,38.0,33.0,0.0,0.0,"September 28, 2024"
Bolaji Oki,Michael Aswell,9.0,2.0,0.0,177.8,70.75,185.42,5.63,46.0,2.58,64.0,2.11,75.0,86.0,0.0,10.0,2.0,0.0,172.72,70.29,175.26,10.33,50.0,6.8,53.0,0.0,,57.0,0.0,1.0,"May 31, 2025"
Jordan Vucenic,Chris Duncan,13.0,3.0,0.0,179.07,70.29,185.42,2.27,40.0,2.0,56.0,0.0,0.0,75.0,0.0,12.0,2.0,0.0,177.8,78.59,181.61,4.7,47.0,4.0,49.0,3.53,37.0,33.0,0.35,0.0,"March 22, 2025"
Manuel Torres,Chris Duncan,14.0,2.0,0.0,177.8,75.15,186.69,9.66,59.0,3.76,57.0,0.0,0.0,100.0,0.0,11.0,1.0,0.0,177.8,80.0,181.61,5.08,47.0,3.74,50.0,3.63,39.0,100.0,0.0,1.0,"February 24, 2024"
Axel Sola,Rhys McKee,10.0,0.0,1.0,,,,,,,,,,,,14.0,6.0,1.0,187.96,77.55,198.12,5.16,44.0,7.92,46.0,0.0,0.0,41.0,0.0,1.0,"September 06, 2025"
Mateusz Rebecki,Chris Duncan,20.0,2.0,0.0,170.18,72.56,167.64,4.7,49.0,4.13,55.0,3.84,75.0,45.0,0.77,13.0,2.0,0.0,177.8,70.29,181.61,4.2,46.0,3.63,48.0,4.1,44.0,38.0,0.59,0.0,"August 02, 2025"
Ange Loosa,Rhys McKee,9.0,3.0,0.0,177.8,86.17,187.96,6.24,45.0,7.47,50.0,1.0,30.0,100.0,0.33,13.0,4.0,0.0,187.96,81.18,198.12,6.83,54.0,11.9,44.0,0.0,0.0,20.0,0.0,1.0,"September 02, 2023"
Chidi Njokuani,Rhys McKee,22.0,10.0,0.0,190.5,88.16,203.2,4.04,61.0,3.19,53.0,0.0,0.0,68.0,0.26,13.0,5.0,0.0,187.96,81.18,198.12,6.06,49.0,9.47,44.0,0.0,0.0,33.0,0.0,1.0,"March 30, 2024"
Alex Morono,Rhys McKee,17.0,6.0,0.0,180.34,77.1,182.88,4.42,40.0,3.1,61.0,0.0,0.0,35.0,0.56,0.0,1.0,0.0,,,,,,,,,,,,1.0,"November 14, 2020"
Oumar Sy,Brendson Ribeiro,11.0,1.0,0.0,193.04,93.42,210.82,3.68,50.0,1.81,71.0,2.22,33.0,100.0,0.44,17.0,8.0,0.0,190.5,92.97,205.74,3.26,43.0,4.04,52.0,0.99,43.0,,0.66,1.0,"September 06, 2025"
Azamat Murzakanov,Brendson Ribeiro,14.0,0.0,0.0,177.8,92.97,181.61,4.72,56.0,2.9,62.0,0.62,15.0,83.0,0.0,16.0,7.0,0.0,190.5,92.97,205.74,3.16,42.0,3.92,55.0,1.27,50.0,,0.42,1.0,"June 07, 2025"
Diyar Nurgozhay,Brendson Ribeiro,1.0,0.0,0.0,,,,,,,,0.0,,,,16.0,7.0,0.0,190.5,92.97,205.74,3.16,42.0,3.92,55.0,1.27,50.0,,0.42,0.0,"March 15, 2025"
Zhang Mingyang,Brendson Ribeiro,16.0,6.0,0.0,187.96,99.23,,8.86,56.0,5.57,59.0,0.0,,,0.0,15.0,5.0,0.0,190.5,97.96,205.74,8.46,46.0,5.29,65.0,0.0,,,0.0,1.0,"February 17, 2024"
Magomed Gadzhiyasulov,Brendson Ribeiro,1.0,0.0,0.0,,,,,,,,,,,,15.0,6.0,0.0,190.5,93.2,205.74,8.41,46.0,6.77,56.0,0.0,,,0.0,1.0,"June 22, 2024"
Oumar Sy,Da Woon Jung,10.0,0.0,0.0,193.04,98.0,210.82,0.0,0.0,0.81,25.0,8.07,67.0,,4.04,15.0,4.0,1.0,193.04,92.97,199.39,3.49,44.0,3.89,52.0,1.9,50.0,77.0,0.19,1.0,"September 28, 2024"
Caio Machado,Brendson Ribeiro,8.0,3.0,1.0,193.04,116.92,198.12,6.07,59.0,2.73,64.0,0.0,0.0,82.0,0.0,15.0,6.0,0.0,190.5,93.2,205.74,8.41,46.0,6.77,56.0,0.0,,,0.0,0.0,"November 02, 2024"
Carlos Ulberg,Da Woon Jung,9.0,1.0,0.0,193.04,92.74,195.58,8.13,62.0,3.45,53.0,0.92,100.0,100.0,0.0,15.0,4.0,1.0,193.04,92.97,199.39,3.39,43.0,3.53,53.0,2.1,50.0,80.0,0.23,1.0,"September 09, 2023"
Oumar Sy,Tuco Tokkos,9.0,0.0,0.0,193.04,92.97,,,,,,,,,,0.0,1.0,0.0,,93.42,,5.57,41.0,8.86,44.0,3.8,100.0,,0.0,1.0,"May 18, 2024"
Junior Tafa,Tuco Tokkos,6.0,3.0,0.0,190.5,109.3,190.5,3.36,49.0,2.84,52.0,0.0,,78.0,0.0,10.0,5.0,0.0,193.04,93.42,193.04,2.51,39.0,4.99,48.0,2.65,40.0,33.0,0.0,0.0,"July 12, 2025"
William Gomis,Robert Ruchala,14.0,3.0,0.0,182.88,66.21,185.42,3.53,52.0,2.86,61.0,0.62,27.0,74.0,0.41,0.0,0.0,0.0,,,,,,,,,,,,1.0,"September 06, 2025"
Pat Sabatini,Joanderson Brito,19.0,5.0,0.0,172.72,71.84,177.8,1.94,60.0,1.47,49.0,3.97,44.0,50.0,1.99,17.0,4.0,1.0,172.72,74.97,182.88,3.02,50.0,2.7,45.0,3.08,68.0,73.0,0.95,1.0,"April 05, 2025"
William Gomis,Joanderson Brito,13.0,2.0,0.0,182.88,71.66,185.42,2.62,47.0,1.49,76.0,1.06,60.0,82.0,0.71,17.0,3.0,1.0,172.72,75.96,182.88,3.35,52.0,2.65,46.0,3.11,77.0,63.0,0.62,1.0,"September 28, 2024"
Navajo Stirling,Tuco Tokkos,1.0,0.0,0.0,,93.42,,7.07,68.0,3.4,49.0,0.0,0.0,100.0,0.0,10.0,4.0,0.0,,,193.04,,,,,1.96,,,,1.0,"December 14, 2024"
Jonathan Pearce,Joanderson Brito,14.0,4.0,0.0,182.88,70.29,180.34,6.11,56.0,3.66,56.0,5.74,56.0,59.0,0.85,15.0,3.0,1.0,172.72,73.47,182.88,4.02,53.0,2.92,51.0,3.89,73.0,,0.49,0.0,"November 18, 2023"
Jack Shore,Joanderson Brito,17.0,1.0,0.0,172.72,66.21,180.34,3.84,59.0,2.2,58.0,3.42,40.0,79.0,0.72,16.0,3.0,1.0,172.72,73.47,182.88,3.32,52.0,2.62,48.0,3.4,75.0,50.0,0.76,0.0,"May 04, 2024"
Payton Talbott,Yanis Ghemmouri,8.0,0.0,0.0,177.8,61.68,179.07,8.05,54.0,3.58,51.0,0.0,0.0,90.0,0.48,12.0,2.0,0.0,,,,,,,,,,,,1.0,"June 29, 2024"
Bill Algeo,Joanderson Brito,14.0,6.0,0.0,182.88,65.76,185.42,6.37,54.0,4.87,40.0,0.5,29.0,56.0,0.0,1.0,0.0,0.0,172.72,65.99,182.88,4.31,59.0,1.96,50.0,4.41,75.0,,0.0,1.0,"January 15, 2022"
Andre Fili,Joanderson Brito,21.0,8.0,0.0,180.34,65.99,187.96,3.8,37.0,3.86,52.0,2.5,50.0,68.0,0.16,12.0,3.0,1.0,172.72,65.99,182.88,3.33,47.0,3.13,50.0,2.98,63.0,,0.0,0.0,"April 30, 2022"
SeungWoo Choi,Jarno Errens,10.0,6.0,0.0,182.88,74.2,189.23,3.43,37.0,3.19,45.0,0.85,50.0,67.0,0.0,13.0,4.0,1.0,180.34,73.61,185.42,1.33,38.0,2.13,54.0,0.0,0.0,40.0,1.0,1.0,"August 26, 2023"
Youssef Zalal,Jarno Errens,14.0,5.0,1.0,177.8,61.45,182.88,2.88,49.0,1.73,66.0,2.28,34.0,61.0,1.34,14.0,5.0,1.0,180.34,73.61,185.42,3.44,46.0,3.36,63.0,0.0,0.0,29.0,0.33,1.0,"August 10, 2024"
William Gomis,Yanis Ghemmouri,12.0,2.0,0.0,182.88,75.28,185.42,1.97,40.0,1.17,81.0,1.5,60.0,71.0,0.0,12.0,1.0,0.0,,70.29,,,,,,,,,,1.0,"September 02, 2023"
Marcin Tybura,Mick Parkin,26.0,9.0,0.0,190.5,113.83,198.12,3.57,49.0,3.26,55.0,1.42,33.0,77.0,0.13,10.0,0.0,0.0,193.04,120.18,200.66,4.91,53.0,4.15,58.0,1.49,42.0,50.0,0.3,1.0,"March 22, 2025"
Austen Lane,Jhonata Diniz,12.0,4.0,0.0,198.12,111.34,203.2,4.48,47.0,2.85,49.0,0.0,0.0,,0.0,6.0,0.0,0.0,193.04,115.19,201.93,7.69,42.0,7.38,37.0,0.0,,100.0,0.0,0.0,"April 27, 2024"
Marcin Tybura,Ante Delija,27.0,9.0,0.0,190.5,113.38,198.12,3.6,49.0,3.31,55.0,1.39,34.0,75.0,0.12,17.0,3.0,0.0,193.04,110.2,200.66,,,,,,,,,0.0,"September 06, 2025"
Marcin Tybura,Serghei Spivac,25.0,8.0,0.0,190.5,113.38,198.12,3.6,49.0,3.35,55.0,1.43,33.0,79.0,0.14,16.0,3.0,0.0,190.5,117.91,198.12,3.54,49.0,3.79,50.0,4.56,64.0,70.0,0.51,0.0,"August 10, 2024"
Mohammed Usman,Mick Parkin,11.0,2.0,0.0,187.96,108.62,200.66,2.92,40.0,3.96,52.0,1.26,19.0,,0.0,8.0,0.0,0.0,193.04,120.18,200.66,4.41,53.0,4.01,56.0,2.35,42.0,50.0,0.47,0.0,"March 23, 2024"
Marcin Tybura,Serghei Spivac,17.0,5.0,0.0,,,198.12,,,,,1.61,,,,9.0,1.0,0.0,190.5,117.91,198.12,,,,,,,,,1.0,"February 29, 2020"
Jailton Almeida,Serghei Spivac,21.0,3.0,0.0,190.5,112.47,200.66,2.46,64.0,0.72,40.0,6.85,59.0,75.0,2.6,17.0,4.0,0.0,190.5,117.91,198.12,3.51,50.0,3.72,50.0,4.63,65.0,70.0,0.66,1.0,"January 18, 2025"
Ciryl Gane,Serghei Spivac,11.0,2.0,0.0,193.04,116.1,205.74,5.08,60.0,2.25,63.0,0.61,21.0,45.0,0.51,16.0,3.0,0.0,190.5,117.23,198.12,3.79,51.0,2.84,56.0,5.05,66.0,70.0,0.56,1.0,"September 02, 2023"
Marcin Tybura,Jhonata Diniz,25.0,9.0,0.0,190.5,114.29,198.12,3.57,49.0,3.34,55.0,1.42,33.0,77.0,0.13,8.0,0.0,0.0,193.04,117.91,201.93,4.09,53.0,2.75,56.0,0.0,,70.0,0.0,1.0,"November 16, 2024"
Tai Tuivasa,Serghei Spivac,10.0,1.0,0.0,187.96,119.73,190.5,4.42,52.0,3.06,59.0,0.0,0.0,100.0,0.0,9.0,0.0,0.0,190.5,117.91,,,,,,,,,,0.0,"October 05, 2019"
Tom Aspinall,Serghei Spivac,10.0,2.0,0.0,195.58,114.74,198.12,7.43,66.0,3.06,66.0,3.54,100.0,,1.77,13.0,2.0,0.0,190.5,117.91,198.12,,,,,,,,,1.0,"September 04, 2021"
Derrick Lewis,Serghei Spivac,26.0,10.0,0.0,190.5,125.17,200.66,2.57,51.0,2.57,41.0,0.6,28.0,55.0,0.0,15.0,3.0,0.0,190.5,113.38,198.12,3.79,51.0,2.96,55.0,4.09,64.0,70.0,0.39,0.0,"February 04, 2023"
Augusto Sakai,Serghei Spivac,15.0,4.0,1.0,,,,,,,,,,,,14.0,3.0,0.0,190.5,110.43,198.12,3.79,50.0,3.22,55.0,3.29,60.0,70.0,0.22,0.0,"August 06, 2022"
Marcin Tybura,Blagoy Ivanov,23.0,7.0,0.0,190.5,114.51,198.12,3.61,49.0,3.38,55.0,1.42,33.0,79.0,0.07,19.0,4.0,0.0,180.34,114.97,185.42,3.44,42.0,4.21,54.0,0.9,40.0,78.0,0.15,1.0,"February 04, 2023"
Aleksei Oleinik,Serghei Spivac,59.0,15.0,1.0,187.96,106.58,203.2,3.47,51.0,3.85,44.0,2.38,46.0,33.0,2.38,12.0,2.0,0.0,190.5,117.91,198.12,,,,,,,,,0.0,"June 19, 2021"
Carlos Felipe,Serghei Spivac,,,,182.88,111.11,,,,,,,,,,10.0,2.0,0.0,190.5,117.91,198.12,,,,,,,,,0.0,"July 18, 2020"
Alexandr Romanov,Blagoy Ivanov,16.0,2.0,0.0,187.96,119.95,190.5,3.62,51.0,2.0,46.0,4.96,53.0,20.0,1.1,19.0,5.0,0.0,180.34,116.33,185.42,3.29,40.0,4.01,55.0,0.78,40.0,70.0,0.13,1.0,"July 01, 2023"
Derrick Lewis,Blagoy Ivanov,21.0,7.0,0.0,190.5,117.91,200.66,2.69,50.0,2.38,44.0,0.47,24.0,53.0,0.0,17.0,2.0,0.0,180.34,113.38,185.42,3.56,37.0,4.44,56.0,0.55,100.0,100.0,0.0,1.0,"November 02, 2019"
Tai Tuivasa,Blagoy Ivanov,10.0,1.0,0.0,187.96,119.73,190.5,4.42,52.0,3.06,59.0,0.0,0.0,100.0,0.0,17.0,2.0,0.0,180.34,113.38,185.42,3.08,30.0,4.5,56.0,0.0,,100.0,0.0,0.0,"June 08, 2019"
Alexander Volkov,Alexandr Romanov,35.0,10.0,0.0,200.66,117.91,203.2,4.88,57.0,3.04,54.0,0.51,70.0,72.0,0.15,16.0,1.0,0.0,187.96,120.63,190.5,3.78,51.0,1.86,48.0,5.18,62.0,20.0,1.15,1.0,"March 11, 2023"
Jailton Almeida,Alexandr Romanov,20.0,3.0,0.0,190.5,109.3,200.66,2.54,65.0,0.74,41.0,6.88,60.0,75.0,2.21,17.0,2.0,0.0,187.96,119.73,190.5,4.06,52.0,2.2,51.0,4.32,54.0,20.0,0.86,1.0,"June 01, 2024"
Marcin Tybura,Greg Hardy,20.0,6.0,0.0,190.5,112.93,198.12,3.6,53.0,2.99,52.0,1.61,61.0,79.0,0.15,8.0,2.0,0.0,195.58,120.18,203.2,3.88,45.0,2.41,64.0,0.0,,67.0,0.0,1.0,"December 19, 2020"
Marcin Tybura,Alexandr Romanov,22.0,7.0,0.0,190.5,112.93,198.12,3.65,49.0,3.44,55.0,1.54,33.0,82.0,0.08,16.0,0.0,0.0,187.96,107.26,190.5,4.23,53.0,1.35,44.0,6.46,70.0,20.0,1.62,1.0,"August 20, 2022"
Serghei Spivac,Greg Hardy,13.0,3.0,0.0,190.5,117.91,198.12,3.71,49.0,3.22,55.0,2.72,57.0,70.0,0.23,9.0,4.0,0.0,195.58,120.18,203.2,4.84,50.0,3.22,56.0,0.2,33.0,80.0,0.0,1.0,"March 05, 2022"
Alexander Volkov,Greg Hardy,30.0,7.0,0.0,200.66,113.38,203.2,6.28,60.0,3.35,57.0,1.2,75.0,75.0,0.0,4.0,1.0,0.0,195.58,120.18,203.2,3.88,45.0,2.41,64.0,0.0,,67.0,0.0,1.0,"November 09, 2019"
Maurice Greene,Greg Hardy,9.0,5.0,0.0,200.66,117.01,208.28,4.58,45.0,3.83,54.0,0.0,,67.0,0.87,8.0,2.0,0.0,195.58,120.18,203.2,3.88,45.0,2.41,64.0,0.0,,67.0,0.0,0.0,"October 31, 2020"
Philipe Lins,Maxim Grishin,15.0,5.0,0.0,187.96,95.69,198.12,3.4,49.0,4.25,44.0,1.84,36.0,100.0,0.0,32.0,9.0,2.0,190.5,93.42,198.12,3.4,53.0,2.07,59.0,0.27,33.0,67.0,0.0,1.0,"June 03, 2023"
Dustin Jacoby,Maxim Grishin,13.0,5.0,0.0,193.04,92.97,193.04,1.84,24.0,3.52,62.0,0.0,,29.0,0.0,31.0,8.0,2.0,190.5,92.97,198.12,,,,,,,,,1.0,"February 27, 2021"
William Knight,Maxim Grishin,10.0,2.0,0.0,177.8,92.97,185.42,3.58,66.0,2.72,37.0,2.05,47.0,45.0,0.23,31.0,9.0,2.0,190.5,92.97,198.12,,,,,,,,,0.0,"February 12, 2022"
Gadzhimurad Antigulov,Maxim Grishin,20.0,7.0,0.0,180.34,92.97,179.07,1.78,54.0,5.45,22.0,9.51,50.0,,3.81,30.0,8.0,2.0,190.5,92.97,198.12,,,,,,,,,0.0,"October 17, 2020"
Jairzinho Rozenstruik,Augusto Sakai,11.0,2.0,0.0,193.04,109.75,198.12,3.14,49.0,3.48,39.0,0.0,,80.0,0.0,15.0,2.0,1.0,190.5,120.18,195.58,5.32,48.0,4.02,50.0,0.15,50.0,67.0,0.0,1.0,"June 05, 2021"
Blagoy Ivanov,Augusto Sakai,18.0,2.0,0.0,,,185.42,,,,,0.55,,,,13.0,1.0,1.0,,,195.58,,,,,1.07,,,,0.0,"May 30, 2020"
Tai Tuivasa,Greg Hardy,12.0,3.0,0.0,187.96,119.73,190.5,4.42,52.0,3.06,59.0,0.0,0.0,100.0,0.0,7.0,2.0,0.0,195.58,120.18,204.47,3.88,45.0,2.41,64.0,0.0,,67.0,0.0,1.0,"July 10, 2021"
Andrei Arlovski,Augusto Sakai,27.0,17.0,0.0,190.5,108.84,195.58,3.08,42.0,3.0,59.0,0.56,36.0,79.0,0.31,11.0,1.0,1.0,193.04,120.18,,7.9,51.0,11.17,58.0,1.07,100.0,89.0,0.0,0.0,"April 27, 2019"
Marcin Tybura,Augusto Sakai,17.0,4.0,0.0,190.5,112.93,198.12,3.6,53.0,2.99,52.0,1.61,61.0,79.0,0.15,12.0,1.0,1.0,193.04,120.18,,7.9,51.0,11.17,58.0,1.07,100.0,89.0,0.0,0.0,"September 14, 2019"
Alistair Overeem,Augusto Sakai,46.0,18.0,0.0,193.04,117.91,203.2,3.65,73.0,4.69,60.0,0.6,25.0,73.0,0.3,15.0,1.0,1.0,190.5,120.18,195.58,5.46,46.0,6.75,55.0,0.33,50.0,83.0,0.0,1.0,"September 05, 2020"
Marcin Tybura,Shamil Abdurakhimov,17.0,4.0,0.0,190.5,112.93,198.12,3.6,53.0,2.99,52.0,1.61,61.0,79.0,0.15,19.0,4.0,0.0,190.5,106.58,193.04,2.44,46.0,2.24,60.0,1.5,27.0,67.0,0.21,0.0,"April 20, 2019"
Harry Hardwick,Kaue Fernandes,13.0,3.0,1.0,177.8,70.29,,,,,,,,,,10.0,2.0,0.0,175.26,70.29,185.42,0.41,50.0,5.7,29.0,0.0,,,0.0,0.0,"September 06, 2025"
Curtis Blaydes,Shamil Abdurakhimov,11.0,2.0,0.0,193.04,120.18,203.2,3.71,51.0,2.03,55.0,6.79,57.0,25.0,0.0,20.0,4.0,0.0,190.5,106.58,193.04,2.44,46.0,2.24,60.0,1.5,27.0,67.0,0.21,1.0,"September 07, 2019"
Mohammad Yahya,Kaue Fernandes,12.0,4.0,0.0,,,,,,,,,,,,8.0,2.0,0.0,,,,,,,,,,,,0.0,"August 03, 2024"
Bryan Battle,Rinat Fakhretdinov,9.0,1.0,0.0,185.42,86.17,195.58,7.18,57.0,4.53,42.0,1.31,22.0,56.0,0.65,1.0,0.0,0.0,182.88,77.32,187.96,3.0,74.0,1.2,45.0,5.0,50.0,100.0,0.0,0.0,"December 17, 2022"
Andreas Gustafsson,Rinat Fakhretdinov,12.0,2.0,0.0,185.42,77.1,186.69,5.83,77.0,2.79,46.0,6.43,59.0,100.0,0.0,23.0,1.0,1.0,182.88,77.55,187.96,4.78,53.0,3.58,54.0,3.95,34.0,92.0,0.2,0.0,"September 06, 2025"
Guram Kutateladze,Kaue Fernandes,13.0,4.0,0.0,180.34,74.47,182.88,3.95,46.0,3.95,57.0,0.77,20.0,79.0,0.0,9.0,2.0,0.0,,,185.42,,,,,0.0,,,,0.0,"March 22, 2025"
Sam Patterson,Trey Waters,13.0,2.0,1.0,190.5,77.32,198.12,3.17,41.0,3.6,49.0,1.61,100.0,33.0,3.23,9.0,1.0,0.0,195.58,77.1,195.58,6.43,44.0,5.61,57.0,0.44,33.0,86.0,0.88,1.0,"September 06, 2025"
Kevin Lee,Rinat Fakhretdinov,18.0,7.0,0.0,177.8,77.32,195.58,3.89,42.0,3.56,50.0,3.19,43.0,75.0,0.76,20.0,1.0,0.0,182.88,77.55,187.96,2.93,68.0,0.7,57.0,6.0,63.0,100.0,0.0,0.0,"July 01, 2023"
Taiyilake Nueraji,Kiefer Crosbie,11.0,1.0,0.0,187.96,77.32,190.5,11.01,49.0,7.39,59.0,0.0,,,0.0,10.0,5.0,0.0,180.34,83.49,177.8,6.61,52.0,6.49,51.0,0.69,40.0,100.0,0.34,1.0,"August 23, 2025"
Sam Patterson,Kiefer Crosbie,11.0,2.0,1.0,190.5,81.63,198.12,2.54,39.0,3.41,49.0,1.19,100.0,33.0,3.57,10.0,4.0,0.0,180.29,84.35,,8.23,56.0,5.1,53.0,1.51,67.0,100.0,0.76,1.0,"July 27, 2024"
Chris Duncan,Yanal Ashmouz,10.0,1.0,0.0,177.8,70.75,181.61,4.69,53.0,4.69,42.0,4.73,37.0,,0.0,7.0,0.0,0.0,175.26,70.29,175.26,12.0,75.0,1.6,71.0,12.0,100.0,,0.0,1.0,"July 22, 2023"
Trevor Peek,Yanal Ashmouz,9.0,2.0,0.0,175.26,75.28,177.8,4.58,55.0,4.17,45.0,1.82,54.0,54.0,0.0,7.0,1.0,0.0,175.26,79.82,175.26,3.08,42.0,5.35,59.0,0.92,50.0,50.0,0.0,0.0,"September 07, 2024"
Brad Tavares,Gerald Meerschaert,20.0,11.0,0.0,185.42,83.9,187.96,3.43,43.0,3.31,55.0,0.74,27.0,81.0,0.0,37.0,18.0,0.0,185.42,91.61,196.85,3.1,46.0,3.45,53.0,2.01,35.0,43.0,1.52,1.0,"April 05, 2025"
Brad Tavares,Robert Bryczek,21.0,11.0,0.0,,,,,,,,,,,,17.0,6.0,0.0,182.88,84.13,190.5,2.13,24.0,4.47,60.0,0.0,,100.0,0.0,0.0,"September 06, 2025"
Quillan Salkilld,Yanal Ashmouz,8.0,1.0,0.0,182.88,70.75,190.5,5.68,57.0,4.18,44.0,8.81,41.0,100.0,0.98,8.0,1.0,0.0,175.26,70.07,172.72,2.94,50.0,4.54,56.0,4.8,50.0,60.0,0.0,1.0,"June 07, 2025"
Eryk Anders,Gerald Meerschaert,11.0,4.0,0.0,185.42,92.97,190.5,2.89,48.0,4.06,49.0,1.73,40.0,75.0,0.14,28.0,11.0,0.0,185.42,83.9,196.85,2.22,47.0,3.0,47.0,3.18,43.0,46.0,2.2,1.0,"October 12, 2019"
Dustin Stoltzfus,Gerald Meerschaert,13.0,3.0,0.0,182.88,83.9,190.5,3.68,42.0,4.0,47.0,0.48,9.0,50.0,0.48,33.0,14.0,0.0,185.42,83.9,196.85,3.41,44.0,3.75,52.0,2.58,40.0,44.0,1.82,0.0,"December 18, 2021"
Andre Petroski,Gerald Meerschaert,9.0,2.0,0.0,182.88,84.35,185.42,3.64,56.0,2.28,53.0,5.43,57.0,75.0,3.39,35.0,16.0,0.0,185.42,90.88,196.85,3.11,44.0,3.47,53.0,2.12,38.0,29.0,1.69,1.0,"August 19, 2023"
Trevin Giles,Gerald Meerschaert,11.0,0.0,0.0,182.88,83.9,187.96,5.45,67.0,1.13,76.0,3.69,100.0,67.0,0.0,28.0,11.0,0.0,185.42,83.9,196.85,2.63,48.0,3.56,47.0,3.64,44.0,50.0,2.43,0.0,"August 03, 2019"
Makhmud Muradov,Gerald Meerschaert,25.0,6.0,0.0,,,,,,,,,,,,32.0,14.0,0.0,,,,,,,,,,,,0.0,"August 28, 2021"
Khamzat Chimaev,Gerald Meerschaert,2.0,0.0,0.0,187.96,83.9,190.5,,,,,,,,,31.0,13.0,0.0,185.42,92.97,196.85,3.31,43.0,3.58,51.0,2.34,44.0,47.0,1.67,1.0,"September 19, 2020"
Edmen Shahbazyan,Gerald Meerschaert,13.0,4.0,0.0,189.23,89.34,190.5,3.6,52.0,4.09,46.0,2.24,39.0,63.0,0.56,36.0,17.0,0.0,185.42,92.52,196.85,3.18,45.0,3.37,54.0,2.17,38.0,34.0,1.63,0.0,"August 24, 2024"
Bartosz Fabinski,Gerald Meerschaert,15.0,4.0,0.0,182.88,86.17,190.5,2.22,70.0,1.35,54.0,7.17,71.0,80.0,0.0,31.0,13.0,0.0,185.42,83.9,196.85,3.31,43.0,3.58,51.0,2.34,44.0,47.0,1.67,0.0,"April 17, 2021"
Krzysztof Jotko,Gerald Meerschaert,23.0,5.0,0.0,185.42,92.88,195.58,2.92,42.0,2.24,57.0,1.15,34.0,84.0,0.08,33.0,14.0,0.0,185.42,83.9,196.85,3.11,45.0,3.43,53.0,2.42,42.0,35.0,2.01,1.0,"April 30, 2022"
Bruno Silva,Gerald Meerschaert,12.0,5.0,2.0,162.56,56.92,165.1,2.98,46.0,3.23,58.0,2.89,31.0,64.0,0.0,34.0,15.0,0.0,185.42,86.26,196.85,3.04,44.0,3.53,52.0,2.25,40.0,29.0,1.77,0.0,"August 13, 2022"
Ian Heinisch,Gerald Meerschaert,13.0,2.0,0.0,,,182.88,,,,,1.25,,,,29.0,11.0,0.0,185.42,83.9,196.85,2.22,47.0,3.0,47.0,3.18,43.0,46.0,2.2,1.0,"June 06, 2020"
Ismail Naurdiev,JunYong Park,24.0,7.0,0.0,182.88,83.9,187.96,3.41,54.0,1.52,67.0,1.6,40.0,73.0,0.2,13.0,4.0,0.0,177.8,83.9,185.42,,,,,,,,,0.0,"June 21, 2025"
Albert Duraev,JunYong Park,16.0,4.0,0.0,180.34,84.35,190.5,2.94,41.0,2.53,64.0,2.07,27.0,50.0,0.69,13.0,4.0,0.0,177.8,83.9,185.42,,,,,,,,,0.0,"July 15, 2023"
Eryk Anders,JunYong Park,14.0,5.0,0.0,185.42,83.9,190.5,3.16,47.0,3.93,51.0,1.44,32.0,74.0,0.1,13.0,4.0,0.0,177.8,83.9,185.42,,,,,,,,,0.0,"May 21, 2022"
Joseph Holmes,JunYong Park,8.0,2.0,0.0,193.04,88.44,203.2,3.31,52.0,2.9,61.0,1.89,38.0,60.0,1.26,13.0,4.0,0.0,177.8,83.9,185.42,,,,,,,,,0.0,"October 29, 2022"
Brad Tavares,JunYong Park,20.0,10.0,0.0,185.42,91.16,187.96,3.38,43.0,3.15,56.0,0.78,27.0,81.0,0.0,13.0,4.0,0.0,177.8,83.9,185.42,,,,,,,,,0.0,"October 12, 2024"
Jared Cannonier,Gregory Rodrigues,17.0,8.0,0.0,180.34,83.45,196.85,4.49,50.0,4.39,57.0,0.42,47.0,63.0,0.0,16.0,5.0,0.0,190.5,83.9,190.5,5.52,56.0,4.69,51.0,2.74,42.0,100.0,0.37,1.0,"February 15, 2025"
Brad Tavares,Gregory Rodrigues,20.0,9.0,0.0,185.42,91.16,187.96,3.38,43.0,3.03,57.0,0.81,27.0,82.0,0.0,14.0,5.0,0.0,190.5,84.35,190.5,5.99,56.0,5.67,51.0,2.4,50.0,100.0,0.53,0.0,"February 10, 2024"
Chidi Njokuani,Gregory Rodrigues,22.0,7.0,0.0,190.5,83.9,203.2,3.76,74.0,1.45,57.0,0.0,0.0,76.0,0.47,12.0,4.0,0.0,190.5,84.13,190.5,6.0,56.0,5.73,54.0,2.4,54.0,100.0,0.68,0.0,"September 17, 2022"
Christian Leroy Duncan,Gregory Rodrigues,10.0,1.0,0.0,187.96,89.34,200.66,5.96,63.0,3.82,51.0,0.45,14.0,50.0,0.0,15.0,5.0,0.0,190.5,84.35,190.5,6.08,56.0,5.3,52.0,2.46,46.0,100.0,0.45,0.0,"July 27, 2024"
JunYong Park,Gregory Rodrigues,13.0,4.0,0.0,177.8,83.9,185.42,,,,,,,,,10.0,3.0,0.0,190.5,83.9,190.5,,,,,,,,,0.0,"October 23, 2021"
Julian Marquez,Gregory Rodrigues,9.0,2.0,0.0,187.96,94.69,182.88,4.2,45.0,3.13,55.0,0.0,0.0,53.0,3.21,11.0,3.0,0.0,190.5,91.16,190.5,5.28,54.0,5.87,52.0,2.59,54.0,100.0,0.74,0.0,"June 18, 2022"
Jack Hermansson,Gregory Rodrigues,24.0,8.0,0.0,185.42,83.9,196.85,5.09,45.0,3.69,56.0,1.53,30.0,81.0,0.38,16.0,6.0,0.0,190.5,83.9,190.5,5.6,53.0,4.95,51.0,2.31,38.0,89.0,0.31,0.0,"June 28, 2025"
Marc-Andre Barriault,Bruno Silva,16.0,9.0,0.0,185.42,83.9,187.96,5.98,48.0,5.58,52.0,0.21,25.0,67.0,0.1,14.0,6.0,2.0,162.56,57.14,165.1,3.54,49.0,4.08,52.0,1.92,25.0,60.0,0.19,1.0,"May 10, 2025"
Ismail Naurdiev,Bruno Silva,19.0,4.0,0.0,182.88,77.1,187.96,3.17,53.0,1.3,68.0,1.25,71.0,70.0,0.25,14.0,5.0,2.0,162.56,57.14,165.1,3.32,49.0,3.14,59.0,2.26,29.0,60.0,0.23,1.0,"October 26, 2024"
Brendan Allen,Bruno Silva,21.0,5.0,0.0,187.96,84.35,190.5,3.85,53.0,3.87,47.0,1.27,47.0,56.0,1.56,13.0,5.0,2.0,162.56,56.92,165.1,3.05,47.0,3.09,59.0,2.57,30.0,64.0,0.26,1.0,"June 24, 2023"
Alex Pereira,Bruno Silva,4.0,1.0,0.0,193.04,84.26,200.66,2.08,61.0,0.57,73.0,0.0,,71.0,0.0,12.0,5.0,2.0,162.56,56.69,165.1,2.6,43.0,3.51,56.0,3.14,30.0,62.0,0.0,1.0,"March 12, 2022"
Wellington Turman,Bruno Silva,16.0,3.0,0.0,182.88,83.9,182.88,,,,,,,,,11.0,5.0,2.0,162.56,56.69,165.1,2.6,43.0,3.51,56.0,3.14,30.0,62.0,0.0,0.0,"June 19, 2021"
Chris Weidman,Bruno Silva,15.0,7.0,0.0,187.96,84.35,198.12,2.98,43.0,3.27,51.0,3.6,43.0,65.0,0.84,13.0,5.0,2.0,162.56,56.92,165.1,3.05,47.0,3.09,59.0,2.57,30.0,64.0,0.26,1.0,"March 30, 2024"
Brad Tavares,Bruno Silva,19.0,8.0,0.0,185.42,84.13,187.96,3.3,43.0,3.01,57.0,0.86,27.0,81.0,0.0,13.0,5.0,2.0,162.56,56.92,165.1,3.05,47.0,3.09,59.0,2.57,30.0,64.0,0.26,0.0,"April 22, 2023"
Shara Magomedov,Bruno Silva,11.0,0.0,0.0,187.91,91.16,,,,,,,,,,13.0,5.0,2.0,162.56,56.92,165.1,3.05,47.0,3.09,59.0,2.57,30.0,64.0,0.26,1.0,"October 21, 2023"
Jordan Wright,Bruno Silva,12.0,1.0,0.0,187.96,83.9,195.58,7.13,60.0,7.49,40.0,0.0,0.0,100.0,0.0,12.0,5.0,2.0,162.56,56.69,165.1,2.6,43.0,3.51,56.0,3.14,30.0,62.0,0.0,0.0,"December 11, 2021"
Sean Strickland,Dricus Du Plessis,28.0,5.0,0.0,185.42,89.8,193.04,5.82,42.0,4.24,63.0,0.92,64.0,84.0,0.2,20.0,2.0,0.0,185.42,84.35,193.04,6.95,56.0,3.79,53.0,2.72,50.0,40.0,1.09,0.0,"January 20, 2024"
Brad Tavares,Dricus Du Plessis,19.0,7.0,0.0,185.42,83.67,187.96,3.18,42.0,2.76,58.0,0.91,27.0,79.0,0.0,16.0,2.0,0.0,185.42,83.9,193.04,5.07,48.0,2.39,68.0,2.99,50.0,,0.0,0.0,"July 02, 2022"
Andrew Sanchez,Bruno Silva,13.0,6.0,0.0,185.42,83.9,187.96,4.48,43.0,5.05,51.0,1.92,31.0,100.0,0.0,12.0,5.0,2.0,162.56,56.69,165.1,2.6,43.0,3.51,56.0,3.14,30.0,62.0,0.0,0.0,"October 16, 2021"
Derek Brunson,Dricus Du Plessis,23.0,8.0,0.0,185.42,84.13,195.58,3.5,48.0,2.84,52.0,3.23,33.0,89.0,0.57,18.0,2.0,0.0,185.42,90.7,193.04,6.62,54.0,3.73,52.0,3.18,47.0,50.0,1.19,0.0,"March 04, 2023"
Darren Till,Dricus Du Plessis,18.0,4.0,1.0,182.88,84.13,189.23,2.26,47.0,3.02,58.0,0.5,42.0,79.0,0.0,17.0,2.0,0.0,185.42,90.7,193.04,6.55,52.0,4.23,53.0,1.2,18.0,100.0,0.0,0.0,"December 10, 2022"
Robert Whittaker,Dricus Du Plessis,25.0,6.0,0.0,182.88,84.35,186.69,4.48,42.0,3.26,61.0,0.82,38.0,84.0,0.0,19.0,2.0,0.0,185.42,92.7,193.04,6.72,55.0,3.73,53.0,2.83,47.0,50.0,1.26,0.0,"July 08, 2023"
Brad Tavares,Antonio Carlos Junior,17.0,7.0,0.0,185.42,83.9,187.96,3.0,40.0,2.76,56.0,1.03,27.0,78.0,0.0,11.0,4.0,0.0,187.96,83.9,200.66,1.12,42.0,3.65,40.0,2.92,80.0,73.0,2.19,1.0,"January 23, 2021"
Brad Tavares,Edmen Shahbazyan,17.0,5.0,0.0,185.42,83.9,187.96,3.02,41.0,2.73,56.0,1.04,27.0,78.0,0.0,9.0,0.0,0.0,187.96,83.9,,2.24,60.0,2.56,53.0,7.68,38.0,75.0,0.0,0.0,"November 02, 2019"
Trevin Giles,Dricus Du Plessis,14.0,2.0,0.0,182.88,83.9,187.96,3.57,57.0,1.83,64.0,1.45,88.0,81.0,0.21,15.0,2.0,0.0,185.42,83.9,193.04,,,,,,,,,0.0,"July 10, 2021"
Dricus Du Plessis,Israel Adesanya,21.0,2.0,0.0,185.42,83.45,193.04,6.49,50.0,4.77,55.0,3.0,52.0,40.0,0.75,24.0,3.0,0.0,193.04,83.81,203.2,3.93,48.0,3.11,56.0,0.05,14.0,78.0,0.15,1.0,"August 17, 2024"
Jack Hermansson,Edmen Shahbazyan,21.0,6.0,0.0,185.42,83.9,196.85,4.9,56.0,1.77,64.0,2.38,47.0,73.0,0.89,11.0,1.0,0.0,187.96,83.9,187.96,3.26,51.0,4.41,50.0,4.54,41.0,58.0,0.5,1.0,"May 22, 2021"
Uriah Hall,Antonio Carlos Junior,15.0,9.0,0.0,182.88,83.9,201.93,3.43,51.0,3.82,53.0,0.84,39.0,71.0,0.24,11.0,2.0,0.0,187.96,83.9,203.2,1.12,42.0,3.65,40.0,2.92,80.0,73.0,2.19,1.0,"September 14, 2019"
Robert Whittaker,Israel Adesanya,21.0,4.0,0.0,182.88,83.9,186.69,4.82,41.0,3.65,61.0,0.37,57.0,84.0,0.0,17.0,0.0,0.0,193.04,83.9,203.2,4.47,54.0,2.07,69.0,0.0,0.0,85.0,0.22,0.0,"October 05, 2019"
Kelvin Gastelum,Israel Adesanya,16.0,3.0,0.0,175.26,83.9,181.61,3.86,44.0,2.87,61.0,0.82,50.0,63.0,0.18,16.0,0.0,0.0,193.04,83.9,203.2,4.47,54.0,2.07,69.0,0.0,0.0,85.0,0.22,0.0,"April 13, 2019"
Derek Brunson,Edmen Shahbazyan,20.0,7.0,0.0,185.42,83.9,195.58,3.21,45.0,3.24,53.0,2.6,27.0,100.0,0.46,11.0,0.0,0.0,187.96,83.9,187.96,2.24,60.0,2.56,53.0,7.68,38.0,75.0,0.0,1.0,"August 01, 2020"
Israel Adesanya,Robert Whittaker,21.0,1.0,0.0,193.04,83.9,203.2,3.94,50.0,2.59,62.0,0.0,0.0,80.0,0.24,24.0,5.0,0.0,182.88,83.9,186.69,4.68,42.0,3.34,61.0,0.64,34.0,84.0,0.0,1.0,"February 12, 2022"
Derek Brunson,Elias Theodorou,18.0,7.0,0.0,185.42,83.9,195.58,3.12,43.0,3.04,51.0,2.35,24.0,100.0,0.54,17.0,2.0,0.0,185.42,83.9,191.77,4.17,43.0,2.24,55.0,1.4,29.0,60.0,0.0,1.0,"May 04, 2019"
Jan Blachowicz,Israel Adesanya,27.0,8.0,0.0,187.96,97.96,198.12,3.45,49.0,2.77,54.0,1.16,52.0,66.0,0.27,20.0,0.0,0.0,193.04,83.9,203.2,4.1,50.0,2.33,65.0,0.0,0.0,87.0,0.33,1.0,"March 06, 2021"
Alex Pereira,Israel Adesanya,7.0,1.0,0.0,193.04,93.61,200.66,5.23,60.0,3.63,53.0,0.33,100.0,74.0,0.0,23.0,2.0,0.0,193.04,83.9,203.2,3.93,50.0,2.8,58.0,0.06,14.0,78.0,0.17,0.0,"April 08, 2023"
Anthony Smith,Zhang Mingyang,38.0,21.0,0.0,193.04,93.2,193.04,3.2,49.0,4.88,45.0,0.44,24.0,50.0,0.61,18.0,6.0,0.0,187.96,92.97,191.77,8.57,56.0,5.59,54.0,0.0,,,0.0,0.0,"April 26, 2025"
Johnny Walker,Volkan Oezdemir,21.0,8.0,0.0,198.12,99.68,208.28,3.81,54.0,2.83,44.0,0.46,100.0,57.0,0.92,19.0,7.0,0.0,187.96,92.97,190.5,4.59,48.0,3.92,56.0,0.57,33.0,80.0,0.11,0.0,"June 22, 2024"
Johnny Walker,Zhang Mingyang,21.0,9.0,0.0,198.12,93.42,208.28,3.87,53.0,3.12,44.0,0.45,100.0,57.0,0.89,19.0,6.0,0.0,187.96,93.42,191.77,10.91,64.0,4.55,53.0,0.0,,50.0,0.0,1.0,"August 23, 2025"
Israel Adesanya,Yoel Romero,17.0,0.0,0.0,,,203.2,,,,,0.0,,,,13.0,3.0,0.0,,,186.69,,,,,1.98,,,,1.0,"March 07, 2020"
Magomed Ankalaev,Volkan Oezdemir,15.0,1.0,0.0,190.5,99.64,190.5,3.41,54.0,1.78,65.0,1.18,33.0,85.0,0.0,17.0,5.0,0.0,187.96,98.41,190.5,5.03,46.0,4.24,56.0,0.36,20.0,81.0,0.0,1.0,"October 30, 2021"
Jimmy Crute,Jamahal Hill,10.0,0.0,0.0,,,187.96,,,,,1.01,,,,8.0,1.0,0.0,193.04,93.2,200.66,7.5,52.0,3.6,45.0,0.0,,57.0,0.0,0.0,"December 04, 2021"
Johnny Walker,Jamahal Hill,18.0,6.0,0.0,198.12,92.97,208.28,3.42,60.0,2.81,41.0,0.24,100.0,63.0,0.72,9.0,1.0,0.0,193.04,92.97,200.66,7.45,52.0,3.68,45.0,0.0,,60.0,0.0,0.0,"February 19, 2022"
Paul Craig,Volkan Oezdemir,16.0,4.0,1.0,191.77,98.55,193.04,2.51,51.0,2.49,49.0,2.13,27.0,50.0,1.98,17.0,6.0,0.0,187.96,93.2,190.5,4.75,46.0,4.27,54.0,0.31,18.0,80.0,0.0,0.0,"July 23, 2022"
Ovince Saint Preux,Jamahal Hill,25.0,14.0,0.0,190.5,92.97,203.2,2.49,43.0,3.97,45.0,1.14,32.0,66.0,0.49,2.0,0.0,0.0,193.04,92.97,200.66,6.82,45.0,4.39,49.0,0.0,,54.0,0.0,0.0,"December 05, 2020"
Alex Pereira,Jamahal Hill,9.0,2.0,0.0,193.04,102.04,200.66,5.0,62.0,3.65,51.0,0.19,100.0,70.0,0.38,12.0,1.0,0.0,193.04,92.74,200.66,7.31,55.0,3.35,48.0,0.0,,73.0,0.0,1.0,"April 13, 2024"
Glover Teixeira,Jamahal Hill,33.0,8.0,0.0,187.96,99.77,193.04,3.8,50.0,3.93,53.0,2.2,38.0,60.0,1.04,11.0,1.0,0.0,193.04,97.41,200.66,6.46,53.0,3.51,45.0,0.0,,66.0,0.0,0.0,"January 21, 2023"
Jiri Prochazka,Jamahal Hill,30.0,5.0,1.0,,,203.2,,,,,0.72,,,,12.0,2.0,0.0,193.04,97.05,200.66,7.18,55.0,3.51,46.0,0.0,,73.0,0.0,1.0,"January 18, 2025"
Nikita Krylov,Ryan Spann,29.0,9.0,0.0,190.5,93.42,196.85,4.45,56.0,2.5,44.0,2.11,35.0,53.0,1.24,21.0,7.0,0.0,195.58,92.97,200.66,3.42,45.0,3.42,48.0,1.46,36.0,50.0,1.76,1.0,"March 11, 2023"
Johnny Walker,Ryan Spann,17.0,5.0,0.0,198.12,92.97,208.28,7.5,78.0,20.71,29.0,0.0,,100.0,0.0,20.0,5.0,0.0,195.58,92.97,200.66,3.25,43.0,3.07,50.0,1.15,30.0,60.0,1.53,1.0,"September 19, 2020"
Paul Craig,Jamahal Hill,13.0,4.0,1.0,191.77,92.97,193.04,2.4,49.0,2.43,50.0,2.11,26.0,56.0,1.46,7.0,0.0,0.0,193.04,92.97,200.66,7.9,53.0,3.15,49.0,0.0,,54.0,0.0,1.0,"June 12, 2021"
Thiago Santos,Jamahal Hill,22.0,10.0,0.0,187.96,93.2,193.04,3.77,48.0,2.37,56.0,0.54,36.0,66.0,0.07,10.0,1.0,0.0,193.04,92.97,200.66,7.06,51.0,3.71,46.0,0.0,,60.0,0.0,0.0,"August 06, 2022"
Anthony Smith,Ryan Spann,35.0,16.0,0.0,193.04,83.9,193.04,2.94,46.0,4.38,43.0,0.49,29.0,51.0,0.73,19.0,6.0,0.0,195.58,92.97,200.66,3.55,45.0,3.45,48.0,1.72,42.0,60.0,1.72,1.0,"September 18, 2021"
Waldo Cortes-Acosta,Ryan Spann,12.0,1.0,0.0,193.04,118.82,177.8,5.64,48.0,3.6,53.0,0.55,60.0,60.0,0.18,22.0,10.0,0.0,,,200.66,,,,,1.32,,,,1.0,"March 15, 2025"
Misha Cirkunov,Ryan Spann,15.0,5.0,0.0,190.5,92.97,195.58,4.18,53.0,2.89,62.0,4.42,58.0,71.0,2.41,18.0,5.0,0.0,195.58,92.97,200.66,3.25,43.0,3.07,50.0,1.15,30.0,60.0,1.53,0.0,"March 13, 2021"
Volkan Oezdemir,Nikita Krylov,18.0,6.0,0.0,187.96,93.2,190.5,4.76,47.0,3.99,56.0,0.4,23.0,87.0,0.0,28.0,9.0,0.0,190.5,92.52,196.85,4.55,57.0,2.46,44.0,1.41,36.0,55.0,1.27,0.0,"October 22, 2022"
Anthony Smith,Ryan Spann,36.0,18.0,0.0,193.04,95.69,193.04,2.96,47.0,4.49,44.0,0.48,28.0,48.0,0.69,21.0,9.0,0.0,195.58,100.68,200.66,3.28,45.0,3.32,48.0,1.64,38.0,45.0,1.91,1.0,"August 26, 2023"
Dominick Reyes,Ryan Spann,12.0,3.0,0.0,193.04,93.2,195.58,4.77,50.0,3.73,48.0,0.36,29.0,80.0,0.36,20.0,7.0,0.0,195.58,93.42,200.66,3.35,45.0,3.41,48.0,1.5,38.0,50.0,1.8,0.0,"November 12, 2022"
Glover Teixeira,Nikita Krylov,28.0,7.0,0.0,187.96,92.97,193.04,3.46,43.0,3.65,56.0,2.21,46.0,61.0,0.86,25.0,6.0,0.0,190.5,92.97,196.85,5.32,59.0,2.34,45.0,0.8,33.0,46.0,2.14,1.0,"September 14, 2019"
Johnny Walker,Nikita Krylov,17.0,3.0,0.0,,,208.28,,,,,0.0,,,,26.0,7.0,0.0,,,196.85,,,,,1.06,,,,0.0,"March 14, 2020"
Aleksa Camur,Justin Ledet,,,,,,,,,,,,,,,9.0,2.0,0.0,193.04,92.97,203.2,3.45,41.0,4.46,49.0,0.32,50.0,40.0,0.32,1.0,"January 18, 2020"
Dustin Jacoby,Justin Ledet,7.0,2.0,0.0,193.04,83.9,,1.84,24.0,3.52,62.0,0.0,,29.0,0.0,9.0,3.0,0.0,193.04,108.84,203.2,3.45,41.0,4.46,49.0,0.32,50.0,40.0,0.32,1.0,"October 31, 2020"
Elise Reed,Sam Hughes,5.0,1.0,0.0,160.02,56.64,160.02,4.09,53.0,4.36,59.0,0.0,,56.0,0.0,6.0,4.0,0.0,165.1,52.38,162.56,3.96,45.0,5.7,54.0,0.6,25.0,42.0,0.0,0.0,"May 21, 2022"
Piera Rodriguez,Sam Hughes,2.0,0.0,0.0,160.02,52.15,161.29,3.1,45.0,2.23,64.0,3.0,35.0,75.0,0.0,7.0,4.0,0.0,165.1,54.88,162.56,3.77,48.0,4.73,54.0,1.41,40.0,42.0,0.0,1.0,"October 15, 2022"
Jaqueline Amorim,Sam Hughes,0.0,0.0,0.0,,,,,,,,,,,,7.0,5.0,0.0,165.1,52.15,162.56,3.93,47.0,4.88,53.0,1.14,38.0,48.0,0.0,0.0,"April 08, 2023"
Luana Pinheiro,Sam Hughes,9.0,1.0,0.0,158.75,52.15,158.75,3.57,40.0,1.43,79.0,0.0,,,0.0,5.0,3.0,0.0,165.1,52.15,162.56,,,,,,,,,1.0,"November 20, 2021"
Yazmin Jauregui,Sam Hughes,10.0,1.0,0.0,160.02,57.14,162.56,6.26,41.0,4.87,54.0,0.0,0.0,100.0,0.0,8.0,5.0,0.0,165.1,55.87,162.56,3.79,47.0,4.23,54.0,1.12,41.0,58.0,0.0,1.0,"February 24, 2024"
Loma Lookboonmee,Sam Hughes,5.0,2.0,0.0,154.94,52.15,156.21,,,,,,,,,5.0,1.0,0.0,165.1,52.15,162.56,,,,,,,,,1.0,"May 01, 2021"
Shauna Bannon,Sam Hughes,7.0,1.0,0.0,165.1,52.61,165.1,4.77,44.0,3.88,44.0,0.0,0.0,43.0,0.78,10.0,6.0,0.0,165.1,52.61,162.56,4.41,47.0,4.57,59.0,1.08,32.0,60.0,0.11,0.0,"September 06, 2025"
Istela Nunes,Sam Hughes,7.0,2.0,0.0,162.56,52.15,,,,,,,,,,5.0,4.0,0.0,165.1,56.6,162.56,,,,,,,,,0.0,"April 16, 2022"
Viktoriia Dudakova,Sam Hughes,8.0,0.0,0.0,165.1,60.82,170.18,3.14,52.0,2.45,50.0,2.45,42.0,50.0,0.0,8.0,6.0,0.0,165.1,55.87,162.56,3.79,47.0,4.23,54.0,1.12,41.0,58.0,0.0,0.0,"August 03, 2024"
Shauna Bannon,Puja Tomar,6.0,1.0,0.0,165.1,56.19,165.1,4.37,42.0,3.77,42.0,0.0,0.0,43.0,0.0,9.0,4.0,0.0,162.56,52.15,,6.33,48.0,5.6,44.0,0.0,,100.0,0.0,1.0,"March 22, 2025"
Rayanne dos Santos,Puja Tomar,14.0,7.0,0.0,157.48,52.15,157.48,3.73,37.0,4.63,65.0,0.5,20.0,89.0,0.0,0.0,0.0,0.0,,,,,,,,,,,,0.0,"June 08, 2024"
Rayanne dos Santos,Alice Ardelean,14.0,8.0,0.0,157.48,52.15,157.48,4.36,43.0,5.2,61.0,0.33,13.0,89.0,0.0,9.0,7.0,0.0,160.02,52.15,157.48,4.97,45.0,4.97,53.0,1.0,40.0,100.0,0.0,0.0,"May 31, 2025"
Shauna Bannon,Alice Ardelean,5.0,1.0,0.0,165.1,52.15,165.1,3.6,38.0,3.73,38.0,0.0,0.0,33.0,0.0,9.0,5.0,0.0,160.02,59.0,157.48,,,,,,,,,1.0,"July 27, 2024"
Melissa Martinez,Alice Ardelean,7.0,1.0,0.0,157.48,51.47,167.64,3.0,58.0,2.53,46.0,1.0,50.0,,0.0,9.0,6.0,0.0,160.02,59.0,157.48,3.8,54.0,5.13,54.0,2.0,50.0,100.0,0.0,1.0,"October 19, 2024"
Brian Ortega,Aljamain Sterling,16.0,4.0,0.0,172.72,66.21,175.26,4.08,38.0,6.59,50.0,1.07,26.0,56.0,1.07,25.0,5.0,0.0,170.18,65.99,180.34,4.41,52.0,2.21,59.0,2.51,30.0,43.0,0.69,0.0,"August 23, 2025"
Molly McCann,Bruna Brasil,14.0,6.0,0.0,162.56,54.65,157.48,5.79,50.0,4.94,64.0,1.82,38.0,43.0,0.61,9.0,4.0,1.0,167.64,52.38,166.37,2.94,62.0,3.92,52.0,1.59,63.0,53.0,0.0,0.0,"July 27, 2024"
Loma Lookboonmee,Bruna Brasil,8.0,3.0,0.0,154.94,52.38,156.21,4.14,59.0,2.58,53.0,2.04,50.0,74.0,0.16,9.0,3.0,1.0,167.64,56.69,166.37,3.44,69.0,3.94,53.0,1.86,67.0,54.0,0.0,1.0,"February 10, 2024"
Petr Yan,Aljamain Sterling,15.0,1.0,0.0,171.45,61.22,170.18,5.65,46.0,3.15,68.0,1.73,53.0,88.0,0.22,19.0,3.0,0.0,170.18,61.22,180.34,4.82,51.0,1.94,67.0,1.89,29.0,52.0,0.99,0.0,"March 06, 2021"
Calvin Kattar,Aljamain Sterling,23.0,7.0,0.0,180.34,66.21,182.88,5.12,40.0,7.1,55.0,0.42,29.0,91.0,0.08,23.0,4.0,0.0,170.18,61.22,180.34,4.73,52.0,2.41,58.0,1.97,24.0,45.0,0.78,0.0,"April 13, 2024"
Wang Cong,Bruna Brasil,6.0,0.0,0.0,170.18,56.69,177.8,7.07,59.0,0.73,77.0,3.66,100.0,,7.32,10.0,4.0,1.0,167.64,52.61,166.37,2.94,61.0,3.49,51.0,1.93,73.0,59.0,0.0,1.0,"February 08, 2025"
Brian Ortega,Diego Lopes,16.0,3.0,0.0,172.72,65.76,175.26,4.07,39.0,6.54,50.0,1.17,27.0,58.0,1.17,25.0,6.0,0.0,180.34,65.76,184.15,3.24,55.0,4.08,40.0,0.33,25.0,47.0,3.68,0.0,"September 14, 2024"
Sodiq Yusuff,Diego Lopes,13.0,3.0,0.0,175.26,65.99,180.34,5.72,50.0,4.33,55.0,0.28,20.0,63.0,0.42,23.0,6.0,0.0,180.34,73.11,184.15,2.47,53.0,4.91,37.0,0.0,0.0,43.0,5.29,0.0,"April 13, 2024"
Alexander Volkanovski,Diego Lopes,26.0,4.0,0.0,167.64,65.53,181.61,6.16,57.0,3.44,58.0,1.78,38.0,70.0,0.18,26.0,6.0,0.0,180.34,72.56,184.15,4.2,54.0,4.11,51.0,0.5,40.0,53.0,2.76,1.0,"April 12, 2025"
Movsar Evloev,Diego Lopes,16.0,0.0,0.0,170.18,66.21,184.15,4.36,46.0,2.79,63.0,4.83,50.0,71.0,0.33,0.0,1.0,0.0,180.34,65.99,184.15,1.96,50.0,4.31,41.0,0.0,,25.0,4.41,1.0,"May 06, 2023"
Movsar Evloev,Aljamain Sterling,18.0,0.0,0.0,,,,,,,,,,,,24.0,4.0,0.0,170.18,65.99,180.34,4.61,53.0,2.3,58.0,2.31,28.0,45.0,0.73,1.0,"December 07, 2024"
Dan Ige,Diego Lopes,18.0,7.0,0.0,170.18,66.21,180.34,3.76,46.0,3.52,58.0,1.06,27.0,59.0,0.28,24.0,6.0,0.0,180.34,71.2,184.15,3.22,59.0,4.73,38.0,0.0,0.0,43.0,5.03,0.0,"June 29, 2024"
Brian Ortega,Chan Sung Jung,14.0,1.0,0.0,172.72,65.76,175.26,4.07,34.0,7.36,51.0,0.51,17.0,56.0,1.36,16.0,5.0,0.0,170.18,65.76,182.88,4.25,40.0,3.77,61.0,0.81,42.0,75.0,0.64,1.0,"October 17, 2020"
Alexander Volkanovski,Yair Rodriguez,25.0,2.0,0.0,167.64,70.07,181.61,6.35,57.0,3.4,59.0,1.52,34.0,69.0,0.2,16.0,3.0,0.0,180.34,65.76,180.34,4.78,46.0,4.03,53.0,0.79,28.0,64.0,0.79,1.0,"July 08, 2023"
Alexander Volkanovski,Chan Sung Jung,23.0,1.0,0.0,167.64,65.76,181.61,6.42,57.0,3.34,61.0,1.77,35.0,70.0,0.28,17.0,6.0,0.0,170.18,70.75,182.88,4.07,43.0,3.87,56.0,0.82,47.0,78.0,0.72,1.0,"April 09, 2022"
Max Holloway,Yair Rodriguez,22.0,6.0,0.0,180.34,65.76,175.26,7.26,47.0,4.58,61.0,0.21,71.0,84.0,0.33,13.0,2.0,0.0,180.34,65.76,180.34,4.33,45.0,3.13,58.0,0.9,30.0,64.0,0.9,1.0,"November 13, 2021"
Renato Moicano,Chan Sung Jung,13.0,2.0,1.0,180.34,65.76,182.88,5.71,47.0,3.45,69.0,1.27,55.0,77.0,0.42,14.0,5.0,0.0,170.18,65.76,182.88,4.12,39.0,3.81,60.0,0.81,42.0,75.0,0.65,0.0,"June 22, 2019"
Frankie Edgar,Chan Sung Jung,22.0,7.0,1.0,,,172.72,,,,,2.36,,,,15.0,5.0,0.0,,,182.88,,,,,0.81,,,,0.0,"December 21, 2019"
Max Holloway,Chan Sung Jung,24.0,7.0,0.0,180.34,73.56,175.26,7.16,47.0,4.79,60.0,0.28,53.0,84.0,0.31,17.0,7.0,0.0,170.18,73.74,182.88,3.97,43.0,4.35,53.0,0.74,47.0,73.0,0.65,1.0,"August 26, 2023"
Jalin Turner,Renato Moicano,14.0,7.0,0.0,190.5,77.1,195.58,6.02,49.0,4.63,41.0,0.88,56.0,76.0,1.23,18.0,5.0,1.0,180.34,70.75,182.88,4.41,48.0,3.8,61.0,1.8,47.0,73.0,0.64,0.0,"April 13, 2024"
Alexander Hernandez,Renato Moicano,13.0,4.0,0.0,175.26,70.07,182.88,3.79,37.0,3.82,59.0,1.57,35.0,63.0,0.0,15.0,4.0,1.0,180.34,65.76,182.88,5.12,47.0,3.43,66.0,1.96,60.0,79.0,0.65,0.0,"February 12, 2022"
Brian Ortega,Yair Rodriguez,15.0,2.0,0.0,172.72,71.11,175.26,4.15,38.0,6.69,50.0,0.87,24.0,56.0,1.19,14.0,3.0,0.0,180.34,72.11,180.34,4.65,45.0,4.09,54.0,0.86,28.0,61.0,0.76,0.0,"July 16, 2022"
Rafael Dos Anjos,Renato Moicano,30.0,13.0,0.0,172.72,70.29,177.8,3.49,46.0,3.22,62.0,1.93,37.0,58.0,0.6,16.0,4.0,1.0,180.34,70.29,182.88,5.12,48.0,3.58,65.0,2.14,54.0,80.0,0.76,1.0,"March 05, 2022"
Islam Makhachev,Renato Moicano,26.0,1.0,0.0,177.8,70.29,179.07,2.65,60.0,1.54,61.0,3.19,54.0,91.0,1.06,20.0,5.0,1.0,180.34,70.75,182.88,4.42,49.0,3.6,61.0,1.87,44.0,73.0,0.56,1.0,"January 18, 2025"
Michael Johnson,Clay Guida,20.0,16.0,0.0,177.8,70.75,186.69,4.15,37.0,3.82,59.0,0.56,45.0,79.0,0.06,35.0,17.0,0.0,170.18,65.76,177.8,2.54,33.0,2.85,65.0,3.0,37.0,70.0,0.66,0.0,"February 06, 2021"
BJ Penn,Clay Guida,16.0,13.0,2.0,175.26,70.29,177.8,2.74,49.0,3.66,56.0,1.14,58.0,75.0,0.53,34.0,15.0,0.0,170.18,65.76,177.8,2.41,32.0,2.78,66.0,3.11,36.0,70.0,0.69,0.0,"May 11, 2019"
Jim Miller,Clay Guida,29.0,13.0,0.0,172.72,70.29,180.34,2.78,40.0,2.88,60.0,1.69,41.0,47.0,1.88,35.0,15.0,0.0,170.18,70.29,177.8,2.41,32.0,2.78,66.0,3.11,36.0,70.0,0.69,1.0,"August 03, 2019"
Brad Riddell,Renato Moicano,10.0,3.0,0.0,170.18,78.91,180.34,4.73,54.0,3.56,53.0,1.85,38.0,63.0,0.0,16.0,5.0,1.0,180.34,72.56,182.88,4.8,48.0,4.07,61.0,1.7,48.0,73.0,0.61,0.0,"November 12, 2022"
Beneil Dariush,Renato Moicano,22.0,6.0,1.0,177.8,75.74,182.88,3.78,49.0,2.65,58.0,1.9,34.0,81.0,0.88,20.0,6.0,1.0,180.34,70.29,182.88,4.36,49.0,3.55,61.0,1.82,44.0,71.0,0.55,1.0,"June 28, 2025"
Marcos Rogerio de Lima,Waldo Cortes-Acosta,20.0,9.0,1.0,185.42,118.37,190.5,3.57,54.0,2.41,54.0,1.09,50.0,57.0,0.62,9.0,0.0,0.0,193.04,117.46,177.8,7.81,50.0,4.07,60.0,0.0,,67.0,0.0,1.0,"April 29, 2023"
Serghei Spivac,Waldo Cortes-Acosta,17.0,5.0,0.0,190.5,117.91,198.12,3.49,50.0,3.77,49.0,4.56,66.0,64.0,0.63,13.0,1.0,0.0,193.04,120.18,177.8,5.76,49.0,3.47,55.0,0.49,50.0,67.0,0.16,0.0,"June 07, 2025"
Andrei Arlovski,Waldo Cortes-Acosta,34.0,22.0,0.0,190.5,112.02,195.58,3.78,45.0,3.2,57.0,0.39,37.0,77.0,0.21,10.0,1.0,0.0,193.04,118.59,177.8,6.97,50.0,4.06,52.0,0.0,0.0,60.0,0.0,0.0,"January 13, 2024"
Chase Sherman,Waldo Cortes-Acosta,15.0,10.0,0.0,193.04,112.02,198.12,6.08,46.0,6.32,52.0,0.0,,67.0,0.0,1.0,0.0,0.0,,117.46,,11.73,48.0,4.09,44.0,0.0,,,0.0,0.0,"November 19, 2022"
Sergei Pavlovich,Waldo Cortes-Acosta,19.0,3.0,0.0,190.5,112.93,213.36,4.54,44.0,3.81,54.0,0.63,40.0,75.0,0.0,14.0,2.0,0.0,193.04,120.18,177.8,5.98,49.0,3.43,56.0,0.42,50.0,67.0,0.14,1.0,"August 23, 2025"
Curtis Blaydes,Jairzinho Rozenstruik,14.0,3.0,0.0,193.04,120.18,203.2,3.74,51.0,1.86,57.0,6.63,56.0,25.0,0.0,12.0,2.0,0.0,187.96,109.75,198.12,3.15,49.0,3.27,41.0,0.0,,80.0,0.0,1.0,"September 25, 2021"
Sergei Pavlovich,Jairzinho Rozenstruik,18.0,3.0,0.0,190.5,116.55,213.36,5.86,44.0,5.03,52.0,0.0,0.0,75.0,0.0,15.0,5.0,0.0,187.96,109.75,198.12,3.75,50.0,2.74,52.0,0.0,0.0,76.0,0.0,1.0,"February 01, 2025"
Tai Tuivasa,Jairzinho Rozenstruik,15.0,7.0,0.0,187.96,120.41,190.5,3.96,50.0,5.05,43.0,0.0,0.0,58.0,0.0,14.0,5.0,0.0,187.96,116.55,198.12,3.44,50.0,2.78,48.0,0.0,0.0,76.0,0.0,0.0,"August 17, 2024"
Andrei Arlovski,Jairzinho Rozenstruik,27.0,18.0,0.0,190.5,108.84,195.58,3.08,42.0,3.0,59.0,0.56,36.0,79.0,0.31,7.0,0.0,0.0,193.04,109.75,,3.22,70.0,3.05,33.0,0.0,,67.0,0.0,0.0,"November 02, 2019"
Francis Ngannou,Jairzinho Rozenstruik,13.0,3.0,0.0,,,210.82,,,,,0.0,,,,9.0,0.0,0.0,,,198.12,,,,,0.0,,,,1.0,"May 09, 2020"
Junior Dos Santos,Jairzinho Rozenstruik,21.0,7.0,0.0,193.04,107.03,195.58,4.66,48.0,3.13,58.0,0.33,56.0,82.0,0.07,10.0,1.0,0.0,193.04,109.75,198.12,3.72,47.0,3.05,32.0,0.0,,75.0,0.0,0.0,"August 15, 2020"
Alistair Overeem,Jairzinho Rozenstruik,44.0,17.0,0.0,193.04,120.18,203.2,3.79,74.0,4.91,60.0,0.48,29.0,73.0,0.36,8.0,0.0,0.0,193.04,109.75,,3.22,70.0,3.05,33.0,0.0,,67.0,0.0,0.0,"December 07, 2019"
Alexander Volkov,Jairzinho Rozenstruik,34.0,10.0,0.0,200.66,117.91,203.2,4.83,57.0,3.04,54.0,0.52,70.0,72.0,0.15,12.0,3.0,0.0,187.96,115.19,198.12,2.8,46.0,3.07,46.0,0.0,,75.0,0.0,1.0,"June 04, 2022"
Curtis Blaydes,Alexander Volkov,13.0,2.0,0.0,193.04,120.18,203.2,3.74,51.0,1.86,57.0,6.63,56.0,25.0,0.0,31.0,7.0,0.0,200.66,113.38,203.2,6.19,60.0,3.3,58.0,1.0,75.0,76.0,0.0,1.0,"June 20, 2020"
Ciryl Gane,Alexander Volkov,12.0,2.0,0.0,193.04,111.11,205.74,5.49,61.0,2.19,63.0,0.58,21.0,50.0,0.48,38.0,10.0,0.0,200.66,115.65,203.2,5.13,57.0,3.0,55.0,0.45,64.0,73.0,0.19,1.0,"December 07, 2024"
Ciryl Gane,Alexander Volkov,8.0,0.0,0.0,193.04,111.11,205.74,5.04,55.0,1.85,70.0,1.13,26.0,100.0,0.45,33.0,8.0,0.0,200.66,113.38,203.2,6.19,60.0,3.3,58.0,1.0,75.0,76.0,0.0,1.0,"June 26, 2021"
Alistair Overeem,Alexander Volkov,47.0,18.0,0.0,193.04,120.18,203.2,3.65,73.0,4.69,60.0,0.6,25.0,73.0,0.3,32.0,8.0,0.0,200.66,113.38,203.2,6.19,60.0,3.3,58.0,1.0,75.0,76.0,0.0,0.0,"February 06, 2021"
Sergei Pavlovich,Alexander Volkov,18.0,2.0,0.0,190.5,116.55,213.36,8.21,48.0,4.61,55.0,0.0,0.0,75.0,0.0,37.0,10.0,0.0,200.66,113.38,203.2,5.1,58.0,3.0,54.0,0.49,64.0,73.0,0.21,0.0,"June 22, 2024"
Curtis Blaydes,Tom Aspinall,16.0,3.0,0.0,193.04,120.18,203.2,3.52,51.0,1.68,60.0,6.06,54.0,33.0,0.0,12.0,2.0,0.0,195.58,114.29,198.12,7.33,66.0,2.65,65.0,4.07,100.0,100.0,2.04,1.0,"July 23, 2022"
Sergei Pavlovich,Tom Aspinall,18.0,1.0,0.0,190.5,118.28,213.36,8.72,49.0,4.33,57.0,0.0,0.0,75.0,0.0,13.0,3.0,0.0,195.58,121.54,198.12,7.65,66.0,2.9,65.0,3.7,100.0,100.0,1.85,0.0,"November 11, 2023"
Andrei Arlovski,Tom Aspinall,30.0,19.0,0.0,190.5,108.84,195.58,3.08,42.0,3.0,59.0,0.56,36.0,79.0,0.31,9.0,2.0,0.0,195.58,114.74,198.12,,,,,,,,,0.0,"February 20, 2021"
Tai Tuivasa,Alexander Volkov,15.0,5.0,0.0,187.96,130.61,190.5,4.1,50.0,4.46,45.0,0.0,0.0,52.0,0.0,36.0,10.0,0.0,200.66,121.54,203.2,4.89,57.0,3.0,54.0,0.51,70.0,73.0,0.15,0.0,"September 09, 2023"
Alexander Volkov,Tom Aspinall,34.0,9.0,0.0,200.66,116.1,203.2,4.86,57.0,2.95,54.0,0.53,70.0,73.0,0.15,11.0,2.0,0.0,195.58,114.29,198.12,7.19,65.0,2.37,70.0,2.73,100.0,100.0,1.37,0.0,"March 19, 2022"
Sergei Pavlovich,Marcelo Golm,12.0,1.0,0.0,190.5,116.55,213.36,2.99,41.0,5.06,15.0,0.0,0.0,50.0,0.0,6.0,2.0,0.0,190.5,112.93,191.77,4.26,60.0,3.92,47.0,0.47,50.0,88.0,0.47,1.0,"April 20, 2019"
Tom Aspinall,Curtis Blaydes,14.0,3.0,0.0,195.58,114.74,198.12,7.72,67.0,2.77,66.0,3.46,100.0,100.0,1.73,18.0,4.0,0.0,193.04,120.18,203.2,3.53,50.0,1.83,60.0,5.72,53.0,32.0,0.0,1.0,"July 27, 2024"
Sergei Pavlovich,Curtis Blaydes,17.0,1.0,0.0,190.5,118.0,213.36,8.07,52.0,4.3,49.0,0.0,0.0,67.0,0.0,17.0,3.0,0.0,193.04,117.91,203.2,3.54,51.0,1.7,60.0,6.05,54.0,33.0,0.0,1.0,"April 22, 2023"
Alessandro Costa,Kevin Borjas,13.0,4.0,0.0,162.56,63.85,170.18,3.75,46.0,3.61,56.0,0.31,17.0,90.0,0.0,9.0,2.0,0.0,,,,,,,,,,,,1.0,"May 04, 2024"
Ode Osbourne,Zarrukh Adashev,10.0,4.0,0.0,170.18,56.78,185.42,4.3,55.0,3.04,43.0,1.9,100.0,67.0,1.9,4.0,3.0,0.0,165.1,56.92,165.1,3.54,40.0,2.91,66.0,0.0,0.0,100.0,0.49,1.0,"June 04, 2022"
Tyson Nam,Zarrukh Adashev,18.0,10.0,1.0,,,172.72,,,,,,,,,0.0,0.0,0.0,,,,,,,,,,,,1.0,"June 13, 2020"
Sumudaerji,Kevin Borjas,17.0,7.0,0.0,172.72,57.14,182.88,4.4,51.0,2.63,60.0,0.18,25.0,68.0,0.74,10.0,3.0,0.0,165.1,56.69,172.72,5.1,45.0,5.99,51.0,0.0,0.0,65.0,0.0,1.0,"August 23, 2025"
Muhammad Mokaev,Malcolm Gordon,8.0,0.0,0.0,170.18,56.69,177.8,0.88,41.0,0.81,52.0,11.27,46.0,,0.94,14.0,5.0,0.0,170.18,57.14,180.34,2.39,44.0,2.43,45.0,2.06,25.0,,0.69,1.0,"October 22, 2022"
Francisco Figueiredo,Malcolm Gordon,12.0,3.0,1.0,167.64,56.69,172.72,,,,,,,,,12.0,5.0,0.0,170.18,56.69,180.34,,,,,,,,,0.0,"July 17, 2021"
Jake Hadley,Malcolm Gordon,9.0,1.0,0.0,170.18,57.14,177.8,4.02,48.0,3.54,61.0,0.49,100.0,38.0,1.95,14.0,6.0,0.0,170.18,65.31,180.34,1.9,45.0,2.04,41.0,1.66,31.0,9.0,0.83,1.0,"March 18, 2023"
Ryan Benoit,Zarrukh Adashev,10.0,7.0,0.0,165.1,56.69,173.99,2.95,41.0,3.4,61.0,0.33,25.0,70.0,0.49,3.0,3.0,0.0,165.1,56.69,165.1,,,,,,,,,0.0,"July 31, 2021"
Davey Grant,Louis Smolka,13.0,6.0,0.0,172.72,61.45,175.26,4.55,45.0,3.75,57.0,1.77,44.0,60.0,0.15,17.0,7.0,0.0,175.26,61.22,173.99,4.54,47.0,3.87,53.0,1.81,38.0,31.0,1.91,1.0,"May 14, 2022"
Nazim Sadykhov,Nikolas Motta,10.0,1.0,1.0,177.8,70.75,175.26,4.7,47.0,5.66,48.0,1.54,63.0,75.0,0.31,15.0,5.0,0.0,175.26,70.29,179.07,3.64,37.0,4.5,56.0,0.0,,82.0,0.0,1.0,"June 21, 2025"
Evan Elder,Gauge Young,9.0,2.0,0.0,177.8,77.1,182.88,5.02,49.0,4.79,58.0,0.63,20.0,33.0,0.63,0.0,1.0,0.0,,70.29,,4.27,57.0,5.4,45.0,0.0,0.0,59.0,0.0,1.0,"April 26, 2025"
Manuel Torres,Nikolas Motta,13.0,2.0,0.0,177.8,76.64,186.69,10.5,56.0,3.74,59.0,0.0,0.0,100.0,0.0,13.0,4.0,0.0,175.26,70.29,179.07,3.37,34.0,4.54,60.0,0.0,,100.0,0.0,1.0,"June 17, 2023"
Trey Ogden,Nikolas Motta,16.0,6.0,0.0,180.34,76.64,182.88,3.42,42.0,4.89,54.0,0.67,14.0,100.0,0.67,13.0,5.0,0.0,175.26,77.1,179.07,3.4,35.0,4.71,58.0,0.0,,100.0,0.0,0.0,"November 18, 2023"
Jim Miller,Nikolas Motta,33.0,16.0,0.0,172.72,70.29,180.34,2.65,41.0,2.92,59.0,1.63,43.0,48.0,1.83,1.0,0.0,0.0,175.26,76.73,179.07,,,,,,,,,1.0,"February 19, 2022"
Nazim Sadykhov,Viacheslav Borshchev,9.0,1.0,0.0,177.8,76.64,175.26,4.35,53.0,3.72,57.0,0.52,100.0,75.0,0.52,7.0,3.0,0.0,180.34,74.83,175.26,4.63,58.0,3.44,57.0,0.0,,35.0,0.0,0.0,"November 11, 2023"
Tom Nolan,Viacheslav Borshchev,7.0,1.0,0.0,190.5,70.29,185.42,9.26,54.0,6.54,41.0,0.0,,100.0,0.0,8.0,4.0,1.0,180.34,78.41,175.26,5.4,54.0,4.8,57.0,0.0,0.0,36.0,0.0,1.0,"February 08, 2025"
Chase Hooper,Viacheslav Borshchev,13.0,3.0,1.0,185.42,77.1,187.96,4.86,52.0,3.59,36.0,1.42,23.0,56.0,2.21,7.0,3.0,1.0,180.34,75.83,175.26,5.82,58.0,4.07,56.0,0.0,,36.0,0.0,1.0,"May 11, 2024"
Marc Diakiese,Viacheslav Borshchev,14.0,5.0,0.0,177.8,70.75,185.42,3.06,39.0,2.8,54.0,2.13,36.0,63.0,0.0,6.0,1.0,0.0,180.34,77.64,175.26,6.16,65.0,5.08,57.0,0.0,,33.0,0.0,1.0,"March 26, 2022"
Terrance McKinney,Viacheslav Borshchev,16.0,7.0,0.0,177.8,70.75,186.69,5.91,56.0,2.59,48.0,3.23,37.0,78.0,1.39,8.0,5.0,1.0,180.34,70.75,175.26,5.25,54.0,4.77,57.0,0.0,0.0,43.0,0.15,1.0,"June 28, 2025"
Mike Davis,Viacheslav Borshchev,9.0,2.0,0.0,182.88,70.07,184.15,,,,,,,,,6.0,2.0,0.0,180.34,77.64,175.26,2.85,63.0,2.64,50.0,0.0,,38.0,0.0,1.0,"October 01, 2022"
Dakota Bush,Viacheslav Borshchev,0.0,1.0,0.0,177.8,76.1,185.42,2.73,39.0,4.47,42.0,1.0,17.0,,0.0,1.0,0.0,0.0,180.34,70.75,175.26,7.5,67.0,6.59,54.0,0.0,,33.0,0.0,0.0,"January 15, 2022"
Shayilan Nuerdanbieke,Steve Garcia,39.0,10.0,0.0,172.72,65.99,175.26,2.17,44.0,2.93,49.0,2.93,32.0,40.0,0.0,13.0,5.0,0.0,182.88,66.21,190.5,5.15,58.0,2.52,47.0,1.76,44.0,100.0,0.44,0.0,"April 08, 2023"
Chase Hooper,Steve Garcia,10.0,2.0,1.0,,,,,,,,,,,,12.0,5.0,0.0,182.88,70.52,190.5,4.5,57.0,2.33,42.0,1.84,44.0,100.0,0.46,0.0,"October 29, 2022"
Calvin Kattar,Steve Garcia,23.0,9.0,0.0,180.34,66.21,182.88,4.6,39.0,6.62,54.0,0.36,29.0,77.0,0.07,17.0,5.0,0.0,182.88,65.99,190.5,5.04,57.0,2.34,46.0,1.17,40.0,89.0,0.58,0.0,"July 12, 2025"
Rongzhu,Austin Hubbard,17.0,4.0,0.0,175.26,70.29,182.88,,,,,,,,,17.0,10.0,0.0,177.8,70.75,180.34,3.87,44.0,3.82,56.0,1.59,32.0,68.0,0.11,1.0,"August 23, 2025"
MarQuel Mederos,Austin Hubbard,9.0,1.0,0.0,177.8,78.46,176.53,4.39,45.0,3.29,63.0,0.0,0.0,91.0,0.0,17.0,8.0,0.0,177.8,77.1,180.34,4.12,44.0,3.92,57.0,1.54,34.0,67.0,0.0,1.0,"March 29, 2025"
Vinc Pichel,Austin Hubbard,13.0,2.0,0.0,177.8,70.29,182.88,3.12,42.0,2.67,54.0,4.25,63.0,20.0,0.25,13.0,5.0,0.0,177.8,70.29,180.34,3.02,45.0,2.71,59.0,1.0,60.0,45.0,0.0,1.0,"August 21, 2021"
Kurt Holobaugh,Austin Hubbard,20.0,7.0,0.0,180.34,70.52,177.8,4.51,43.0,4.28,47.0,0.97,36.0,45.0,0.73,16.0,6.0,0.0,177.8,70.75,180.34,3.67,48.0,2.97,58.0,1.35,62.0,63.0,0.0,1.0,"August 19, 2023"
Jai Herbert,Chris Padilla,13.0,5.0,1.0,185.42,75.78,195.58,3.16,42.0,3.37,52.0,0.5,23.0,59.0,0.0,15.0,6.0,0.0,175.26,69.84,187.96,5.8,61.0,4.93,47.0,3.26,75.0,,1.09,0.0,"March 22, 2025"
Rongzhu,Chris Padilla,17.0,4.0,0.0,175.26,70.29,182.88,,,,,,,,,14.0,6.0,0.0,175.26,75.51,193.04,2.64,46.0,4.18,53.0,9.89,100.0,,3.3,0.0,"September 07, 2024"
Rongzhu,Ignacio Bahamondes,17.0,4.0,0.0,175.26,70.29,182.88,,,,,,,,,12.0,4.0,0.0,190.5,70.29,191.77,7.56,43.0,5.32,57.0,0.0,0.0,100.0,0.0,0.0,"February 26, 2022"
Rafael Fiziev,Ignacio Bahamondes,12.0,4.0,0.0,172.72,70.75,181.61,4.85,52.0,4.95,49.0,0.5,57.0,90.0,0.0,17.0,5.0,0.0,190.5,70.75,191.77,7.09,47.0,4.36,58.0,0.0,0.0,86.0,0.5,1.0,"June 21, 2025"
Manuel Torres,Ignacio Bahamondes,15.0,2.0,0.0,177.8,76.64,186.69,8.14,59.0,3.15,57.0,3.26,67.0,89.0,1.63,15.0,5.0,0.0,190.5,70.75,191.77,7.15,47.0,4.38,58.0,0.0,0.0,86.0,0.36,0.0,"September 14, 2024"
Jalin Turner,Ignacio Bahamondes,14.0,8.0,0.0,190.5,70.52,195.58,5.6,49.0,4.57,42.0,0.79,56.0,74.0,1.11,16.0,5.0,0.0,,,191.77,,,,,0.0,,,,0.0,"March 08, 2025"
John Makdessi,Ignacio Bahamondes,17.0,7.0,0.0,172.72,70.29,172.72,5.36,51.0,3.76,70.0,0.0,0.0,88.0,0.0,1.0,0.0,0.0,,,,,,,,,,,,1.0,"April 10, 2021"
Roosevelt Roberts,Ignacio Bahamondes,10.0,3.0,0.0,187.96,70.29,185.42,2.88,46.0,2.54,54.0,1.29,50.0,59.0,1.03,11.0,4.0,0.0,,,,,,,,,,,,0.0,"August 21, 2021"
Drakkar Klose,Brandon Jenkins,11.0,2.0,1.0,175.26,70.29,177.8,3.45,50.0,3.33,57.0,1.6,31.0,71.0,0.0,15.0,8.0,0.0,182.88,70.52,180.34,,,,,,,,,1.0,"April 16, 2022"
Charles Johnson,Ramazan Temirov,17.0,6.0,0.0,175.26,57.14,177.8,4.77,51.0,3.62,57.0,0.56,24.0,68.0,0.44,18.0,2.0,1.0,,,160.02,,,,,0.0,,,,0.0,"March 01, 2025"
Cody Durden,Jake Hadley,15.0,4.0,1.0,170.18,60.77,170.18,3.27,51.0,3.21,49.0,5.73,48.0,71.0,0.23,10.0,1.0,0.0,170.18,63.95,177.8,4.21,48.0,3.52,62.0,0.47,100.0,38.0,1.88,1.0,"August 05, 2023"
Charles Johnson,Jake Hadley,14.0,6.0,0.0,175.26,63.95,177.8,4.45,55.0,3.15,59.0,0.48,23.0,63.0,0.63,10.0,2.0,0.0,170.18,63.95,177.8,3.42,44.0,3.2,61.0,0.32,25.0,36.0,2.24,1.0,"May 11, 2024"
CJ Vergara,Ramazan Temirov,12.0,5.0,1.0,167.64,64.4,172.72,5.24,58.0,4.62,53.0,0.0,,61.0,0.19,17.0,2.0,1.0,162.56,61.68,160.02,,,,,,,,,0.0,"October 12, 2024"
Charles Johnson,Rafael Estevam,13.0,5.0,0.0,175.26,63.49,177.8,4.23,53.0,3.75,54.0,0.23,14.0,54.0,0.23,11.0,0.0,0.0,172.72,64.85,175.26,6.47,80.0,0.4,50.0,4.04,50.0,,0.0,0.0,"November 18, 2023"
Carlos Candelario,Jake Hadley,8.0,2.0,0.0,172.72,57.14,172.72,3.11,47.0,4.04,43.0,2.33,33.0,54.0,0.33,8.0,1.0,0.0,170.18,56.92,177.8,1.47,38.0,1.73,70.0,0.65,100.0,43.0,1.94,0.0,"November 05, 2022"
Matt Schnell,Jimmy Flick,16.0,9.0,0.0,172.72,61.22,177.8,4.39,39.0,4.64,56.0,0.56,40.0,50.0,0.99,17.0,8.0,0.0,170.18,62.13,172.72,1.94,50.0,5.43,43.0,1.55,22.0,,4.34,1.0,"April 26, 2025"
Manel Kape,Zhalgas Zhumagulov,16.0,6.0,0.0,165.1,58.5,172.72,3.71,48.0,4.23,49.0,0.86,29.0,80.0,0.0,14.0,5.0,0.0,162.56,56.69,168.91,4.21,49.0,4.09,60.0,1.4,21.0,50.0,0.47,1.0,"December 04, 2021"
Amir Albazi,Zhalgas Zhumagulov,13.0,1.0,0.0,165.1,56.69,172.72,,,,,,,,,13.0,4.0,0.0,162.56,56.69,168.91,,,,,,,,,1.0,"January 23, 2021"
Charles Johnson,Jimmy Flick,11.0,3.0,0.0,175.26,56.92,177.8,0.8,55.0,0.8,59.0,0.0,,54.0,0.0,16.0,5.0,0.0,170.18,56.69,172.72,1.99,59.0,2.3,50.0,1.81,50.0,,7.25,1.0,"January 14, 2023"
Malcolm Gordon,Jimmy Flick,14.0,7.0,0.0,170.18,58.73,180.34,1.93,42.0,2.26,43.0,1.61,31.0,9.0,0.81,16.0,7.0,0.0,170.18,56.92,172.72,1.99,51.0,5.05,39.0,1.66,27.0,,4.42,0.0,"January 20, 2024"
Gaston Bolanos,Quang Le,8.0,4.0,0.0,170.18,61.45,175.26,3.88,44.0,3.49,49.0,0.0,,50.0,0.0,8.0,1.0,0.0,168.91,61.68,177.8,1.07,23.0,3.93,24.0,2.0,18.0,,0.0,0.0,"May 03, 2025"
Charles Johnson,Zhalgas Zhumagulov,11.0,3.0,0.0,175.26,56.92,177.8,0.8,55.0,0.8,59.0,0.0,,54.0,0.0,14.0,7.0,0.0,,,,,,,,,,,,1.0,"November 19, 2022"
Michel Pereira,Kyle Daukaus,31.0,13.0,0.0,185.42,84.35,185.42,4.5,52.0,4.33,52.0,1.14,52.0,76.0,0.72,11.0,4.0,0.0,190.5,83.67,193.04,3.22,53.0,2.94,42.0,2.12,26.0,83.0,1.93,0.0,"August 23, 2025"
Eryk Anders,Kyle Daukaus,14.0,7.0,0.0,185.42,83.9,190.5,3.26,47.0,4.2,50.0,1.57,25.0,75.0,0.09,11.0,3.0,0.0,190.5,84.13,193.04,3.05,54.0,2.56,41.0,2.36,31.0,86.0,2.15,1.0,"December 03, 2022"
Xiao Long,Quang Le,2.0,1.0,0.0,,68.12,,5.13,49.0,3.49,55.0,0.67,25.0,78.0,0.0,8.0,1.0,0.0,168.91,61.68,177.8,1.07,23.0,3.93,24.0,2.0,18.0,,0.0,1.0,"November 23, 2024"
Roman Dolidze,Kyle Daukaus,9.0,1.0,0.0,187.96,83.9,193.04,3.64,53.0,1.71,67.0,2.34,60.0,,2.34,11.0,2.0,0.0,190.5,87.76,193.04,3.04,54.0,2.49,40.0,2.4,31.0,86.0,2.18,1.0,"June 18, 2022"
Kevin Holland,Kyle Daukaus,21.0,7.0,0.0,190.5,88.44,205.74,4.14,56.0,2.58,56.0,1.08,45.0,52.0,0.65,10.0,2.0,0.0,190.5,90.16,193.04,3.69,59.0,2.16,43.0,2.33,41.0,94.0,1.67,0.0,"October 02, 2021"
Sean Strickland,Abus Magomedov,26.0,5.0,0.0,185.42,92.52,193.04,5.76,41.0,4.25,63.0,1.04,64.0,85.0,0.23,25.0,4.0,1.0,187.96,84.35,198.12,22.11,100.0,0.0,100.0,0.0,,,0.0,1.0,"July 01, 2023"
Michel Pereira,Ihor Potieria,28.0,11.0,0.0,185.42,83.9,185.42,5.09,54.0,3.74,58.0,1.56,55.0,94.0,0.57,20.0,5.0,0.0,190.5,92.97,190.5,5.19,50.0,5.01,52.0,0.0,0.0,57.0,0.0,1.0,"May 04, 2024"
Cesar Almeida,Ihor Potieria,5.0,0.0,0.0,185.42,84.13,187.96,4.5,65.0,1.31,51.0,0.0,,63.0,0.0,20.0,6.0,0.0,190.5,91.97,190.5,5.13,51.0,5.04,51.0,0.0,0.0,57.0,0.0,1.0,"October 05, 2024"
Caio Borralho,Abus Magomedov,14.0,1.0,0.0,177.8,90.98,190.5,2.59,62.0,1.86,59.0,2.63,67.0,57.0,0.66,25.0,5.0,1.0,187.96,92.47,198.12,5.6,50.0,8.39,57.0,1.55,50.0,,0.0,1.0,"November 04, 2023"
Michel Pereira,Abus Magomedov,31.0,12.0,0.0,185.42,84.13,185.42,4.46,54.0,4.23,53.0,1.27,52.0,77.0,0.81,27.0,6.0,1.0,187.96,83.9,198.12,2.65,44.0,3.35,56.0,3.12,65.0,100.0,0.28,0.0,"April 26, 2025"
Robert Bryczek,Ihor Potieria,17.0,5.0,0.0,182.88,88.89,,,,,,,,,,19.0,5.0,0.0,190.5,92.97,190.5,5.59,57.0,6.56,41.0,0.0,0.0,57.0,0.0,0.0,"February 10, 2024"
Marco Tulio,Ihor Potieria,2.0,0.0,0.0,,,,4.42,51.0,2.78,58.0,1.33,20.0,,0.66,20.0,7.0,0.0,190.5,88.44,190.5,4.57,50.0,4.72,51.0,0.77,19.0,67.0,0.0,1.0,"January 11, 2025"
Rodolfo Bellato,Ihor Potieria,11.0,2.0,0.0,190.5,98.41,191.77,5.39,63.0,4.9,46.0,0.82,25.0,100.0,0.82,19.0,4.0,0.0,190.5,92.97,190.5,4.44,57.0,5.52,43.0,0.0,0.0,33.0,0.0,1.0,"December 02, 2023"
Mauricio Rua,Ihor Potieria,27.0,13.0,1.0,185.42,93.2,193.04,3.57,51.0,2.77,54.0,2.03,49.0,48.0,0.72,19.0,3.0,0.0,190.5,92.52,190.5,4.58,59.0,5.89,43.0,0.0,0.0,33.0,0.0,0.0,"January 21, 2023"
Nicolae Negumereanu,Ihor Potieria,12.0,1.0,0.0,184.15,93.2,198.12,3.39,39.0,5.92,38.0,0.65,18.0,63.0,0.0,1.0,0.0,0.0,190.5,92.29,190.5,4.89,72.0,5.7,32.0,0.0,0.0,,0.0,1.0,"July 30, 2022"
Carlos Ulberg,Ihor Potieria,8.0,1.0,0.0,193.04,93.06,195.58,8.27,62.0,3.53,53.0,0.99,100.0,100.0,0.0,20.0,3.0,0.0,190.5,92.97,190.5,4.72,57.0,5.45,43.0,0.0,0.0,33.0,0.0,1.0,"May 13, 2023"
Tim Means,Andre Fialho,32.0,15.0,1.0,187.96,77.32,190.5,4.93,48.0,3.61,61.0,1.21,44.0,66.0,0.17,16.0,7.0,0.0,182.88,76.87,187.96,3.02,39.0,5.59,51.0,0.0,,60.0,0.0,1.0,"September 23, 2023"
Randy Brown,Khaos Williams,14.0,4.0,0.0,190.5,77.32,198.12,4.21,48.0,3.11,53.0,0.86,44.0,71.0,0.61,13.0,2.0,0.0,182.88,76.64,195.58,5.0,39.0,3.38,50.0,0.0,0.0,50.0,0.0,1.0,"May 07, 2022"
Gabriel Bonfim,Khaos Williams,16.0,1.0,0.0,185.42,77.1,184.15,5.78,43.0,4.38,62.0,2.92,75.0,73.0,1.95,15.0,3.0,0.0,,,195.58,,,,,0.0,,,,1.0,"February 15, 2025"
Miguel Baeza,Andre Fialho,10.0,1.0,0.0,187.96,77.1,189.23,,,,,,,,,14.0,4.0,0.0,182.88,76.87,,3.0,33.0,7.13,47.0,0.0,,75.0,0.0,0.0,"April 16, 2022"
Michel Pereira,Zelim Imadaev,23.0,11.0,0.0,185.42,77.1,185.42,3.04,51.0,3.04,53.0,2.0,57.0,100.0,0.0,8.0,2.0,0.0,182.88,77.1,193.04,,,,,,,,,1.0,"September 05, 2020"
Jeka Saragih,Westin Wilson,14.0,3.0,0.0,172.72,73.92,175.26,,,,,,,,,16.0,9.0,0.0,,,,,,,,,,,,0.0,"June 15, 2024"
Lerone Murphy,Gabriel Santos,11.0,0.0,1.0,175.26,74.38,186.69,2.58,43.0,1.9,63.0,0.76,33.0,37.0,0.76,0.0,0.0,0.0,,73.47,,,,,,,,,,1.0,"March 18, 2023"
Jack Jenkins,Gabriel Santos,13.0,3.0,0.0,,,172.72,,,,,2.12,,,,11.0,2.0,0.0,175.26,66.21,177.8,4.69,60.0,4.77,48.0,3.44,53.0,86.0,0.77,0.0,"February 08, 2025"
David Onama,Gabriel Santos,10.0,2.0,0.0,180.34,65.76,187.96,5.3,46.0,5.75,52.0,1.06,20.0,45.0,0.35,10.0,1.0,0.0,175.26,65.99,177.8,4.6,57.0,6.2,42.0,5.0,45.0,50.0,0.0,1.0,"June 24, 2023"
Darren Elkins,Tristan Connelly,27.0,10.0,0.0,177.8,65.99,180.34,3.44,38.0,3.09,53.0,2.65,33.0,56.0,1.14,14.0,7.0,0.0,177.8,66.21,172.72,2.77,47.0,1.93,52.0,0.5,14.0,70.0,0.5,1.0,"April 30, 2022"
Dricus Du Plessis,Khamzat Chimaev,23.0,2.0,0.0,185.42,83.9,193.04,6.12,49.0,4.9,54.0,2.55,50.0,50.0,0.73,14.0,0.0,0.0,187.96,84.35,190.5,5.36,59.0,3.25,42.0,4.31,47.0,100.0,2.77,0.0,"August 16, 2025"
Robert Whittaker,Khamzat Chimaev,27.0,7.0,0.0,,,186.69,,,,,0.8,,,,13.0,0.0,0.0,187.96,80.95,190.5,5.72,59.0,3.46,42.0,3.99,46.0,100.0,2.66,0.0,"October 26, 2024"
Kamaru Usman,Khamzat Chimaev,20.0,3.0,0.0,182.88,89.34,193.04,4.46,52.0,2.75,54.0,2.96,46.0,97.0,0.1,12.0,0.0,0.0,187.96,80.95,190.5,7.3,60.0,3.98,41.0,3.98,57.0,100.0,3.49,0.0,"October 21, 2023"
Li Jingliang,Khamzat Chimaev,18.0,6.0,0.0,182.88,77.1,181.61,5.01,43.0,3.53,60.0,1.14,33.0,62.0,0.0,9.0,0.0,0.0,187.96,83.9,190.5,9.03,73.0,0.1,67.0,4.67,75.0,,3.11,0.0,"October 30, 2021"
Gilbert Burns,Khamzat Chimaev,20.0,4.0,0.0,177.8,70.29,180.34,3.12,46.0,2.9,55.0,2.16,37.0,50.0,0.62,10.0,0.0,0.0,187.96,77.55,190.5,8.68,77.0,0.08,75.0,4.65,67.0,,5.81,0.0,"April 09, 2022"
Dricus Du Plessis,Sean Strickland,22.0,2.0,0.0,185.42,83.9,193.04,6.18,49.0,4.85,55.0,3.04,50.0,50.0,0.91,29.0,6.0,0.0,,,193.04,,,,,0.78,,,,1.0,"February 08, 2025"
Jack Hermansson,Sean Strickland,22.0,6.0,0.0,185.42,83.9,196.85,4.86,46.0,3.36,55.0,2.09,36.0,75.0,0.61,24.0,3.0,1.0,185.42,83.9,193.04,5.45,40.0,3.73,67.0,1.32,62.0,82.0,0.33,0.0,"February 05, 2022"
Jared Cannonier,Sean Strickland,15.0,6.0,0.0,180.34,84.13,196.85,3.73,51.0,3.5,61.0,0.19,25.0,66.0,0.0,25.0,4.0,0.0,185.42,84.35,193.04,5.54,41.0,4.01,65.0,1.14,62.0,85.0,0.29,1.0,"December 17, 2022"
Brendan Allen,Sean Strickland,15.0,3.0,0.0,187.96,83.9,190.5,2.24,59.0,3.5,31.0,2.24,50.0,75.0,4.47,21.0,3.0,1.0,185.42,77.1,193.04,4.34,35.0,3.62,65.0,1.37,58.0,82.0,0.5,0.0,"November 14, 2020"
Uriah Hall,Sean Strickland,18.0,9.0,0.0,182.88,83.9,201.93,3.34,51.0,3.54,54.0,0.67,39.0,70.0,0.19,23.0,3.0,1.0,185.42,77.1,193.04,5.14,39.0,3.64,68.0,1.14,60.0,82.0,0.38,0.0,"July 31, 2021"
Israel Adesanya,Sean Strickland,24.0,2.0,0.0,193.04,91.79,203.2,3.94,50.0,2.88,58.0,0.06,14.0,78.0,0.17,27.0,5.0,0.0,185.42,91.16,193.04,5.86,41.0,4.28,63.0,1.0,64.0,84.0,0.22,0.0,"September 09, 2023"
Uran Satybaldiev,Diyar Nurgozhay,9.0,1.0,0.0,193.04,100.91,200.66,2.4,26.0,3.87,46.0,0.0,0.0,100.0,0.0,10.0,1.0,0.0,187.96,92.97,187.96,3.13,49.0,3.4,60.0,2.0,100.0,100.0,0.0,1.0,"August 23, 2025"
Lerone Murphy,Dan Ige,14.0,0.0,1.0,,,186.69,,,,,1.59,,,,18.0,8.0,0.0,,,180.34,,,,,0.99,,,,1.0,"October 26, 2024"
Lerone Murphy,Aaron Pico,16.0,0.0,1.0,175.26,65.99,186.69,4.53,54.0,2.48,62.0,1.45,54.0,52.0,0.45,13.0,4.0,0.0,172.72,65.76,179.07,,,,,,,,,1.0,"August 16, 2025"
Bryce Mitchell,Dan Ige,15.0,2.0,0.0,177.8,73.47,177.8,2.48,59.0,1.71,57.0,3.26,44.0,33.0,1.71,17.0,6.0,0.0,170.18,65.99,180.34,3.96,46.0,3.69,58.0,1.15,27.0,56.0,0.31,1.0,"September 23, 2023"
Calvin Kattar,Dan Ige,22.0,4.0,0.0,180.34,65.76,182.88,5.29,42.0,6.46,56.0,0.42,29.0,78.0,0.0,14.0,2.0,0.0,170.18,65.76,180.34,4.14,50.0,3.67,59.0,1.75,28.0,62.0,0.19,1.0,"July 15, 2020"
Josh Emmett,Dan Ige,16.0,2.0,0.0,168.91,65.76,177.8,4.32,39.0,4.02,64.0,1.43,48.0,50.0,0.14,15.0,4.0,0.0,170.18,65.76,180.34,3.82,47.0,3.41,57.0,1.38,25.0,56.0,0.43,1.0,"December 11, 2021"
Mirsad Bektic,Dan Ige,13.0,1.0,0.0,,,177.8,,,,,3.59,,,,11.0,2.0,0.0,170.18,65.76,180.34,3.92,48.0,4.76,60.0,2.8,27.0,60.0,0.47,0.0,"February 08, 2020"
Chan Sung Jung,Dan Ige,16.0,6.0,0.0,170.18,65.76,182.88,4.25,40.0,3.77,61.0,0.81,42.0,75.0,0.64,15.0,3.0,0.0,170.18,65.76,180.34,3.95,47.0,3.36,59.0,1.68,28.0,59.0,0.52,1.0,"June 19, 2021"
Lerone Murphy,Josh Culibao,12.0,0.0,1.0,175.26,65.99,186.69,3.58,49.0,2.64,55.0,0.83,38.0,43.0,0.55,9.0,1.0,1.0,177.8,65.76,185.42,,,,,,,,,1.0,"July 22, 2023"
SeungWoo Choi,Josh Culibao,10.0,4.0,0.0,182.88,65.76,189.23,3.38,40.0,2.91,43.0,0.88,57.0,67.0,0.0,9.0,1.0,1.0,177.8,65.76,185.42,,,,,,,,,0.0,"June 11, 2022"
Charles Jourdain,Josh Culibao,10.0,2.0,0.0,175.26,65.76,175.26,4.85,43.0,4.89,50.0,0.0,,,0.0,0.0,1.0,0.0,177.8,70.29,185.42,,,,,,,,,0.0,"October 03, 2020"
Cody Stamann,Douglas Silva de Andrade,21.0,5.0,1.0,168.91,61.45,163.83,4.47,48.0,3.59,62.0,2.47,41.0,76.0,0.0,28.0,5.0,0.0,170.18,61.45,173.99,3.61,40.0,4.03,58.0,0.68,50.0,70.0,0.23,0.0,"May 13, 2023"
Geoff Neal,Carlos Prates,16.0,6.0,0.0,180.34,77.55,190.5,5.05,51.0,5.44,57.0,0.56,50.0,88.0,0.11,21.0,7.0,0.0,185.42,77.55,198.12,3.6,55.0,4.79,48.0,0.25,100.0,84.0,0.0,0.0,"August 16, 2025"
Lerone Murphy,Douglas Silva de Andrade,9.0,0.0,1.0,175.26,65.76,186.69,,,,,,,,,26.0,3.0,0.0,170.18,65.76,173.99,3.77,37.0,4.54,58.0,0.78,50.0,60.0,0.0,1.0,"January 20, 2021"
Neil Magny,Carlos Prates,29.0,13.0,0.0,190.5,77.55,203.2,3.44,46.0,2.48,52.0,2.15,40.0,54.0,0.25,20.0,6.0,0.0,185.42,77.1,198.12,4.71,57.0,5.02,49.0,0.0,,80.0,0.0,0.0,"November 09, 2024"
Li Jingliang,Carlos Prates,19.0,8.0,0.0,182.88,77.32,181.61,4.46,43.0,3.84,58.0,1.25,42.0,60.0,0.0,19.0,6.0,0.0,185.42,80.73,198.12,4.09,53.0,5.23,39.0,0.0,,80.0,0.0,0.0,"August 17, 2024"
Charles Radtke,Carlos Prates,9.0,3.0,0.0,,,182.88,,,,,,,,,18.0,6.0,0.0,185.42,80.73,198.12,4.38,56.0,5.95,38.0,0.0,,67.0,0.0,0.0,"June 08, 2024"
Trevin Giles,Carlos Prates,16.0,5.0,0.0,182.88,87.07,187.96,2.97,54.0,2.09,60.0,1.27,55.0,71.0,0.35,17.0,6.0,0.0,185.42,80.73,198.12,4.81,64.0,3.69,48.0,0.0,,,0.0,0.0,"February 10, 2024"
Geoff Neal,Rafael Dos Anjos,15.0,6.0,0.0,180.34,77.32,190.5,4.97,51.0,5.47,57.0,0.46,44.0,88.0,0.11,32.0,16.0,0.0,,,177.8,,,,,,,,,1.0,"October 26, 2024"
Bryan Barberena,Rafael Dos Anjos,18.0,8.0,0.0,182.88,77.32,184.15,6.11,49.0,5.01,45.0,0.16,25.0,56.0,0.32,31.0,14.0,0.0,172.72,70.75,177.8,3.58,47.0,3.23,61.0,1.96,35.0,59.0,0.54,0.0,"December 03, 2022"
Mateusz Gamrot,Rafael Dos Anjos,23.0,2.0,0.0,177.8,70.29,179.07,2.97,50.0,3.17,60.0,4.36,31.0,91.0,0.16,32.0,15.0,0.0,172.72,77.55,177.8,3.52,47.0,3.19,61.0,2.01,36.0,57.0,0.59,1.0,"March 09, 2024"
Vicente Luque,Rafael Dos Anjos,21.0,9.0,1.0,180.34,77.32,191.77,5.49,53.0,5.51,52.0,0.51,50.0,62.0,0.76,32.0,14.0,0.0,172.72,77.1,177.8,3.56,47.0,3.21,61.0,2.05,36.0,59.0,0.59,1.0,"August 12, 2023"
Paul Felder,Rafael Dos Anjos,17.0,5.0,0.0,180.34,70.29,179.07,3.53,44.0,3.08,51.0,0.32,33.0,59.0,0.32,29.0,13.0,0.0,172.72,70.29,177.8,3.47,46.0,3.18,63.0,1.82,39.0,58.0,0.63,0.0,"November 14, 2020"
Neil Magny,Shavkat Rakhmonov,26.0,9.0,0.0,190.5,83.9,203.2,3.67,46.0,2.17,56.0,2.37,41.0,58.0,0.27,15.0,0.0,0.0,185.42,84.35,195.58,2.94,53.0,1.56,58.0,1.88,33.0,100.0,1.88,0.0,"June 25, 2022"
Geoff Neal,Shavkat Rakhmonov,15.0,4.0,0.0,180.34,77.55,190.5,5.27,51.0,5.28,61.0,0.59,44.0,86.0,0.15,16.0,0.0,0.0,185.42,84.72,195.58,2.54,53.0,1.39,56.0,2.31,50.0,100.0,1.73,0.0,"March 04, 2023"
Alex Oliveira,Shavkat Rakhmonov,21.0,8.0,1.0,180.34,77.1,194.31,3.09,51.0,2.27,44.0,2.84,37.0,59.0,0.77,12.0,0.0,0.0,185.42,77.1,,,,,,,,,,0.0,"October 24, 2020"
Geoff Neal,Mike Perry,11.0,2.0,0.0,180.34,77.1,190.5,5.81,48.0,3.8,66.0,0.94,50.0,93.0,0.47,13.0,4.0,0.0,177.8,77.1,180.34,4.28,47.0,4.43,58.0,0.62,42.0,70.0,0.0,1.0,"December 14, 2019"
Geoff Neal,Santiago Ponzinibbio,13.0,4.0,0.0,180.34,77.1,190.5,6.0,49.0,3.78,65.0,0.9,50.0,93.0,0.45,29.0,4.0,0.0,182.88,77.1,185.42,4.27,40.0,4.02,65.0,0.54,44.0,61.0,0.0,1.0,"December 11, 2021"
Vicente Luque,Mike Perry,15.0,6.0,1.0,180.34,77.1,191.77,5.13,57.0,4.67,54.0,1.19,50.0,63.0,1.19,12.0,4.0,0.0,177.8,77.1,180.34,4.02,45.0,4.44,58.0,0.83,56.0,68.0,0.0,1.0,"August 10, 2019"
Geoff Neal,Niko Price,11.0,2.0,0.0,180.34,77.1,190.5,5.95,45.0,4.01,67.0,0.0,,92.0,0.62,13.0,2.0,0.0,182.88,77.1,193.04,2.93,33.0,4.29,54.0,1.29,29.0,67.0,1.62,1.0,"July 27, 2019"
Vicente Luque,Niko Price,17.0,6.0,1.0,,,191.77,,,,,0.82,,,,13.0,3.0,0.0,182.88,77.1,193.04,2.93,33.0,4.29,54.0,1.29,29.0,67.0,1.62,1.0,"May 09, 2020"
Themba Gorimbo,Niko Price,13.0,4.0,0.0,185.42,82.72,195.58,2.53,69.0,1.08,47.0,4.04,59.0,79.0,0.0,16.0,7.0,0.0,182.88,77.1,193.04,5.65,43.0,5.69,49.0,1.15,32.0,62.0,0.63,1.0,"October 12, 2024"
Alex Oliveira,Niko Price,22.0,10.0,1.0,180.34,80.82,194.31,3.09,51.0,2.27,44.0,2.84,37.0,59.0,0.77,14.0,6.0,0.0,182.88,82.54,193.04,5.29,41.0,5.87,49.0,0.75,21.0,67.0,0.91,0.0,"October 02, 2021"
Donald Cerrone,Niko Price,36.0,15.0,0.0,,,185.42,,,,,1.23,,,,14.0,5.0,0.0,182.88,77.1,193.04,2.93,33.0,4.29,54.0,1.29,29.0,67.0,1.62,0.0,"September 19, 2020"
Jared Cannonier,Michael Page,18.0,8.0,0.0,180.34,84.13,196.85,4.6,50.0,4.49,57.0,0.46,44.0,64.0,0.0,23.0,3.0,0.0,190.5,77.1,200.66,2.53,62.0,1.78,55.0,0.3,20.0,64.0,0.0,0.0,"August 16, 2025"
Kevin Holland,Santiago Ponzinibbio,23.0,9.0,0.0,190.5,77.32,205.74,4.06,55.0,2.96,52.0,0.89,41.0,51.0,0.52,30.0,6.0,0.0,182.88,81.41,185.42,5.02,42.0,4.65,61.0,0.52,30.0,61.0,0.0,1.0,"April 08, 2023"
Shara Magomedov,Michael Page,15.0,0.0,0.0,187.96,83.9,185.42,6.82,65.0,4.49,43.0,0.0,,71.0,0.0,22.0,3.0,0.0,190.5,77.1,200.66,2.38,65.0,1.45,54.0,0.44,25.0,64.0,0.0,0.0,"February 01, 2025"
Jared Cannonier,Nassourdine Imavov,17.0,6.0,0.0,180.34,83.81,196.85,4.68,52.0,4.13,60.0,0.44,43.0,63.0,0.0,13.0,4.0,0.0,190.5,83.9,190.5,4.53,54.0,3.26,62.0,0.87,32.0,77.0,1.49,0.0,"June 08, 2024"
Robbie Lawler,Niko Price,29.0,16.0,0.0,180.34,77.55,187.96,3.83,47.0,4.67,59.0,0.65,64.0,65.0,0.0,15.0,6.0,0.0,182.88,77.1,193.04,5.48,43.0,5.57,49.0,0.7,21.0,64.0,0.7,1.0,"July 08, 2023"
Roman Dolidze,Nassourdine Imavov,12.0,2.0,0.0,187.96,92.74,193.04,3.02,44.0,3.01,55.0,1.72,50.0,33.0,1.72,12.0,4.0,0.0,190.5,88.75,190.5,4.55,53.0,3.76,59.0,1.09,32.0,73.0,1.72,0.0,"February 03, 2024"
Kevin Holland,Michael Page,25.0,10.0,0.0,190.5,77.32,205.74,4.39,49.0,3.22,52.0,0.78,39.0,53.0,0.52,21.0,2.0,0.0,190.5,77.1,200.66,4.53,77.0,0.45,78.0,3.4,100.0,100.0,0.0,0.0,"March 09, 2024"
Israel Adesanya,Nassourdine Imavov,24.0,4.0,0.0,193.04,83.9,203.2,4.0,48.0,3.21,56.0,0.05,13.0,76.0,0.14,15.0,4.0,0.0,190.5,84.35,190.5,4.51,56.0,3.2,59.0,0.88,36.0,78.0,1.18,0.0,"February 01, 2025"
Edmen Shahbazyan,Nassourdine Imavov,11.0,2.0,0.0,187.96,84.08,187.96,3.26,51.0,4.41,50.0,4.54,41.0,58.0,0.5,10.0,3.0,0.0,190.5,83.72,190.5,4.3,55.0,2.23,58.0,0.79,22.0,69.0,1.57,0.0,"November 06, 2021"
Jared Cannonier,Derek Brunson,14.0,5.0,0.0,180.34,83.9,196.85,3.62,51.0,2.76,67.0,0.2,33.0,45.0,0.0,23.0,7.0,0.0,185.42,83.9,195.58,3.45,48.0,2.68,54.0,3.15,34.0,94.0,0.51,1.0,"February 12, 2022"
Robert Whittaker,Kelvin Gastelum,22.0,5.0,0.0,182.88,83.9,186.69,4.82,41.0,3.65,61.0,0.37,57.0,84.0,0.0,17.0,6.0,0.0,175.26,83.9,181.61,3.86,44.0,2.87,61.0,0.82,50.0,63.0,0.18,1.0,"April 17, 2021"
Jack Hermansson,Kelvin Gastelum,20.0,4.0,0.0,185.42,84.35,196.85,4.9,56.0,1.77,64.0,2.38,47.0,73.0,0.89,16.0,4.0,0.0,175.26,83.9,181.61,3.86,44.0,2.87,61.0,0.82,50.0,63.0,0.18,1.0,"July 18, 2020"
Chris Curtis,Kelvin Gastelum,30.0,9.0,0.0,177.8,84.35,191.77,5.82,56.0,6.39,56.0,0.0,,100.0,0.0,17.0,8.0,0.0,175.26,84.35,181.61,3.53,42.0,3.24,58.0,1.05,32.0,63.0,0.11,0.0,"April 08, 2023"
Sean Brady,Kelvin Gastelum,15.0,1.0,0.0,177.8,83.9,182.88,4.17,53.0,3.86,62.0,2.8,50.0,88.0,0.8,18.0,8.0,0.0,175.26,86.62,181.61,3.63,42.0,3.31,59.0,1.0,31.0,63.0,0.1,1.0,"December 02, 2023"
Sean Strickland,Nassourdine Imavov,25.0,5.0,0.0,185.42,92.52,193.04,5.59,41.0,4.18,64.0,1.09,63.0,85.0,0.26,12.0,3.0,0.0,190.5,87.98,190.5,4.08,55.0,2.43,63.0,0.95,24.0,76.0,2.38,1.0,"January 14, 2023"
Jared Cannonier,Kelvin Gastelum,13.0,4.0,0.0,180.34,92.97,196.85,3.62,51.0,2.76,67.0,0.2,33.0,45.0,0.0,17.0,7.0,0.0,175.26,83.9,181.61,3.64,44.0,2.92,59.0,1.22,39.0,65.0,0.14,1.0,"August 21, 2021"
Uriah Hall,Anderson Silva,16.0,9.0,0.0,182.88,84.35,201.93,3.43,51.0,3.82,53.0,0.84,39.0,71.0,0.24,34.0,10.0,0.0,187.96,83.9,195.58,3.06,60.0,3.15,61.0,0.18,75.0,69.0,0.35,1.0,"October 31, 2020"
Jared Cannonier,Anderson Silva,11.0,4.0,0.0,180.34,92.97,196.85,3.63,51.0,2.83,68.0,0.21,33.0,45.0,0.0,34.0,9.0,0.0,187.96,83.9,196.85,3.09,60.0,3.14,62.0,0.18,75.0,69.0,0.36,1.0,"May 11, 2019"
Nikita Krylov,Dominick Reyes,30.0,9.0,0.0,190.5,96.6,196.85,4.38,56.0,2.47,45.0,2.29,38.0,53.0,1.44,14.0,4.0,0.0,193.04,92.97,195.58,5.64,54.0,3.59,49.0,0.31,29.0,83.0,0.31,0.0,"April 12, 2025"
Tim Elliott,Kai Asakura,21.0,13.0,1.0,170.18,61.68,167.64,3.39,45.0,2.66,57.0,3.73,47.0,59.0,1.04,21.0,5.0,0.0,172.72,56.46,175.26,2.4,59.0,4.52,38.0,0.0,,57.0,0.0,1.0,"August 16, 2025"
Jon Jones,Dominick Reyes,24.0,1.0,0.0,,,214.63,,,,,1.9,,,,11.0,0.0,0.0,,,195.58,,,,,0.4,,,,1.0,"February 08, 2020"
Corey Anderson,Jan Blachowicz,13.0,4.0,0.0,,,200.66,,,,,4.96,,,,24.0,8.0,0.0,,,198.12,,,,,1.39,,,,0.0,"February 15, 2020"
Dominick Reyes,Jan Blachowicz,12.0,1.0,0.0,,,,,,,,,,,,26.0,8.0,0.0,,,,,,,,,,,,0.0,"September 26, 2020"
Alexandre Pantoja,Kai Asakura,28.0,5.0,0.0,165.1,56.46,170.18,4.41,50.0,3.97,50.0,2.61,48.0,68.0,0.84,21.0,4.0,0.0,,,,,,,,,,,,1.0,"December 07, 2024"
Tim Elliott,Muhammad Mokaev,20.0,12.0,1.0,170.18,57.14,167.64,3.47,44.0,2.76,57.0,3.88,47.0,60.0,0.92,11.0,0.0,0.0,170.18,56.69,177.8,1.14,54.0,0.87,62.0,7.34,54.0,,1.34,0.0,"October 21, 2023"
Daniel Barez,Victor Altamirano,16.0,6.0,0.0,167.64,56.69,167.64,3.8,53.0,5.32,55.0,4.07,31.0,92.0,1.63,12.0,4.0,0.0,172.72,63.9,177.8,4.55,57.0,3.7,54.0,3.43,39.0,63.0,0.0,1.0,"September 28, 2024"
Alex Perez,Muhammad Mokaev,24.0,7.0,0.0,167.64,62.59,166.37,4.67,48.0,3.14,60.0,2.84,44.0,78.0,1.29,11.0,0.0,0.0,170.18,56.69,177.8,1.12,51.0,1.19,52.0,6.47,53.0,,1.29,0.0,"March 02, 2024"
Tim Elliott,Victor Altamirano,19.0,12.0,1.0,170.18,57.14,167.64,3.58,44.0,2.86,57.0,3.73,45.0,61.0,0.99,12.0,2.0,0.0,172.72,61.22,177.8,6.15,58.0,4.65,54.0,2.47,24.0,74.0,0.0,1.0,"June 03, 2023"
Brandon Royval,Matheus Nicolau,14.0,6.0,0.0,175.26,63.49,172.72,3.32,37.0,2.72,50.0,0.7,100.0,39.0,2.44,19.0,3.0,1.0,167.64,57.14,167.64,3.72,54.0,3.08,67.0,1.52,45.0,93.0,0.91,1.0,"April 15, 2023"
Tim Elliott,Tagir Ulanbekov,18.0,12.0,1.0,170.18,56.92,167.64,3.45,44.0,2.63,58.0,3.79,46.0,57.0,1.06,14.0,1.0,0.0,170.18,56.69,177.8,2.13,40.0,2.4,52.0,4.5,56.0,56.0,0.5,1.0,"March 05, 2022"
Tim Elliott,Matheus Nicolau,18.0,11.0,1.0,170.18,56.69,167.64,3.35,46.0,2.49,59.0,4.01,49.0,58.0,1.15,14.0,3.0,1.0,167.64,64.85,167.64,3.79,52.0,2.83,68.0,1.93,44.0,100.0,1.45,0.0,"October 09, 2021"
Tim Elliott,Jordan Espinosa,17.0,11.0,1.0,170.18,56.69,167.64,3.41,47.0,2.53,60.0,4.31,56.0,59.0,1.18,15.0,7.0,0.0,167.64,56.69,176.53,2.85,44.0,5.6,56.0,0.79,25.0,83.0,0.0,1.0,"March 06, 2021"
Manel Kape,Matheus Nicolau,15.0,5.0,0.0,165.1,56.69,172.72,,,,,,,,,13.0,3.0,1.0,167.64,61.22,167.64,3.83,52.0,2.43,71.0,1.9,67.0,100.0,1.59,0.0,"March 13, 2021"
Tim Elliott,Ryan Benoit,16.0,11.0,1.0,170.18,56.69,167.64,3.41,47.0,2.53,60.0,4.31,56.0,59.0,1.18,10.0,6.0,0.0,165.1,56.69,173.99,2.38,36.0,3.2,60.0,0.24,20.0,63.0,0.24,1.0,"July 15, 2020"
Tim Elliott,Brandon Royval,16.0,9.0,1.0,,,167.64,,,,,4.14,,,,0.0,0.0,0.0,175.26,56.69,179.07,,,,,,,,,0.0,"May 30, 2020"
Alexandre Pantoja,Brandon Royval,23.0,5.0,0.0,165.1,56.69,171.45,4.3,48.0,3.39,54.0,0.94,35.0,68.0,0.94,12.0,4.0,0.0,175.26,56.69,172.72,1.93,48.0,2.05,47.0,1.81,100.0,60.0,3.61,1.0,"August 21, 2021"
Brandon Moreno,Brandon Royval,16.0,5.0,1.0,170.18,56.69,177.8,3.0,35.0,2.94,63.0,1.75,41.0,70.0,0.54,11.0,4.0,0.0,175.26,56.69,172.72,1.93,48.0,2.05,47.0,1.81,100.0,60.0,3.61,1.0,"November 21, 2020"
Kai Kara-France,Brandon Royval,21.0,8.0,0.0,,,,,,,,,,,,1.0,0.0,0.0,175.26,56.69,172.72,1.93,48.0,2.05,47.0,1.81,100.0,60.0,3.61,0.0,"September 26, 2020"
Alexandre Pantoja,Brandon Royval,26.0,5.0,0.0,165.1,56.69,170.18,4.41,48.0,3.81,52.0,1.75,45.0,67.0,1.03,15.0,6.0,0.0,175.26,56.46,172.72,3.45,38.0,2.63,50.0,0.66,100.0,39.0,2.32,1.0,"December 16, 2023"
Brandon Moreno,Brandon Royval,21.0,7.0,2.0,170.18,61.68,177.8,3.8,43.0,3.4,56.0,1.73,46.0,64.0,0.51,15.0,7.0,0.0,175.26,63.85,172.72,3.8,43.0,3.05,46.0,0.43,67.0,40.0,1.5,0.0,"February 24, 2024"
Bruno Silva,Tagir Ulanbekov,0.0,1.0,0.0,162.56,61.22,165.1,,,,,,,,,12.0,1.0,0.0,,,,,,,,,,,,0.0,"October 10, 2020"
Alexandre Pantoja,Askar Askarov,22.0,4.0,0.0,165.1,56.69,170.18,4.58,47.0,3.53,57.0,1.1,35.0,61.0,1.28,1.0,0.0,1.0,167.64,56.69,170.18,3.43,48.0,2.7,58.0,2.0,22.0,67.0,0.0,0.0,"July 18, 2020"
Brandon Moreno,Askar Askarov,15.0,5.0,0.0,170.18,56.69,177.8,2.65,34.0,3.02,65.0,2.71,41.0,62.0,0.9,,,,,56.69,,,,,,,,,,0.0,"September 21, 2019"
Tim Elliott,Askar Askarov,16.0,8.0,1.0,,,167.64,,,,,4.26,,,,10.0,0.0,0.0,,,170.18,,,,,,,,,0.0,"January 18, 2020"
Joseph Benavidez,Askar Askarov,28.0,7.0,0.0,162.56,56.69,165.1,3.45,34.0,2.54,63.0,1.45,30.0,66.0,0.6,12.0,0.0,1.0,167.64,56.69,170.18,3.43,48.0,2.7,58.0,2.0,22.0,67.0,0.0,0.0,"March 06, 2021"
Jordan Espinosa,Mark De La Rosa,14.0,7.0,0.0,167.64,56.69,176.53,2.85,44.0,5.6,56.0,0.79,25.0,83.0,0.0,11.0,3.0,0.0,,,165.1,,,,,0.66,,,,1.0,"June 13, 2020"
Kai Kara-France,Mark De La Rosa,19.0,7.0,0.0,165.1,56.69,168.91,4.8,42.0,2.77,68.0,1.0,29.0,91.0,0.0,11.0,2.0,0.0,167.64,61.22,165.1,2.72,40.0,3.34,53.0,0.69,20.0,50.0,0.34,1.0,"August 31, 2019"
Alex Perez,Mark De La Rosa,21.0,5.0,0.0,167.64,61.22,166.37,5.04,48.0,4.1,59.0,4.0,47.0,88.0,1.5,11.0,1.0,0.0,167.64,61.22,165.1,3.24,43.0,3.0,57.0,1.05,20.0,50.0,0.52,1.0,"March 30, 2019"
Robert Whittaker,Reinier de Ridder,27.0,8.0,0.0,182.88,84.13,186.69,4.54,43.0,3.41,60.0,0.8,38.0,81.0,0.0,20.0,2.0,0.0,193.04,84.13,198.12,3.25,61.0,2.21,44.0,4.74,39.0,67.0,1.36,0.0,"July 26, 2025"
Kevin Holland,Reinier de Ridder,26.0,12.0,0.0,190.5,89.12,205.74,4.24,49.0,3.21,51.0,0.83,39.0,54.0,0.59,18.0,2.0,0.0,193.04,83.9,198.12,3.24,58.0,2.56,44.0,6.39,38.0,100.0,1.28,0.0,"January 18, 2025"
Gerald Meerschaert,Reinier de Ridder,37.0,17.0,0.0,185.42,92.52,196.85,3.13,45.0,3.47,54.0,2.14,36.0,34.0,1.63,17.0,2.0,0.0,,,,,,,,,,,,0.0,"November 09, 2024"
Gerald Meerschaert,Bryan Barberena,35.0,17.0,0.0,185.42,83.9,196.85,3.3,45.0,3.5,53.0,2.01,38.0,34.0,1.53,18.0,11.0,0.0,182.88,89.8,184.15,5.53,48.0,4.74,44.0,0.14,22.0,50.0,0.28,1.0,"March 16, 2024"
Robbie Lawler,Bryan Barberena,29.0,15.0,0.0,180.34,82.54,187.96,3.73,47.0,4.42,60.0,0.66,64.0,65.0,0.0,17.0,8.0,0.0,182.88,77.32,184.15,5.61,49.0,4.83,45.0,0.17,25.0,56.0,0.34,0.0,"July 02, 2022"
Makhmud Muradov,Bryan Barberena,25.0,8.0,0.0,187.96,84.13,191.77,4.35,42.0,2.72,60.0,0.7,38.0,76.0,0.23,18.0,10.0,0.0,182.88,83.45,184.15,5.81,49.0,4.83,44.0,0.15,25.0,54.0,0.3,1.0,"July 22, 2023"
Gerald Meerschaert,Joe Pyfer,35.0,15.0,0.0,185.42,83.9,196.85,3.11,44.0,3.45,53.0,2.17,38.0,29.0,1.73,9.0,2.0,0.0,187.96,83.9,190.5,3.49,44.0,2.55,55.0,2.01,100.0,50.0,1.01,0.0,"April 08, 2023"
Gunnar Nelson,Bryan Barberena,18.0,5.0,1.0,180.34,82.54,182.88,1.83,60.0,3.05,50.0,1.86,60.0,67.0,0.93,18.0,9.0,0.0,182.88,83.45,184.15,5.92,49.0,4.9,44.0,0.16,25.0,55.0,0.31,1.0,"March 18, 2023"
Jack Hermansson,Joe Pyfer,23.0,8.0,0.0,185.42,90.02,196.85,5.13,44.0,3.69,55.0,1.66,30.0,75.0,0.44,12.0,2.0,0.0,187.96,84.13,190.5,3.64,45.0,2.34,56.0,2.97,83.0,50.0,1.78,1.0,"February 10, 2024"
Matt Brown,Bryan Barberena,25.0,18.0,0.0,182.88,77.1,190.5,3.68,55.0,2.68,56.0,1.52,44.0,64.0,1.4,15.0,8.0,0.0,182.88,77.1,184.15,5.44,49.0,4.77,46.0,0.19,25.0,58.0,0.37,0.0,"March 26, 2022"
Kelvin Gastelum,Joe Pyfer,20.0,9.0,0.0,175.26,84.35,181.61,3.74,42.0,3.48,58.0,1.1,35.0,59.0,0.1,14.0,3.0,0.0,187.96,83.9,190.5,3.74,43.0,3.2,55.0,1.35,43.0,60.0,0.68,0.0,"June 07, 2025"
Gerald Meerschaert,Deron Winn,30.0,13.0,0.0,185.42,83.9,196.85,3.31,43.0,3.58,51.0,2.34,44.0,47.0,1.67,6.0,0.0,0.0,167.64,83.9,177.8,,,,,,,,,1.0,"March 07, 2020"
Phil Hawes,Deron Winn,,,,,,,,,,,,,,,7.0,3.0,0.0,167.64,84.35,177.8,4.55,45.0,6.21,46.0,4.28,53.0,40.0,0.0,1.0,"June 18, 2022"
Jacare Souza,Jack Hermansson,26.0,8.0,0.0,185.42,84.35,182.88,2.85,52.0,5.08,63.0,1.28,25.0,61.0,0.79,19.0,4.0,0.0,185.42,83.9,196.85,4.9,56.0,1.77,64.0,2.38,47.0,73.0,0.89,0.0,"April 27, 2019"
David Branch,Jack Hermansson,22.0,5.0,0.0,185.42,83.9,198.12,1.67,40.0,1.89,56.0,2.58,33.0,43.0,0.0,19.0,4.0,0.0,185.42,83.9,196.85,4.9,56.0,1.77,64.0,2.38,47.0,73.0,0.89,0.0,"March 30, 2019"
Marc-Andre Barriault,Oskar Piechota,12.0,4.0,0.0,185.42,83.9,187.96,3.53,43.0,4.2,58.0,0.33,17.0,68.0,0.0,11.0,4.0,1.0,182.88,83.9,193.04,3.19,55.0,3.04,55.0,0.76,50.0,42.0,1.9,0.0,"June 20, 2020"
Rodolfo Vieira,Oskar Piechota,5.0,0.0,0.0,185.42,83.9,,1.91,46.0,2.33,49.0,4.77,43.0,,1.59,11.0,1.0,1.0,182.88,83.9,193.04,3.58,57.0,2.83,58.0,1.12,50.0,25.0,2.8,1.0,"August 10, 2019"
Punahele Soriano,Oskar Piechota,4.0,0.0,0.0,180.34,,184.15,,,,,,,,,11.0,2.0,1.0,182.88,83.9,193.04,3.26,56.0,2.59,57.0,0.83,50.0,45.0,2.07,1.0,"December 14, 2019"
Jessica Andrade,Loopy Godinez,26.0,15.0,0.0,156.21,52.61,157.48,6.37,49.0,5.58,54.0,2.1,54.0,75.0,0.31,13.0,5.0,0.0,157.48,52.61,154.94,4.28,49.0,3.87,61.0,3.12,47.0,81.0,0.93,0.0,"August 16, 2025"
Angela Hill,Loopy Godinez,14.0,12.0,0.0,160.02,54.2,163.83,5.36,49.0,4.98,63.0,0.61,29.0,77.0,0.1,8.0,2.0,0.0,157.48,52.15,154.94,2.23,58.0,1.73,58.0,5.37,46.0,80.0,0.93,1.0,"August 13, 2022"
Mackenzie Dern,Loopy Godinez,13.0,5.0,0.0,162.56,52.61,160.02,3.31,40.0,4.09,51.0,0.79,15.0,29.0,1.31,12.0,4.0,0.0,157.48,52.15,154.94,4.13,48.0,3.58,63.0,3.04,47.0,84.0,1.01,1.0,"August 03, 2024"
Loma Lookboonmee,Loopy Godinez,6.0,2.0,0.0,154.94,52.15,156.21,,,,,,,,,7.0,2.0,0.0,157.48,52.15,154.94,2.65,59.0,1.77,66.0,6.24,53.0,86.0,0.78,0.0,"November 20, 2021"
Jessica Penne,Loopy Godinez,12.0,6.0,0.0,165.1,52.15,170.18,2.46,33.0,4.73,48.0,1.58,25.0,20.0,0.63,5.0,1.0,0.0,,,,,,,,,,,,1.0,"April 17, 2021"
Tabatha Ricci,Loopy Godinez,9.0,2.0,0.0,154.94,56.51,154.94,4.12,37.0,4.45,61.0,4.23,49.0,67.0,0.25,12.0,3.0,0.0,157.48,56.15,154.94,4.31,49.0,3.76,62.0,3.39,47.0,86.0,1.13,0.0,"November 11, 2023"
Ariane Carnelossi,Loopy Godinez,14.0,2.0,0.0,157.48,52.15,156.21,4.21,40.0,5.52,48.0,2.39,63.0,25.0,0.48,7.0,2.0,0.0,,,,,,,,,,,,0.0,"May 07, 2022"
Cynthia Calvillo,Loopy Godinez,9.0,5.0,1.0,162.56,52.15,162.56,4.16,40.0,3.95,65.0,1.88,44.0,75.0,0.89,8.0,3.0,0.0,157.48,53.97,154.94,2.97,48.0,2.47,60.0,4.54,45.0,81.0,0.76,0.0,"April 08, 2023"
Virna Jandiroba,Loopy Godinez,19.0,3.0,0.0,160.02,57.78,162.56,2.3,39.0,2.96,57.0,2.36,36.0,74.0,1.25,12.0,3.0,0.0,157.48,56.01,154.94,4.31,49.0,3.76,62.0,3.39,47.0,86.0,1.13,1.0,"March 30, 2024"
Jessica Andrade,Jasmine Jasudavicius,26.0,13.0,0.0,156.21,56.46,157.48,6.44,50.0,5.51,55.0,2.23,55.0,72.0,0.34,13.0,3.0,0.0,170.18,56.69,172.72,3.71,46.0,3.67,51.0,2.55,45.0,75.0,0.51,0.0,"May 10, 2025"
Tracy Cortez,Jasmine Jasudavicius,10.0,1.0,0.0,165.1,62.59,166.37,3.56,55.0,2.32,59.0,2.8,48.0,71.0,0.4,9.0,2.0,0.0,170.18,60.23,172.72,3.23,41.0,3.92,51.0,2.2,44.0,79.0,0.0,1.0,"September 16, 2023"
Miranda Maverick,Jasmine Jasudavicius,13.0,4.0,0.0,161.29,56.92,166.37,3.74,44.0,2.53,60.0,2.7,62.0,44.0,0.42,8.0,2.0,0.0,170.18,56.92,172.72,2.92,41.0,3.85,51.0,2.5,42.0,73.0,0.0,0.0,"June 10, 2023"
Kay Hansen,Jasmine Jasudavicius,7.0,4.0,0.0,157.48,52.15,160.02,,,,,,,,,1.0,0.0,0.0,170.18,56.69,172.72,,,,,,,,,0.0,"January 22, 2022"
Jessica Andrade,Natalia Silva,26.0,12.0,0.0,156.21,56.46,157.48,6.62,51.0,5.37,55.0,2.37,56.0,72.0,0.35,17.0,5.0,1.0,162.56,56.92,165.1,4.53,45.0,2.1,65.0,0.5,29.0,91.0,0.0,0.0,"September 07, 2024"
Viviane Araujo,Natalia Silva,12.0,5.0,0.0,162.56,62.36,172.72,4.34,48.0,5.19,56.0,1.83,46.0,78.0,0.67,16.0,5.0,1.0,162.56,63.49,165.1,5.2,49.0,2.23,66.0,0.68,33.0,93.0,0.0,0.0,"February 03, 2024"
Alexa Grasso,Natalia Silva,16.0,4.0,1.0,165.1,56.24,167.64,4.19,42.0,3.69,58.0,0.44,40.0,55.0,0.65,18.0,5.0,1.0,162.56,56.92,165.1,5.19,48.0,2.35,65.0,0.4,25.0,92.0,0.0,0.0,"May 10, 2025"
Jasmine Jasudavicius,Natalia Silva,7.0,1.0,0.0,170.18,59.41,172.72,4.0,44.0,3.63,53.0,3.0,60.0,86.0,0.0,0.0,0.0,0.0,,,,,,,,,,,,0.0,"June 18, 2022"
Jessica Andrade,Marina Rodriguez,25.0,12.0,0.0,156.21,52.61,157.48,6.67,51.0,5.36,55.0,2.45,55.0,72.0,0.38,17.0,3.0,2.0,167.64,52.61,165.1,4.77,49.0,2.89,56.0,0.25,43.0,66.0,0.16,1.0,"April 13, 2024"
Andrea Lee,Natalia Silva,13.0,7.0,0.0,167.64,57.14,176.53,5.13,49.0,3.59,64.0,2.04,58.0,54.0,0.64,14.0,5.0,1.0,162.56,56.69,165.1,5.33,55.0,1.85,67.0,1.13,33.0,92.0,0.0,0.0,"August 19, 2023"
Carla Esparza,Marina Rodriguez,17.0,6.0,0.0,154.94,52.15,160.02,2.22,41.0,2.86,54.0,3.53,36.0,49.0,0.32,12.0,0.0,2.0,167.64,52.15,165.1,5.82,51.0,3.27,59.0,0.33,20.0,85.0,0.33,1.0,"July 25, 2020"
Jessica Andrade,Mackenzie Dern,24.0,12.0,0.0,156.21,58.78,157.48,6.68,51.0,5.34,54.0,2.54,55.0,70.0,0.39,13.0,3.0,0.0,162.56,56.87,160.02,3.36,40.0,4.09,51.0,0.81,15.0,40.0,1.51,1.0,"November 11, 2023"
Nina Nunes,Mackenzie Dern,10.0,6.0,0.0,165.1,52.15,162.56,4.81,47.0,3.55,54.0,0.29,40.0,78.0,0.58,9.0,1.0,0.0,162.56,55.78,160.02,3.14,32.0,3.97,65.0,0.43,8.0,,1.28,0.0,"April 10, 2021"
Amanda Lemos,Mackenzie Dern,13.0,3.0,1.0,162.56,56.87,165.1,3.54,55.0,4.66,43.0,0.82,56.0,56.0,0.82,13.0,4.0,0.0,162.56,56.24,160.02,3.49,40.0,4.21,51.0,0.77,14.0,40.0,1.43,1.0,"February 17, 2024"
Zhang Weili,Tatiana Suarez,19.0,1.0,0.0,,,160.02,,,,,1.78,,,,11.0,0.0,0.0,165.1,52.38,167.64,4.27,64.0,1.38,51.0,6.2,61.0,100.0,0.92,1.0,"February 08, 2025"
Jessica Andrade,Tatiana Suarez,24.0,11.0,0.0,156.21,59.86,157.48,6.82,51.0,5.4,54.0,2.61,55.0,74.0,0.4,10.0,0.0,0.0,165.1,58.5,167.64,4.35,66.0,1.34,49.0,6.12,59.0,100.0,0.76,0.0,"August 05, 2023"
Mackenzie Dern,Marina Rodriguez,11.0,1.0,0.0,162.56,52.15,160.02,3.64,39.0,3.57,62.0,0.51,10.0,,2.3,14.0,1.0,2.0,167.64,58.05,165.1,4.89,49.0,3.24,54.0,0.28,33.0,63.0,0.14,0.0,"October 09, 2021"
Emily Ducote,Loopy Godinez,12.0,7.0,0.0,157.48,52.38,160.02,6.23,49.0,8.17,58.0,0.0,0.0,100.0,0.0,9.0,3.0,0.0,157.48,56.05,154.94,3.42,48.0,3.18,63.0,3.82,44.0,78.0,0.64,0.0,"May 20, 2023"
Jessica Andrade,Yan Xiaonan,24.0,10.0,0.0,156.21,59.86,157.48,6.84,51.0,5.34,55.0,2.64,55.0,74.0,0.41,,,,,,,,,,,,,,,0.0,"May 06, 2023"
Marina Rodriguez,Yan Xiaonan,16.0,1.0,2.0,167.64,52.61,165.1,5.03,48.0,3.07,58.0,0.2,33.0,66.0,0.2,13.0,3.0,0.0,165.1,52.61,160.02,5.66,42.0,3.77,62.0,1.06,67.0,65.0,0.0,1.0,"March 05, 2022"
Zhang Weili,Yan Xiaonan,,,,,,,,,,,,,,,,,,,,,,,,,,,,,1.0,"April 13, 2024"
Mackenzie Dern,Yan Xiaonan,12.0,2.0,0.0,162.56,52.15,160.02,3.16,35.0,4.35,55.0,0.46,9.0,40.0,1.98,,,,,,,,,,,,,,,0.0,"October 01, 2022"
Karolina Kowalkiewicz,Yan Xiaonan,13.0,4.0,0.0,,,162.56,,,,,0.11,,,,11.0,1.0,0.0,,,160.02,,,,,0.25,,,,0.0,"February 22, 2020"
Claudia Gadelha,Yan Xiaonan,18.0,4.0,0.0,162.56,52.15,161.29,3.17,42.0,4.38,58.0,3.34,47.0,59.0,0.81,12.0,1.0,0.0,165.1,52.15,160.02,6.85,40.0,4.22,64.0,0.25,50.0,67.0,0.0,0.0,"November 07, 2020"
Jessica Andrade,Erin Blanchfield,24.0,9.0,0.0,156.21,59.86,157.48,6.8,52.0,5.26,55.0,2.72,56.0,74.0,0.42,10.0,1.0,0.0,162.56,59.86,167.64,5.79,57.0,2.45,61.0,4.0,69.0,75.0,1.45,0.0,"February 18, 2023"
Miranda Maverick,Erin Blanchfield,11.0,3.0,0.0,161.29,56.92,166.37,3.76,42.0,2.78,58.0,1.2,67.0,44.0,0.0,7.0,1.0,0.0,162.56,60.23,167.64,5.53,60.0,2.07,65.0,5.0,91.0,100.0,0.5,0.0,"December 11, 2021"
Jessica Andrade,Cynthia Calvillo,21.0,9.0,0.0,156.21,61.04,157.48,6.15,50.0,5.2,53.0,2.97,56.0,66.0,0.39,9.0,3.0,1.0,162.56,56.69,162.56,4.18,42.0,3.52,67.0,1.85,44.0,71.0,1.11,1.0,"September 25, 2021"
Marina Rodriguez,Cynthia Calvillo,12.0,0.0,1.0,170.18,52.15,170.18,5.82,51.0,3.27,59.0,0.33,20.0,85.0,0.33,8.0,1.0,0.0,162.56,52.15,162.56,3.87,40.0,3.5,64.0,1.57,37.0,69.0,2.02,0.0,"December 07, 2019"
Jessica Eye,Cynthia Calvillo,15.0,8.0,0.0,167.64,61.22,167.64,3.79,38.0,3.39,60.0,0.46,45.0,59.0,0.65,9.0,1.0,1.0,162.56,52.15,162.56,4.12,43.0,3.54,63.0,1.83,43.0,69.0,1.65,0.0,"June 13, 2020"
Cortney Casey,Cynthia Calvillo,8.0,7.0,0.0,170.18,52.15,170.18,4.8,39.0,4.73,53.0,0.35,30.0,39.0,0.47,7.0,1.0,0.0,162.56,52.15,162.56,3.41,39.0,3.1,66.0,2.02,54.0,69.0,2.6,0.0,"February 17, 2019"
Jessica Andrade,Rose Namajunas,20.0,7.0,0.0,156.21,61.22,157.48,6.55,51.0,5.28,52.0,3.21,58.0,76.0,0.46,10.0,4.0,0.0,165.1,52.15,165.1,3.95,42.0,3.88,60.0,2.17,55.0,47.0,0.95,0.0,"July 11, 2020"
Amanda Ribas,Rose Namajunas,12.0,5.0,0.0,162.56,56.92,167.64,4.63,40.0,3.4,61.0,2.07,51.0,85.0,0.65,13.0,6.0,0.0,165.1,56.92,165.1,3.69,42.0,3.51,63.0,1.38,48.0,59.0,0.48,0.0,"March 23, 2024"
Manon Fiorot,Rose Namajunas,10.0,1.0,0.0,170.18,63.04,165.1,5.3,53.0,3.48,51.0,0.33,15.0,65.0,0.17,12.0,5.0,0.0,165.1,52.15,165.1,3.66,41.0,3.5,61.0,1.61,58.0,60.0,0.59,1.0,"September 02, 2023"
Zhang Weili,Rose Namajunas,,,,,,,,,,,,,,,10.0,4.0,0.0,165.1,52.15,165.1,4.13,41.0,3.98,61.0,1.91,53.0,50.0,0.84,0.0,"April 24, 2021"
Rose Namajunas,Zhang Weili,11.0,4.0,0.0,165.1,52.15,165.1,4.13,41.0,3.99,60.0,1.89,53.0,50.0,0.83,19.0,1.0,0.0,,,160.02,,,,,1.78,,,,1.0,"November 06, 2021"
Carla Esparza,Zhang Weili,20.0,6.0,0.0,154.94,56.69,160.02,2.2,41.0,2.59,55.0,3.25,35.0,47.0,0.3,19.0,1.0,0.0,,,160.02,,,,,1.78,,,,0.0,"November 12, 2022"
Erin Blanchfield,Rose Namajunas,13.0,2.0,0.0,162.56,56.92,167.64,5.24,44.0,4.21,59.0,1.86,32.0,80.0,0.8,14.0,6.0,0.0,165.1,56.6,165.1,3.7,43.0,3.38,64.0,1.55,53.0,59.0,0.43,1.0,"November 02, 2024"
Felice Herrig,Karolina Kowalkiewicz,14.0,9.0,0.0,162.56,57.14,165.1,3.63,37.0,4.84,50.0,1.18,31.0,72.0,0.88,13.0,7.0,0.0,160.02,52.15,162.56,5.16,40.0,5.56,56.0,0.19,22.0,74.0,0.1,0.0,"June 04, 2022"
Carla Esparza,Tecia Pennington,20.0,7.0,0.0,154.94,52.06,160.02,2.16,40.0,2.69,55.0,3.22,35.0,47.0,0.29,13.0,7.0,0.0,154.94,52.38,153.67,4.78,48.0,3.59,61.0,0.61,14.0,66.0,0.07,0.0,"October 05, 2024"
Iasmin Lucindo,Angela Hill,17.0,6.0,0.0,160.02,52.38,167.64,2.94,45.0,2.53,66.0,2.15,60.0,55.0,0.18,18.0,14.0,0.0,160.02,52.38,163.83,5.47,50.0,4.92,61.0,0.81,33.0,75.0,0.12,1.0,"August 09, 2025"
Loma Lookboonmee,Angela Hill,3.0,1.0,0.0,154.94,52.15,,,,,,,,,,9.0,7.0,0.0,160.02,52.15,163.83,5.58,51.0,5.29,63.0,0.4,60.0,73.0,0.0,0.0,"February 22, 2020"
Yan Xiaonan,Angela Hill,9.0,1.0,0.0,165.1,52.15,160.02,7.04,41.0,4.04,68.0,0.0,0.0,67.0,0.0,8.0,6.0,0.0,160.02,52.15,163.83,5.58,51.0,5.29,63.0,0.4,60.0,73.0,0.0,1.0,"June 08, 2019"
Amanda Lemos,Angela Hill,10.0,1.0,1.0,162.56,52.38,165.1,6.32,64.0,5.38,46.0,1.95,100.0,100.0,0.49,13.0,10.0,0.0,160.02,52.15,163.83,5.66,50.0,4.98,64.0,0.45,37.0,77.0,0.13,1.0,"December 18, 2021"
Mackenzie Dern,Angela Hill,12.0,3.0,0.0,162.56,52.38,160.02,3.02,36.0,4.39,53.0,0.61,11.0,40.0,1.82,15.0,12.0,0.0,160.02,52.38,163.83,5.68,49.0,4.97,63.0,0.58,29.0,77.0,0.1,1.0,"May 20, 2023"
Luana Pinheiro,Angela Hill,11.0,2.0,0.0,158.75,52.38,158.75,3.89,42.0,4.38,63.0,2.36,40.0,67.0,0.29,16.0,13.0,0.0,160.02,52.38,163.83,5.44,50.0,4.94,61.0,0.73,34.0,76.0,0.09,0.0,"May 18, 2024"
Tabatha Ricci,Tecia Pennington,9.0,2.0,0.0,154.94,52.34,154.94,4.41,37.0,4.86,60.0,3.39,41.0,71.0,0.2,13.0,6.0,0.0,154.94,52.38,153.67,4.74,49.0,3.59,61.0,0.66,15.0,62.0,0.07,1.0,"May 11, 2024"
Virna Jandiroba,Angela Hill,17.0,3.0,0.0,160.02,52.61,162.56,2.81,41.0,3.62,57.0,2.14,39.0,76.0,1.43,13.0,11.0,0.0,160.02,52.38,163.83,5.56,50.0,5.15,63.0,0.57,30.0,78.0,0.11,1.0,"May 14, 2022"
Hannah Cifers,Angela Hill,9.0,3.0,0.0,154.94,52.15,160.02,4.91,48.0,6.59,46.0,0.0,,80.0,0.0,9.0,7.0,0.0,160.02,52.15,163.83,5.58,51.0,5.29,63.0,0.4,60.0,73.0,0.0,0.0,"January 25, 2020"
Ariane Carnelossi,Angela Hill,,,,,,,,,,,,,,,9.0,7.0,0.0,160.02,52.15,163.83,5.58,51.0,5.29,63.0,0.4,60.0,73.0,0.0,0.0,"September 21, 2019"
Claudia Gadelha,Angela Hill,17.0,4.0,0.0,162.56,52.15,161.29,3.17,42.0,4.38,58.0,3.34,47.0,59.0,0.81,11.0,7.0,0.0,160.02,52.15,163.83,5.97,50.0,5.28,65.0,0.46,42.0,73.0,0.09,1.0,"May 16, 2020"
Ketlen Vieira,Raquel Pennington,13.0,2.0,0.0,172.72,66.67,172.72,3.13,41.0,4.03,52.0,1.51,40.0,92.0,0.43,14.0,9.0,0.0,170.18,66.58,171.45,3.93,51.0,3.28,63.0,1.0,28.0,63.0,0.66,0.0,"January 14, 2023"
Holly Holm,Raquel Pennington,12.0,4.0,0.0,,,175.26,,,,,0.56,,,,9.0,8.0,0.0,,,171.45,,,,,1.16,,,,1.0,"January 18, 2020"
Pannie Kianzad,Raquel Pennington,15.0,5.0,0.0,170.18,61.22,172.72,2.65,49.0,3.34,52.0,0.0,0.0,100.0,2.09,11.0,9.0,0.0,170.18,61.22,171.45,3.42,47.0,3.31,63.0,1.16,28.0,65.0,0.95,0.0,"September 18, 2021"
Aspen Ladd,Raquel Pennington,9.0,2.0,0.0,167.64,65.76,167.64,3.64,49.0,3.93,49.0,1.46,,57.0,0.73,13.0,9.0,0.0,170.18,65.31,171.45,3.66,50.0,3.21,63.0,1.07,29.0,65.0,0.71,0.0,"April 09, 2022"
Macy Chiasson,Sarah Moras,4.0,0.0,0.0,180.34,61.22,184.15,5.44,49.0,3.67,48.0,0.0,0.0,100.0,3.33,5.0,5.0,0.0,170.18,61.22,170.18,1.85,37.0,3.18,45.0,0.95,22.0,38.0,0.95,1.0,"May 04, 2019"
Sijara Eubanks,Sarah Moras,5.0,3.0,0.0,,,170.18,,,,,2.33,,,,5.0,6.0,0.0,170.18,61.22,170.18,1.85,37.0,3.18,45.0,0.95,22.0,38.0,0.95,1.0,"May 13, 2020"
Raquel Pennington,Marion Reneau,10.0,9.0,0.0,170.18,61.22,171.45,3.42,47.0,3.31,63.0,1.16,28.0,65.0,0.95,9.0,5.0,1.0,167.64,61.22,172.72,3.46,42.0,2.93,65.0,0.35,100.0,51.0,1.05,1.0,"June 20, 2020"
Austin Hubbard,Alexander Hernandez,16.0,7.0,0.0,177.8,77.1,180.34,4.11,46.0,3.74,57.0,1.75,50.0,66.0,0.0,14.0,8.0,0.0,175.26,73.74,182.88,4.33,41.0,4.66,56.0,1.06,31.0,59.0,0.12,0.0,"October 05, 2024"
Jim Miller,Alexander Hernandez,35.0,16.0,0.0,172.72,77.32,180.34,2.79,42.0,2.93,59.0,1.62,44.0,48.0,1.78,13.0,6.0,0.0,175.26,75.28,182.88,4.09,39.0,4.54,55.0,1.63,33.0,61.0,0.18,0.0,"February 18, 2023"
Chase Hooper,Alexander Hernandez,16.0,3.0,1.0,185.42,70.75,187.96,4.53,52.0,2.96,39.0,2.59,34.0,55.0,2.22,16.0,8.0,0.0,175.26,70.75,182.88,4.38,41.0,4.62,57.0,1.24,36.0,72.0,0.1,0.0,"August 16, 2025"
Chris Gruetzemacher,Alexander Hernandez,14.0,3.0,0.0,172.72,70.29,172.72,7.12,59.0,5.09,57.0,0.0,,63.0,0.0,11.0,3.0,0.0,175.26,70.29,182.88,3.93,48.0,4.22,50.0,2.46,33.0,57.0,0.0,0.0,"October 31, 2020"
Billy Quarantillo,Alexander Hernandez,16.0,4.0,0.0,177.8,65.94,177.8,7.74,59.0,5.8,40.0,1.37,22.0,57.0,1.37,13.0,5.0,0.0,175.26,65.76,182.88,3.97,38.0,3.94,58.0,1.43,33.0,64.0,0.0,1.0,"December 10, 2022"
Chase Hooper,Jordan Leavitt,12.0,3.0,1.0,185.42,77.1,187.96,5.0,52.0,3.67,36.0,1.47,23.0,50.0,2.12,11.0,2.0,0.0,175.26,76.19,180.34,2.64,61.0,1.93,57.0,2.31,27.0,30.0,1.16,1.0,"November 18, 2023"
Paddy Pimblett,Jordan Leavitt,18.0,3.0,0.0,177.8,77.1,185.42,6.07,57.0,3.89,47.0,1.82,25.0,,1.82,10.0,1.0,0.0,175.26,70.52,180.34,2.49,62.0,1.82,54.0,1.8,26.0,33.0,1.44,1.0,"July 23, 2022"
Claudio Puelles,Jordan Leavitt,9.0,2.0,0.0,177.8,70.29,182.88,2.33,38.0,6.53,50.0,2.33,23.0,,0.78,2.0,0.0,0.0,175.26,70.29,180.34,,,,,,,,,1.0,"June 05, 2021"
Kurt Holobaugh,Jordan Leavitt,22.0,8.0,0.0,180.34,74.83,177.8,4.63,46.0,4.35,48.0,0.76,33.0,42.0,0.76,11.0,3.0,0.0,175.26,76.19,180.34,2.55,61.0,1.84,57.0,2.19,25.0,30.0,1.09,0.0,"May 31, 2025"
Chase Hooper,Nick Fiore,11.0,3.0,1.0,185.42,70.29,187.96,4.04,48.0,3.72,35.0,1.56,27.0,50.0,2.33,6.0,1.0,0.0,177.8,70.29,182.88,2.27,37.0,5.93,48.0,1.0,33.0,25.0,0.0,1.0,"May 20, 2023"
Chase Hooper,Felipe Colares,10.0,2.0,1.0,185.42,73.92,187.96,3.87,46.0,3.79,36.0,0.96,18.0,50.0,2.16,10.0,3.0,0.0,172.72,75.28,176.53,2.27,43.0,4.65,37.0,1.8,22.0,43.0,0.6,1.0,"May 21, 2022"
Chris Gutierrez,Felipe Colares,16.0,3.0,2.0,175.26,67.12,170.18,4.17,58.0,2.01,65.0,0.31,33.0,67.0,0.0,10.0,2.0,0.0,172.72,65.76,176.53,,,,,,,,,1.0,"October 09, 2021"
Chase Hooper,Steven Peterson,9.0,1.0,1.0,185.42,65.76,187.96,3.73,33.0,7.16,36.0,0.77,20.0,67.0,1.53,17.0,9.0,0.0,177.8,65.76,177.8,4.13,32.0,6.57,56.0,2.25,35.0,86.0,0.5,0.0,"June 12, 2021"
Julian Erosa,Steven Peterson,26.0,10.0,0.0,185.42,65.76,189.23,3.58,53.0,5.5,49.0,1.24,75.0,61.0,1.24,19.0,9.0,0.0,177.8,65.76,177.8,4.13,32.0,6.57,56.0,2.25,35.0,86.0,0.5,1.0,"February 05, 2022"
Luke Sanders,Felipe Colares,13.0,4.0,0.0,167.64,61.22,170.18,6.0,52.0,4.05,54.0,0.37,25.0,70.0,0.37,9.0,2.0,0.0,172.72,61.22,176.53,,,,,,,,,0.0,"May 01, 2021"
Chase Hooper,Peter Barrett,9.0,1.0,1.0,185.42,65.76,187.96,3.73,33.0,7.16,36.0,0.77,20.0,67.0,1.53,11.0,3.0,0.0,177.8,65.76,185.42,,,,,,,,,1.0,"December 12, 2020"
Martin Bravo,Steven Peterson,12.0,2.0,0.0,172.72,65.76,181.61,6.04,38.0,5.19,50.0,2.01,33.0,86.0,0.0,17.0,8.0,0.0,177.8,65.76,177.8,4.13,32.0,6.57,56.0,2.25,35.0,86.0,0.5,0.0,"September 21, 2019"
Edson Barboza,Drakkar Klose,24.0,12.0,0.0,180.34,65.99,190.5,4.11,44.0,4.65,56.0,0.45,50.0,73.0,0.08,15.0,3.0,1.0,175.26,70.75,177.8,4.33,55.0,3.54,50.0,1.65,28.0,69.0,0.0,0.0,"August 16, 2025"
Beneil Dariush,Drakkar Klose,16.0,4.0,1.0,,,182.88,,,,,1.59,,,,10.0,1.0,1.0,175.26,70.29,177.8,3.45,50.0,3.33,57.0,1.6,31.0,71.0,0.0,1.0,"March 07, 2020"
Youssef Zalal,Peter Barrett,9.0,2.0,0.0,177.8,65.76,182.88,2.07,56.0,0.8,80.0,6.0,50.0,,2.0,0.0,0.0,0.0,,,,,,,,,,,,1.0,"August 08, 2020"
Chase Hooper,Daniel Teymur,8.0,0.0,1.0,185.42,65.76,,,,,,,,,,6.0,3.0,0.0,165.1,65.76,175.26,3.61,47.0,4.99,56.0,0.44,20.0,57.0,0.0,1.0,"December 14, 2019"
Joaquim Silva,Drakkar Klose,13.0,5.0,0.0,,,175.26,,,,,0.45,,,,14.0,2.0,1.0,175.26,70.52,177.8,4.33,55.0,3.4,53.0,1.78,30.0,68.0,0.0,0.0,"May 04, 2024"
Joel Alvarez,Drakkar Klose,21.0,3.0,0.0,187.96,75.96,195.58,4.39,52.0,3.36,51.0,0.0,0.0,43.0,1.23,15.0,2.0,1.0,175.26,78.73,177.8,4.37,55.0,3.46,51.0,1.58,26.0,69.0,0.0,1.0,"December 14, 2024"
Christos Giagos,Drakkar Klose,16.0,7.0,0.0,177.8,70.29,181.61,2.13,33.0,1.85,55.0,1.93,40.0,42.0,0.32,10.0,1.0,1.0,175.26,70.29,177.8,3.45,50.0,3.33,57.0,1.6,31.0,71.0,0.0,0.0,"August 17, 2019"
Josh Emmett,Lerone Murphy,19.0,4.0,0.0,168.91,71.29,177.8,4.04,36.0,4.61,61.0,0.91,38.0,47.0,0.08,15.0,0.0,1.0,175.26,72.7,186.69,4.8,54.0,2.67,60.0,1.78,54.0,49.0,0.55,0.0,"April 05, 2025"
Edson Barboza,Lerone Murphy,24.0,11.0,0.0,180.34,66.21,190.5,4.18,45.0,4.34,58.0,0.48,50.0,75.0,0.09,13.0,0.0,1.0,175.26,66.21,186.69,3.65,50.0,2.4,56.0,1.29,46.0,47.0,0.86,0.0,"May 18, 2024"
Edson Barboza,Billy Quarantillo,22.0,11.0,0.0,180.34,65.99,190.5,3.96,44.0,4.1,59.0,0.38,44.0,75.0,0.1,17.0,4.0,0.0,177.8,65.94,177.8,7.88,59.0,5.72,41.0,1.55,24.0,59.0,1.24,1.0,"April 15, 2023"
Cub Swanson,Billy Quarantillo,29.0,14.0,0.0,,,177.8,,,,,,,,,18.0,6.0,0.0,177.8,72.56,177.8,7.36,57.0,5.57,44.0,1.24,23.0,61.0,1.11,1.0,"December 14, 2024"
Makwan Amirkhani,Lerone Murphy,16.0,6.0,0.0,177.8,65.76,182.88,1.4,44.0,2.52,52.0,3.61,40.0,57.0,1.15,10.0,0.0,1.0,175.26,65.76,186.69,,,,,,,,,0.0,"October 30, 2021"
Ricardo Ramos,Lerone Murphy,12.0,2.0,0.0,175.26,61.22,182.88,3.36,43.0,3.31,59.0,1.43,50.0,73.0,0.71,8.0,0.0,0.0,175.26,65.76,186.69,,,,,,,,,0.0,"July 15, 2020"
Gavin Tucker,Billy Quarantillo,11.0,1.0,0.0,171.45,65.76,167.64,2.6,32.0,5.07,53.0,0.5,20.0,43.0,0.5,15.0,2.0,0.0,177.8,65.76,177.8,5.28,81.0,4.08,43.0,1.93,75.0,55.0,4.51,1.0,"December 12, 2020"
Edson Barboza,Bryce Mitchell,22.0,10.0,0.0,180.34,70.29,190.5,4.11,44.0,4.19,59.0,0.4,44.0,78.0,0.1,14.0,1.0,0.0,177.8,65.76,177.8,2.29,62.0,1.46,60.0,3.26,47.0,33.0,2.33,0.0,"March 05, 2022"
Gabriel Benitez,Billy Quarantillo,22.0,9.0,0.0,172.72,65.76,180.34,4.23,42.0,2.6,73.0,0.23,100.0,56.0,1.6,15.0,2.0,0.0,177.8,65.76,177.8,5.28,81.0,4.08,43.0,1.93,75.0,55.0,4.51,0.0,"July 17, 2021"
Josh Emmett,Bryce Mitchell,18.0,4.0,0.0,168.91,66.21,177.8,4.07,36.0,4.66,61.0,0.92,38.0,47.0,0.08,16.0,2.0,0.0,177.8,65.99,177.8,2.34,59.0,1.64,58.0,3.51,41.0,33.0,1.61,1.0,"December 16, 2023"
Shane Burgos,Billy Quarantillo,13.0,3.0,0.0,180.34,66.03,191.77,7.06,48.0,6.14,62.0,0.43,100.0,94.0,0.22,16.0,3.0,0.0,177.8,65.94,177.8,7.08,64.0,4.33,44.0,1.66,35.0,57.0,1.66,1.0,"November 06, 2021"
Arnold Allen,Giga Chikadze,19.0,3.0,0.0,172.72,65.99,177.8,3.39,41.0,2.91,61.0,1.02,50.0,75.0,0.37,15.0,3.0,0.0,182.88,65.76,187.96,4.08,43.0,3.44,63.0,0.23,33.0,69.0,0.23,1.0,"July 27, 2024"
Edson Barboza,Giga Chikadze,22.0,9.0,0.0,,70.29,190.5,4.01,43.0,4.18,60.0,0.46,47.0,80.0,0.07,13.0,2.0,0.0,,,,,,,,,,,,0.0,"August 28, 2021"
Brandon Davis,Giga Chikadze,10.0,5.0,0.0,177.8,61.22,182.88,3.87,38.0,5.58,64.0,0.28,33.0,57.0,0.0,,,,182.88,65.76,182.88,,,,,,,,,0.0,"September 28, 2019"
Jack Shore,Makwan Amirkhani,16.0,1.0,0.0,172.72,74.83,180.34,3.96,58.0,2.34,58.0,3.66,39.0,81.0,0.61,17.0,8.0,0.0,177.8,73.47,182.88,1.35,44.0,2.98,47.0,4.15,43.0,38.0,1.13,1.0,"March 18, 2023"
Calvin Kattar,Giga Chikadze,22.0,5.0,0.0,180.34,65.76,182.88,5.07,42.0,8.16,51.0,0.37,30.0,89.0,0.0,14.0,2.0,0.0,182.88,65.76,187.96,3.76,46.0,2.69,61.0,0.33,33.0,69.0,0.33,1.0,"January 15, 2022"
Shane Burgos,Makwan Amirkhani,11.0,1.0,0.0,180.34,65.76,191.77,7.06,48.0,6.14,62.0,0.43,100.0,94.0,0.22,14.0,3.0,0.0,177.8,65.76,182.88,1.75,50.0,1.6,60.0,3.84,48.0,57.0,1.6,1.0,"November 02, 2019"
Edson Barboza,Makwan Amirkhani,20.0,9.0,0.0,,,,,,,,,,,,16.0,4.0,0.0,177.8,65.76,182.88,1.75,50.0,1.6,60.0,3.84,48.0,57.0,1.6,1.0,"October 10, 2020"
Mike Grundy,Makwan Amirkhani,12.0,3.0,0.0,170.18,65.76,182.88,2.14,46.0,4.56,56.0,3.78,26.0,50.0,0.38,16.0,7.0,0.0,177.8,66.21,182.88,1.37,44.0,2.43,52.0,4.12,43.0,57.0,1.1,0.0,"March 19, 2022"
Edson Barboza,Justin Gaethje,20.0,6.0,0.0,180.34,70.29,190.5,3.99,43.0,4.14,60.0,0.46,47.0,80.0,0.07,19.0,2.0,0.0,180.34,70.29,180.34,8.53,55.0,10.54,54.0,0.0,0.0,80.0,0.0,0.0,"March 30, 2019"
Dustin Poirier,Justin Gaethje,29.0,7.0,0.0,175.26,70.29,182.88,5.51,51.0,4.25,54.0,1.39,37.0,64.0,1.24,25.0,4.0,0.0,180.34,70.75,177.8,7.38,60.0,7.66,54.0,0.13,25.0,75.0,0.0,0.0,"July 29, 2023"
Tony Ferguson,Justin Gaethje,26.0,3.0,0.0,180.34,70.29,194.31,5.51,45.0,3.55,64.0,0.6,43.0,77.0,1.49,21.0,2.0,0.0,180.34,70.29,177.8,8.5,55.0,10.23,54.0,0.0,0.0,80.0,0.0,0.0,"May 09, 2020"
Charles Oliveira,Justin Gaethje,32.0,8.0,0.0,177.8,70.52,187.96,3.44,53.0,3.13,53.0,2.5,41.0,57.0,2.79,24.0,3.0,0.0,180.34,70.29,177.8,7.5,60.0,7.81,56.0,0.0,0.0,74.0,0.0,1.0,"May 07, 2022"
Donald Cerrone,Justin Gaethje,36.0,11.0,0.0,185.42,70.29,185.42,4.2,48.0,4.06,54.0,1.29,35.0,72.0,1.41,20.0,2.0,0.0,180.34,70.29,180.34,8.5,55.0,10.23,54.0,0.0,0.0,80.0,0.0,0.0,"September 14, 2019"
Khabib Nurmagomedov,Justin Gaethje,28.0,0.0,0.0,177.8,70.29,177.8,4.29,50.0,1.7,67.0,5.09,45.0,85.0,0.59,23.0,2.0,0.0,,,,,,,,,,,,1.0,"October 24, 2020"
Edson Barboza,Paul Felder,20.0,7.0,0.0,180.34,70.29,190.5,4.01,43.0,4.18,60.0,0.46,47.0,80.0,0.07,16.0,4.0,0.0,180.34,70.29,179.07,3.53,44.0,3.08,51.0,0.32,33.0,59.0,0.32,0.0,"September 07, 2019"
Jalin Turner,Dan Hooker,14.0,6.0,0.0,190.5,77.01,195.58,5.63,47.0,3.79,43.0,0.89,67.0,74.0,1.55,22.0,12.0,0.0,182.88,70.66,190.5,4.83,47.0,4.61,52.0,0.85,37.0,81.0,0.31,0.0,"July 08, 2023"
Dustin Poirier,Dan Hooker,25.0,6.0,0.0,175.26,70.29,182.88,5.59,50.0,3.69,56.0,1.75,41.0,69.0,1.32,20.0,8.0,0.0,182.88,65.76,190.5,4.35,43.0,5.13,54.0,0.47,38.0,77.0,0.47,1.0,"June 27, 2020"
Islam Makhachev,Dan Hooker,20.0,1.0,0.0,177.8,70.29,179.07,2.24,59.0,0.77,70.0,3.31,66.0,88.0,1.01,21.0,10.0,0.0,182.88,70.29,190.5,4.95,48.0,4.66,52.0,0.91,37.0,80.0,0.25,1.0,"October 30, 2021"
Al Iaquinta,Dan Hooker,14.0,4.0,1.0,177.8,70.29,177.8,4.3,41.0,4.05,63.0,0.81,23.0,74.0,0.3,18.0,8.0,0.0,182.88,70.29,190.5,4.35,43.0,5.13,54.0,0.47,38.0,77.0,0.47,0.0,"October 05, 2019"
James Vick,Dan Hooker,13.0,3.0,0.0,190.5,70.29,193.04,4.14,40.0,3.14,61.0,0.27,33.0,57.0,0.68,18.0,8.0,0.0,182.88,70.29,190.5,4.35,43.0,5.13,54.0,0.47,38.0,77.0,0.47,0.0,"July 20, 2019"
Mateusz Gamrot,Dan Hooker,24.0,2.0,0.0,177.8,70.75,179.07,3.09,51.0,3.07,60.0,5.28,36.0,91.0,0.14,23.0,12.0,0.0,182.88,70.52,190.5,5.08,49.0,4.76,51.0,0.79,34.0,81.0,0.36,0.0,"August 17, 2024"
Arnold Allen,Dan Hooker,17.0,1.0,0.0,172.72,75.28,177.8,2.96,41.0,2.15,66.0,1.44,50.0,76.0,0.39,21.0,11.0,0.0,182.88,73.47,190.5,4.9,48.0,4.61,52.0,0.9,37.0,79.0,0.25,1.0,"March 19, 2022"
Paul Felder,Dan Hooker,16.0,4.0,0.0,180.34,70.29,179.07,3.53,44.0,3.08,51.0,0.32,33.0,59.0,0.32,19.0,8.0,0.0,,,190.5,,,,,0.47,,,,0.0,"February 22, 2020"
Tony Ferguson,Beneil Dariush,26.0,6.0,0.0,180.34,70.29,194.31,5.51,45.0,3.55,64.0,0.6,43.0,77.0,1.49,20.0,4.0,1.0,177.8,70.29,182.88,3.87,49.0,2.65,60.0,1.8,34.0,80.0,1.1,0.0,"May 15, 2021"
Charles Oliveira,Beneil Dariush,33.0,9.0,0.0,177.8,70.07,187.96,3.48,53.0,3.2,52.0,2.37,40.0,56.0,2.78,22.0,4.0,1.0,177.8,70.75,182.88,3.81,49.0,2.55,59.0,1.95,34.0,80.0,0.9,1.0,"June 10, 2023"
Rafael Dos Anjos,Kevin Lee,28.0,11.0,0.0,172.72,77.1,177.8,3.62,45.0,3.32,63.0,1.96,40.0,59.0,0.7,17.0,4.0,0.0,177.8,70.29,195.58,4.06,43.0,3.18,52.0,3.1,44.0,81.0,0.98,1.0,"May 18, 2019"
Diego Ferreira,Beneil Dariush,17.0,3.0,0.0,175.26,70.29,187.96,4.7,37.0,3.03,60.0,0.7,23.0,68.0,1.16,19.0,4.0,1.0,177.8,70.29,182.88,3.87,49.0,2.65,60.0,1.8,34.0,80.0,1.1,0.0,"February 06, 2021"
Frank Camacho,Beneil Dariush,22.0,7.0,0.0,177.8,70.29,185.42,6.23,46.0,7.82,53.0,1.46,45.0,80.0,0.0,16.0,4.0,1.0,177.8,70.29,182.88,3.91,49.0,2.68,60.0,1.59,31.0,80.0,0.85,0.0,"October 26, 2019"
Michael Chandler,Tony Ferguson,22.0,7.0,0.0,172.72,76.64,181.61,5.17,47.0,4.98,44.0,1.73,33.0,71.0,1.15,26.0,7.0,0.0,180.34,70.75,194.31,5.15,45.0,3.78,59.0,0.42,43.0,68.0,1.12,1.0,"May 07, 2022"
Nate Diaz,Tony Ferguson,21.0,13.0,0.0,185.42,77.1,193.04,4.51,45.0,3.73,53.0,1.1,31.0,41.0,1.32,26.0,7.0,0.0,180.34,70.52,194.31,5.12,45.0,3.81,59.0,0.41,43.0,67.0,1.09,1.0,"September 10, 2022"
Miranda Maverick,Dione Barbosa,15.0,5.0,0.0,161.29,57.14,166.37,3.8,47.0,2.6,60.0,2.49,46.0,41.0,0.39,7.0,2.0,0.0,167.64,61.68,166.37,2.2,54.0,2.86,66.0,2.3,25.0,,3.06,1.0,"July 20, 2024"
Joanne Wood,Maryna Moroz,16.0,8.0,0.0,167.64,57.14,166.37,6.93,51.0,4.72,52.0,1.57,55.0,59.0,0.35,11.0,5.0,0.0,170.18,56.69,170.18,4.15,32.0,4.42,53.0,0.67,22.0,45.0,0.67,1.0,"March 09, 2024"
Jennifer Maia,Maryna Moroz,19.0,9.0,1.0,162.56,57.14,162.56,3.61,37.0,4.24,54.0,0.33,30.0,56.0,0.11,11.0,3.0,0.0,170.18,56.92,170.18,4.04,32.0,3.98,53.0,0.78,22.0,47.0,0.78,1.0,"November 19, 2022"
Karine Silva,Maryna Moroz,16.0,4.0,0.0,165.1,56.92,170.18,2.39,26.0,3.43,35.0,2.24,50.0,,4.48,11.0,4.0,0.0,170.18,56.69,170.18,4.19,32.0,4.36,54.0,0.69,22.0,47.0,0.69,1.0,"August 19, 2023"
Mayra Bueno Silva,Maryna Moroz,5.0,0.0,0.0,167.64,61.22,,2.24,34.0,2.24,39.0,0.0,,67.0,3.05,9.0,3.0,0.0,170.18,56.69,170.18,3.25,26.0,3.87,55.0,0.33,14.0,47.0,0.49,0.0,"March 14, 2020"
Piera Rodriguez,Ketlen Souza,10.0,2.0,0.0,160.02,52.61,161.29,3.4,48.0,2.63,58.0,4.06,51.0,67.0,0.0,15.0,5.0,0.0,160.02,52.38,160.02,4.92,59.0,4.46,51.0,0.43,25.0,64.0,0.43,1.0,"August 02, 2025"
Angela Hill,Ketlen Souza,17.0,14.0,0.0,160.02,52.38,163.83,5.46,50.0,4.93,61.0,0.76,33.0,75.0,0.12,15.0,4.0,0.0,160.02,55.69,160.02,5.11,67.0,3.49,57.0,0.76,50.0,63.0,0.76,1.0,"February 15, 2025"
Yazmin Jauregui,Ketlen Souza,11.0,1.0,0.0,160.02,52.15,162.56,6.26,38.0,5.12,56.0,0.0,0.0,100.0,0.0,14.0,4.0,0.0,160.02,56.6,160.02,0.0,,1.71,70.0,0.0,,,0.0,0.0,"September 14, 2024"
Gillian Robertson,Poliana Botelho,8.0,4.0,0.0,165.1,56.69,160.02,2.18,50.0,2.75,54.0,3.44,47.0,,1.29,8.0,2.0,0.0,172.72,56.69,170.18,3.65,58.0,2.77,55.0,1.27,100.0,89.0,0.0,1.0,"October 17, 2020"
Karine Silva,Poliana Botelho,1.0,0.0,0.0,,56.69,,1.78,28.0,4.01,40.0,0.0,0.0,,4.46,8.0,4.0,0.0,172.72,56.69,170.18,2.83,57.0,2.75,50.0,0.92,57.0,80.0,0.0,1.0,"June 04, 2022"
Marnic Mann,Ketlen Souza,6.0,2.0,0.0,152.4,55.69,162.56,1.1,43.0,4.93,32.0,1.83,30.0,17.0,0.0,13.0,4.0,0.0,160.02,56.46,160.02,0.0,,1.71,70.0,0.0,,,0.0,0.0,"April 27, 2024"
SeungGuk Choi,HyunSung Park,1.0,0.0,0.0,,57.14,,3.53,51.0,2.2,58.0,0.0,,89.0,0.0,1.0,0.0,0.0,,56.92,,7.37,71.0,2.8,58.0,3.81,25.0,100.0,0.0,0.0,"February 04, 2023"
Tatsuro Taira,Carlos Hernandez,14.0,0.0,0.0,170.18,62.31,177.8,3.23,70.0,1.26,47.0,2.41,41.0,60.0,2.75,9.0,2.0,0.0,172.72,61.59,170.18,5.51,46.0,4.41,49.0,1.24,17.0,66.0,0.31,1.0,"December 09, 2023"
HyunSung Park,Carlos Hernandez,9.0,0.0,0.0,,,167.64,,,,,1.54,,,,9.0,4.0,0.0,172.72,61.22,170.18,4.11,46.0,3.8,47.0,1.08,18.0,65.0,0.22,1.0,"May 17, 2025"
Tatsuro Taira,HyunSung Park,16.0,1.0,0.0,170.18,56.92,177.8,2.99,60.0,2.69,47.0,2.73,44.0,45.0,1.64,9.0,0.0,0.0,,,167.64,,,,,1.54,,,,1.0,"August 02, 2025"
Rei Tsuruya,Carlos Hernandez,3.0,0.0,0.0,,,,,,,,6.84,,,,9.0,3.0,0.0,172.72,61.59,170.18,4.95,46.0,4.54,47.0,1.11,15.0,66.0,0.28,1.0,"June 29, 2024"
Nyamjargal Tumendemberel,Carlos Hernandez,2.0,0.0,0.0,,62.99,,4.43,45.0,3.62,45.0,4.68,38.0,14.0,3.74,9.0,4.0,0.0,172.72,61.22,170.18,4.11,46.0,3.8,47.0,1.08,18.0,65.0,0.22,0.0,"November 23, 2024"
Victor Altamirano,Carlos Hernandez,1.0,1.0,0.0,172.72,62.13,177.8,5.97,58.0,5.23,50.0,2.5,42.0,72.0,0.0,8.0,1.0,0.0,172.72,58.96,170.18,5.37,48.0,4.37,45.0,1.0,12.0,70.0,0.5,0.0,"February 26, 2022"
Allan Nascimento,Carlos Hernandez,20.0,6.0,0.0,173.99,56.92,176.53,3.31,61.0,2.38,50.0,1.0,20.0,17.0,0.67,8.0,2.0,0.0,172.72,56.69,170.18,4.93,48.0,4.12,45.0,0.9,12.0,67.0,0.45,1.0,"January 14, 2023"
Tatsuro Taira,Edgar Chairez,13.0,0.0,0.0,170.18,64.04,177.8,2.79,65.0,1.05,55.0,2.62,36.0,60.0,3.66,10.0,4.0,0.0,170.18,64.31,,3.4,41.0,5.27,48.0,0.0,,50.0,0.0,1.0,"July 08, 2023"
Tatsuro Taira,Jesus Aguilar,13.0,0.0,0.0,170.18,56.92,177.8,2.79,65.0,1.05,55.0,2.62,36.0,60.0,3.66,8.0,2.0,0.0,162.56,56.69,158.75,1.6,48.0,0.92,65.0,2.77,38.0,,1.84,1.0,"February 04, 2023"
Rafael Estevam,Jesus Aguilar,13.0,0.0,0.0,172.72,57.14,175.26,2.06,58.0,2.94,46.0,6.41,36.0,60.0,0.4,11.0,2.0,0.0,162.56,57.82,158.75,1.46,51.0,1.26,58.0,1.75,33.0,36.0,1.75,1.0,"February 15, 2025"
Stewart Nicoll,Jesus Aguilar,0.0,0.0,0.0,,,,,,,,,,,,10.0,2.0,0.0,,,,,,,,,,,,0.0,"August 17, 2024"
Shannon Ross,Jesus Aguilar,13.0,7.0,0.0,167.64,56.92,-0.05,6.57,38.0,8.99,53.0,0.0,0.0,100.0,0.0,8.0,2.0,0.0,162.56,56.69,158.75,1.6,48.0,0.92,65.0,2.77,38.0,,1.84,0.0,"July 08, 2023"
Tatsuro Taira,CJ Vergara,11.0,0.0,0.0,170.18,56.69,177.8,3.8,66.0,0.6,74.0,1.0,20.0,60.0,3.0,10.0,4.0,1.0,167.64,58.5,172.72,4.83,56.0,4.63,52.0,0.0,,74.0,0.0,1.0,"October 15, 2022"
Alexander Yakovlev,Roosevelt Roberts,23.0,8.0,1.0,190.5,70.29,187.96,1.89,47.0,2.73,56.0,1.23,30.0,73.0,0.0,8.0,0.0,0.0,187.96,70.29,185.42,3.31,46.0,4.97,53.0,0.0,,100.0,3.1,0.0,"November 09, 2019"
Jim Miller,Roosevelt Roberts,31.0,14.0,0.0,172.72,68.03,180.34,2.83,41.0,3.02,59.0,1.69,42.0,47.0,1.87,8.0,0.0,0.0,187.96,70.29,185.42,3.31,46.0,4.97,53.0,0.0,,100.0,3.1,1.0,"June 20, 2020"
Abdul-Kareem Al-Selwady,Loik Radzhabov,15.0,3.0,0.0,172.72,78.19,175.26,4.6,29.0,3.6,61.0,1.0,17.0,,0.0,17.0,5.0,1.0,180.34,78.46,175.26,2.61,42.0,5.31,46.0,7.3,52.0,50.0,0.0,0.0,"March 02, 2024"
Ludovit Klein,Roosevelt Roberts,22.0,4.0,1.0,170.18,76.96,184.15,3.93,55.0,3.45,54.0,1.66,50.0,90.0,0.0,12.0,5.0,0.0,187.96,74.83,185.42,3.05,44.0,3.12,53.0,1.39,30.0,53.0,0.87,1.0,"September 28, 2024"
Esteban Ribovics,Loik Radzhabov,11.0,0.0,0.0,177.8,78.82,175.26,8.67,35.0,7.33,67.0,0.0,,,0.0,16.0,4.0,1.0,180.34,78.28,175.26,,,,,,,,,0.0,"March 04, 2023"
Terrance McKinney,Esteban Ribovics,15.0,6.0,0.0,177.8,74.83,186.69,4.46,52.0,2.51,45.0,3.52,37.0,86.0,1.01,12.0,1.0,0.0,177.8,78.46,175.26,6.16,53.0,3.4,52.0,0.95,67.0,60.0,0.48,0.0,"May 11, 2024"
Elves Brener,Esteban Ribovics,16.0,5.0,0.0,177.8,75.74,184.15,3.99,48.0,5.3,48.0,1.23,24.0,76.0,0.0,14.0,2.0,0.0,177.8,70.75,175.26,8.08,43.0,5.92,55.0,0.48,67.0,63.0,0.24,0.0,"August 02, 2025"
Mateusz Rebecki,Loik Radzhabov,17.0,1.0,0.0,170.18,70.52,167.64,4.92,51.0,2.05,63.0,4.15,63.0,67.0,0.83,17.0,4.0,1.0,180.34,70.52,175.26,2.67,47.0,4.4,49.0,11.0,52.0,100.0,0.0,1.0,"June 24, 2023"
Nasrat Haqparast,Esteban Ribovics,17.0,5.0,0.0,177.8,70.75,182.88,6.15,45.0,5.65,63.0,0.28,20.0,85.0,0.0,14.0,1.0,0.0,177.8,78.37,175.26,7.53,49.0,4.95,58.0,0.64,67.0,61.0,0.32,1.0,"March 01, 2025"
Daniel Zellhuber,Esteban Ribovics,15.0,1.0,0.0,185.42,76.83,195.58,5.86,41.0,5.06,56.0,0.22,33.0,94.0,0.22,13.0,1.0,0.0,177.8,78.46,175.26,6.16,53.0,3.4,52.0,0.95,67.0,60.0,0.48,0.0,"September 14, 2024"
Elves Brener,Kaynan Kruschewsky,15.0,3.0,0.0,177.8,76.64,184.15,4.74,46.0,5.48,53.0,1.06,20.0,86.0,0.0,15.0,1.0,0.0,182.88,69.84,185.42,9.42,47.0,5.93,43.0,5.23,100.0,,5.23,1.0,"November 04, 2023"
Karol Rosa,Nora Cornolle,18.0,7.0,0.0,165.1,61.45,171.45,6.22,56.0,4.84,50.0,1.09,46.0,70.0,0.0,9.0,2.0,0.0,170.18,62.36,170.18,3.07,54.0,1.91,62.0,0.33,11.0,50.0,0.33,1.0,"August 02, 2025"
Kurt Holobaugh,Kaynan Kruschewsky,21.0,8.0,0.0,180.34,70.52,177.8,4.37,44.0,4.07,49.0,0.71,36.0,47.0,0.89,15.0,2.0,0.0,182.88,70.29,185.42,5.08,39.0,4.79,48.0,2.18,100.0,,2.18,1.0,"July 20, 2024"
Kamuela Kirk,Esteban Ribovics,12.0,5.0,0.0,177.8,65.76,190.5,2.99,50.0,5.1,38.0,0.86,40.0,53.0,1.28,11.0,1.0,0.0,177.8,70.75,175.26,4.79,48.0,3.09,57.0,0.0,0.0,48.0,0.91,0.0,"July 08, 2023"
Melissa Mullins,Nora Cornolle,6.0,0.0,0.0,170.18,61.45,,3.47,55.0,3.2,56.0,0.0,0.0,75.0,0.0,7.0,1.0,0.0,170.18,70.29,170.18,2.67,52.0,1.2,57.0,0.0,,38.0,0.0,0.0,"April 06, 2024"
Karol Rosa,Ailin Perez,18.0,6.0,0.0,165.1,61.45,171.45,6.49,57.0,4.91,50.0,1.2,46.0,68.0,0.0,11.0,2.0,0.0,165.1,61.9,167.64,2.84,58.0,1.34,58.0,5.36,51.0,67.0,0.26,0.0,"January 18, 2025"
Lucie Pudilova,Ailin Perez,14.0,8.0,0.0,172.72,64.4,171.45,3.97,37.0,3.95,52.0,0.62,28.0,63.0,0.62,7.0,2.0,0.0,165.1,61.22,167.64,1.62,47.0,1.52,32.0,1.52,33.0,71.0,0.0,0.0,"November 18, 2023"
Ketlen Vieira,Pannie Kianzad,13.0,3.0,0.0,172.72,61.68,172.72,3.24,41.0,4.16,52.0,1.36,40.0,93.0,0.39,17.0,6.0,0.0,170.18,61.68,172.72,5.32,49.0,4.12,54.0,0.4,30.0,80.0,0.13,1.0,"July 22, 2023"
Karol Rosa,Pannie Kianzad,17.0,6.0,0.0,165.1,66.39,171.45,6.34,56.0,4.78,50.0,1.22,46.0,68.0,0.0,17.0,8.0,0.0,170.18,61.68,172.72,4.74,49.0,3.67,54.0,0.46,33.0,67.0,0.11,1.0,"August 10, 2024"
Ashlee Evans-Smith,Ailin Perez,6.0,5.0,0.0,172.72,61.45,171.45,4.54,34.0,4.69,55.0,1.1,23.0,67.0,0.0,7.0,2.0,0.0,165.1,61.22,167.64,1.62,47.0,1.52,32.0,1.52,33.0,71.0,0.0,0.0,"July 15, 2023"
Jessica-Rose Clark,Pannie Kianzad,9.0,5.0,0.0,165.1,56.69,163.83,4.6,50.0,4.13,62.0,1.33,67.0,57.0,0.67,12.0,4.0,0.0,170.18,61.22,172.72,2.65,49.0,3.34,52.0,0.0,0.0,100.0,2.09,0.0,"November 09, 2019"
Lina Lansberg,Pannie Kianzad,10.0,5.0,0.0,170.18,61.22,166.37,2.76,57.0,3.7,44.0,0.71,,50.0,0.14,16.0,6.0,0.0,170.18,64.22,172.72,5.34,49.0,4.35,53.0,0.31,22.0,77.0,0.15,0.0,"April 16, 2022"
Sijara Eubanks,Pannie Kianzad,7.0,4.0,0.0,162.56,61.22,170.18,4.95,42.0,3.32,61.0,2.0,50.0,67.0,0.0,14.0,5.0,0.0,170.18,61.22,172.72,2.65,49.0,3.34,52.0,0.0,0.0,100.0,2.09,0.0,"December 19, 2020"
Karol Rosa,Norma Dumont,16.0,4.0,0.0,165.1,61.22,171.45,6.14,56.0,4.11,49.0,1.67,50.0,72.0,0.0,8.0,2.0,0.0,170.18,66.21,170.18,3.64,50.0,2.04,69.0,1.19,54.0,70.0,0.0,0.0,"April 22, 2023"
Irene Aldana,Norma Dumont,15.0,7.0,0.0,175.26,61.68,173.99,5.24,40.0,6.33,57.0,0.16,50.0,76.0,0.24,11.0,2.0,0.0,170.18,61.68,170.18,3.11,50.0,1.89,66.0,1.91,68.0,72.0,0.0,0.0,"September 14, 2024"
Aspen Ladd,Norma Dumont,9.0,1.0,0.0,167.64,65.67,167.64,5.22,55.0,4.84,46.0,2.45,,67.0,1.22,6.0,1.0,0.0,170.18,61.22,170.18,5.35,56.0,2.65,72.0,2.43,43.0,100.0,0.0,0.0,"October 16, 2021"
Macy Chiasson,Norma Dumont,8.0,2.0,0.0,180.34,67.35,182.88,4.04,47.0,2.56,46.0,1.08,24.0,64.0,0.43,7.0,1.0,0.0,170.18,70.75,170.18,3.96,50.0,2.2,68.0,1.28,45.0,100.0,0.0,1.0,"May 07, 2022"
Sara McMann,Lina Lansberg,11.0,5.0,0.0,167.64,61.22,167.64,2.2,40.0,3.54,48.0,3.18,50.0,67.0,0.56,9.0,4.0,0.0,,,166.37,,,,,0.6,,,,1.0,"January 25, 2020"
Bethe Correia,Pannie Kianzad,11.0,4.0,1.0,165.1,61.22,162.56,4.55,44.0,4.16,61.0,0.42,21.0,86.0,0.0,13.0,5.0,0.0,170.18,61.22,172.72,2.65,49.0,3.34,52.0,0.0,0.0,100.0,2.09,0.0,"July 25, 2020"
Karol Rosa,Lina Lansberg,15.0,4.0,0.0,165.1,61.22,171.45,6.65,55.0,4.45,50.0,1.4,50.0,72.0,0.0,10.0,6.0,0.0,170.18,61.45,166.37,2.74,55.0,3.89,46.0,0.62,28.0,48.0,0.13,1.0,"October 22, 2022"
Karol Rosa,Joselyne Edwards,13.0,3.0,0.0,165.1,61.22,171.45,11.4,49.0,11.0,43.0,0.0,,100.0,0.0,6.0,1.0,0.0,172.72,61.22,,,,,,,,,,1.0,"February 06, 2021"
Macy Chiasson,Lina Lansberg,5.0,0.0,0.0,180.34,61.22,184.15,5.62,56.0,2.57,44.0,0.0,0.0,80.0,1.83,8.0,4.0,0.0,170.18,61.22,166.37,3.57,58.0,4.33,46.0,0.6,,42.0,0.2,0.0,"September 28, 2019"
Chelsea Chandler,Joselyne Edwards,6.0,3.0,0.0,173.99,63.95,172.72,3.53,45.0,4.06,42.0,0.91,60.0,33.0,0.0,14.0,6.0,0.0,172.72,63.04,177.8,4.48,53.0,3.19,49.0,1.23,39.0,61.0,0.56,0.0,"April 26, 2025"
Nora Cornolle,Joselyne Edwards,6.0,1.0,0.0,,68.93,,,,,,,,,,13.0,4.0,0.0,172.72,61.9,177.8,5.3,53.0,3.48,51.0,0.33,15.0,65.0,0.17,1.0,"September 02, 2023"
Tonya Evinger,Lina Lansberg,19.0,7.0,0.0,171.45,61.22,177.8,2.67,41.0,9.37,42.0,0.98,20.0,29.0,0.0,8.0,3.0,0.0,170.18,61.22,165.1,3.63,55.0,5.31,46.0,0.5,,33.0,0.25,0.0,"June 01, 2019"
Ailin Perez,Joselyne Edwards,9.0,2.0,0.0,165.1,67.12,167.64,2.96,56.0,1.18,58.0,4.89,50.0,75.0,0.0,12.0,1.0,0.0,172.72,68.48,177.8,4.71,52.0,3.36,51.0,1.0,33.0,65.0,0.29,1.0,"June 01, 2024"
Jessica-Rose Clark,Joselyne Edwards,9.0,6.0,0.0,165.1,61.22,163.83,4.6,50.0,4.13,62.0,1.33,67.0,57.0,0.67,7.0,1.0,0.0,172.72,61.22,177.8,,,,,,,,,1.0,"October 23, 2021"
Ramona Pascual,Joselyne Edwards,6.0,3.0,0.0,170.18,72.11,167.64,3.47,52.0,6.53,56.0,3.0,30.0,,0.0,11.0,4.0,0.0,172.72,65.76,177.8,5.33,58.0,3.27,44.0,0.25,11.0,63.0,0.25,0.0,"June 11, 2022"
Karol Rosa,Vanessa Melo,11.0,3.0,0.0,167.64,61.22,171.45,,,,,,,,,0.0,2.0,0.0,165.1,61.22,165.1,,,,,,,,,1.0,"July 11, 2020"
Irene Aldana,Vanessa Melo,10.0,4.0,0.0,175.26,61.22,173.99,5.84,39.0,6.26,61.0,0.34,50.0,93.0,0.17,10.0,6.0,0.0,165.1,61.22,165.1,,,,,,,,,1.0,"September 21, 2019"
Sarah Moras,Vanessa Melo,6.0,7.0,0.0,170.18,61.22,170.18,1.85,37.0,3.18,45.0,0.95,22.0,38.0,0.95,10.0,8.0,0.0,165.1,61.22,165.1,,,,,,,,,0.0,"January 16, 2021"
Karol Rosa,Lara Procopio,11.0,3.0,0.0,167.64,61.22,171.45,,,,,,,,,6.0,0.0,0.0,162.56,61.22,171.45,,,,,,,,,1.0,"August 31, 2019"
Molly McCann,Lara Procopio,10.0,3.0,0.0,162.56,56.69,157.48,5.3,51.0,4.17,68.0,1.36,18.0,50.0,1.36,6.0,1.0,0.0,162.56,56.69,171.45,,,,,,,,,0.0,"February 06, 2021"
Neil Magny,Elizeu Zaleski dos Santos,30.0,14.0,0.0,190.5,77.32,203.2,3.45,47.0,2.47,52.0,2.15,39.0,55.0,0.25,,,,,,,,,,,,,,,1.0,"August 02, 2025"
Randy Brown,Elizeu Zaleski dos Santos,19.0,5.0,0.0,190.5,77.1,198.12,4.38,47.0,3.2,55.0,0.72,39.0,70.0,0.64,,,,,,,,,,,,,,,1.0,"June 01, 2024"
Chidi Njokuani,Elizeu Zaleski dos Santos,,,,,,,,,,,,,,,,,,,,,,,,,,,,,1.0,"March 15, 2025"
Rinat Fakhretdinov,Elizeu Zaleski dos Santos,21.0,1.0,0.0,182.88,85.44,187.96,3.2,68.0,0.78,58.0,5.82,63.0,100.0,0.49,,,,,,,,,,,,,,,0.0,"November 04, 2023"
Li Jingliang,Elizeu Zaleski dos Santos,16.0,5.0,0.0,182.88,77.1,181.61,5.01,43.0,3.53,60.0,1.14,33.0,62.0,0.0,,,,,,,,,,,,,,,1.0,"August 31, 2019"
Abubakar Nurmagomedov,Elizeu Zaleski dos Santos,17.0,4.0,1.0,180.34,77.32,182.88,2.78,53.0,2.61,65.0,1.25,22.0,89.0,0.0,,,,,,,,,,,,,,,0.0,"June 03, 2023"
Neil Magny,Michael Morales,29.0,12.0,0.0,190.5,83.45,203.2,3.47,46.0,2.42,52.0,2.17,41.0,54.0,0.26,16.0,0.0,0.0,182.88,85.08,200.66,5.28,46.0,3.6,53.0,1.24,42.0,92.0,0.0,0.0,"August 24, 2024"
Max Griffin,Michael Morales,19.0,10.0,0.0,180.34,81.81,193.04,4.09,49.0,3.94,58.0,1.48,41.0,70.0,0.31,15.0,0.0,0.0,182.88,84.54,200.66,5.17,49.0,3.54,48.0,1.66,45.0,91.0,0.0,0.0,"July 01, 2023"
Gilbert Burns,Michael Morales,22.0,9.0,0.0,177.8,77.1,180.34,3.15,48.0,3.64,52.0,2.12,38.0,54.0,0.46,18.0,0.0,0.0,182.88,77.32,200.66,5.62,49.0,3.31,53.0,1.09,42.0,89.0,0.0,0.0,"May 17, 2025"
Neil Magny,Mike Malott,28.0,12.0,0.0,190.5,82.99,203.2,3.45,46.0,2.4,53.0,2.22,41.0,56.0,0.27,10.0,1.0,1.0,185.42,82.54,185.42,4.21,42.0,3.07,56.0,2.53,56.0,,1.52,1.0,"January 20, 2024"
Michael Chiesa,Max Griffin,20.0,7.0,0.0,185.42,77.32,191.77,1.86,40.0,1.72,54.0,3.35,51.0,61.0,1.03,20.0,10.0,0.0,180.34,84.49,193.04,3.92,49.0,3.81,58.0,1.45,42.0,69.0,0.29,1.0,"December 07, 2024"
Tim Means,Max Griffin,32.0,13.0,1.0,187.96,85.71,190.5,5.01,48.0,3.63,61.0,1.02,40.0,67.0,0.18,18.0,9.0,0.0,180.34,82.99,193.04,4.36,50.0,3.94,58.0,1.48,50.0,75.0,0.37,0.0,"October 29, 2022"
Song Kenan,Max Griffin,16.0,5.0,0.0,182.88,77.1,181.61,4.3,46.0,4.2,56.0,0.0,,45.0,0.0,16.0,8.0,0.0,180.34,77.1,193.04,4.08,51.0,3.89,52.0,1.53,47.0,62.0,0.68,0.0,"March 20, 2021"
Alex Oliveira,Max Griffin,19.0,7.0,1.0,180.34,77.1,194.31,3.09,51.0,2.27,44.0,2.84,37.0,59.0,0.77,15.0,6.0,0.0,180.34,77.1,193.04,4.08,51.0,3.89,52.0,1.53,47.0,62.0,0.68,1.0,"March 07, 2020"
Carlos Condit,Max Griffin,32.0,13.0,0.0,187.96,77.1,191.77,3.67,39.0,2.49,58.0,0.61,56.0,37.0,1.23,17.0,8.0,0.0,180.34,77.1,193.04,4.08,49.0,3.91,57.0,1.73,54.0,67.0,0.46,0.0,"July 10, 2021"
Neil Magny,Max Griffin,25.0,9.0,0.0,190.5,83.9,203.2,3.67,46.0,2.06,57.0,2.44,43.0,57.0,0.28,18.0,8.0,0.0,180.34,77.1,193.04,4.35,50.0,3.97,57.0,1.63,53.0,71.0,0.41,1.0,"March 26, 2022"
Stephen Thompson,Geoff Neal,15.0,4.0,1.0,182.88,77.1,190.5,3.93,44.0,2.73,60.0,0.36,45.0,78.0,0.0,13.0,2.0,0.0,180.34,77.1,190.5,6.0,49.0,3.78,65.0,0.9,50.0,93.0,0.45,1.0,"December 19, 2020"
Neil Magny,Geoff Neal,24.0,9.0,0.0,190.5,77.1,203.2,3.95,47.0,2.17,57.0,2.55,45.0,59.0,0.28,13.0,3.0,0.0,180.34,77.1,190.5,6.0,49.0,3.78,65.0,0.9,50.0,93.0,0.45,1.0,"May 08, 2021"
Neil Magny,Anthony Rocco Martin,21.0,8.0,0.0,,,203.2,,,,,2.62,,,,17.0,5.0,0.0,182.88,70.75,186.69,2.82,39.0,2.72,59.0,0.82,26.0,50.0,1.13,1.0,"June 06, 2020"
Santiago Ponzinibbio,Li Jingliang,28.0,3.0,0.0,182.88,77.1,185.42,4.27,40.0,4.02,65.0,0.54,44.0,61.0,0.0,17.0,6.0,0.0,182.88,77.1,181.61,5.01,43.0,3.53,60.0,1.14,33.0,62.0,0.0,0.0,"January 16, 2021"
Vicente Luque,Geoff Neal,21.0,8.0,1.0,180.34,77.55,191.77,5.3,53.0,5.18,53.0,0.54,50.0,61.0,0.82,13.0,4.0,0.0,180.34,77.1,190.5,4.63,50.0,4.91,62.0,0.5,50.0,86.0,0.17,0.0,"August 06, 2022"
Neil Magny,Li Jingliang,21.0,8.0,0.0,,,203.2,,,,,2.62,,,,16.0,5.0,0.0,182.88,77.1,181.61,5.01,43.0,3.53,60.0,1.14,33.0,62.0,0.0,1.0,"March 07, 2020"
Brunno Ferreira,Armen Petrosyan,12.0,2.0,0.0,177.8,91.61,182.88,3.76,50.0,3.12,52.0,0.5,17.0,54.0,0.5,9.0,4.0,0.0,190.5,84.35,180.34,5.95,53.0,3.36,53.0,0.19,33.0,32.0,0.0,1.0,"March 08, 2025"
Shara Magomedov,Armen Petrosyan,15.0,0.0,0.0,187.96,83.9,185.42,6.82,65.0,4.49,43.0,0.0,,71.0,0.0,9.0,3.0,0.0,190.5,87.98,180.34,5.69,53.0,2.9,57.0,0.22,33.0,32.0,0.0,1.0,"October 26, 2024"
Rodolfo Vieira,Cody Brundage,8.0,2.0,0.0,182.88,83.9,185.42,3.62,54.0,5.09,50.0,3.9,28.0,100.0,0.97,8.0,3.0,0.0,182.88,83.9,182.88,2.34,53.0,2.88,51.0,3.2,46.0,69.0,1.07,1.0,"April 29, 2023"
Rodolfo Vieira,Armen Petrosyan,9.0,2.0,0.0,182.88,89.8,185.42,3.36,55.0,4.84,49.0,3.7,26.0,100.0,1.42,9.0,2.0,0.0,190.5,87.98,180.34,5.97,53.0,3.03,57.0,0.23,33.0,37.0,0.0,1.0,"February 10, 2024"
Mansur Abdul-Malik,Cody Brundage,7.0,0.0,0.0,187.96,84.35,201.93,6.61,55.0,4.21,54.0,0.0,,75.0,0.0,10.0,6.0,0.0,182.88,91.61,182.88,1.62,54.0,2.63,41.0,2.31,50.0,69.0,0.92,0.0,"June 14, 2025"
Caio Borralho,Armen Petrosyan,11.0,1.0,0.0,177.8,84.35,190.5,3.66,64.0,1.7,66.0,1.96,80.0,75.0,0.0,7.0,1.0,0.0,190.5,89.07,180.34,7.56,55.0,3.39,54.0,0.0,,38.0,0.0,1.0,"July 09, 2022"
Abdul Razak Alhassan,Cody Brundage,12.0,6.0,0.0,177.8,84.13,185.42,3.37,48.0,3.99,56.0,0.89,38.0,51.0,0.18,10.0,6.0,0.0,182.88,89.8,182.88,1.62,54.0,2.3,43.0,2.33,53.0,69.0,0.93,0.0,"July 13, 2024"
Jacob Malkoun,Cody Brundage,7.0,2.0,0.0,175.26,84.13,185.42,3.7,55.0,2.64,51.0,7.46,45.0,,0.5,8.0,5.0,0.0,182.88,89.8,182.88,1.79,54.0,2.18,47.0,2.42,47.0,74.0,1.21,0.0,"September 23, 2023"
Rodolfo Vieira,Dustin Stoltzfus,7.0,1.0,0.0,182.88,83.9,185.42,1.91,46.0,2.33,49.0,4.77,43.0,,1.59,13.0,2.0,0.0,182.88,83.9,,,,,,,,,,1.0,"July 17, 2021"
Bo Nickal,Cody Brundage,5.0,0.0,0.0,185.42,89.34,193.04,2.76,63.0,0.55,75.0,11.04,50.0,,13.8,10.0,5.0,0.0,182.88,89.8,182.88,1.8,56.0,2.51,43.0,2.69,53.0,73.0,1.08,1.0,"April 13, 2024"
Dalcha Lungiambula,Cody Brundage,11.0,3.0,0.0,172.72,83.9,193.04,2.97,43.0,3.91,54.0,2.05,47.0,75.0,0.0,6.0,2.0,0.0,182.88,83.9,182.88,,,,,,,,,0.0,"March 12, 2022"
Marc-Andre Barriault,Dustin Stoltzfus,16.0,7.0,0.0,185.42,89.8,187.96,6.12,48.0,5.67,52.0,0.21,25.0,67.0,0.11,15.0,5.0,0.0,182.88,84.13,190.5,3.49,44.0,3.29,48.0,2.4,41.0,46.0,0.66,0.0,"November 02, 2024"
Abus Magomedov,Dustin Stoltzfus,24.0,4.0,1.0,187.96,84.35,198.12,,,,,,,,,13.0,4.0,0.0,182.88,84.13,190.5,2.87,41.0,3.08,47.0,1.7,33.0,46.0,0.68,1.0,"September 03, 2022"
Brunno Ferreira,Dustin Stoltzfus,11.0,1.0,0.0,177.8,83.9,182.88,5.0,50.0,4.17,48.0,1.25,17.0,67.0,0.0,15.0,5.0,0.0,182.88,84.13,190.5,3.49,44.0,3.29,48.0,2.4,41.0,46.0,0.66,1.0,"June 08, 2024"
Dwight Grant,Dustin Stoltzfus,11.0,5.0,0.0,185.42,77.32,193.04,3.26,34.0,2.55,62.0,0.72,100.0,68.0,0.0,13.0,4.0,0.0,182.88,84.13,190.5,2.87,41.0,3.08,47.0,1.7,33.0,46.0,0.68,0.0,"July 16, 2022"
Rodolfo Vieira,Anthony Hernandez,2.0,0.0,0.0,182.88,83.9,185.42,1.91,46.0,2.33,49.0,4.77,43.0,,1.59,7.0,2.0,0.0,182.88,83.9,190.5,2.78,49.0,2.94,54.0,0.0,,86.0,0.0,0.0,"February 13, 2021"
Roman Dolidze,Anthony Hernandez,15.0,3.0,0.0,187.96,84.35,193.04,3.58,43.0,3.56,50.0,1.11,41.0,33.0,0.91,14.0,2.0,0.0,182.88,84.35,190.5,4.5,64.0,2.61,46.0,6.27,45.0,67.0,1.95,0.0,"August 09, 2025"
Punahele Soriano,Dustin Stoltzfus,9.0,3.0,0.0,180.34,89.8,184.15,4.04,46.0,4.22,48.0,0.9,40.0,30.0,0.0,14.0,5.0,0.0,182.88,90.7,190.5,2.96,42.0,3.28,46.0,1.76,35.0,46.0,0.5,0.0,"December 02, 2023"
Edmen Shahbazyan,Anthony Hernandez,12.0,3.0,0.0,187.96,84.13,187.96,3.59,51.0,3.87,47.0,2.31,37.0,65.0,0.46,10.0,2.0,0.0,182.88,84.13,190.5,4.03,60.0,3.5,47.0,6.49,65.0,67.0,2.36,0.0,"May 20, 2023"
Nick Klein,Andrey Pulyaev,6.0,2.0,0.0,185.42,84.35,195.58,3.22,60.0,3.33,47.0,3.33,20.0,67.0,1.66,9.0,3.0,0.0,193.04,83.9,199.39,3.87,58.0,3.93,48.0,0.5,17.0,86.0,0.0,0.0,"August 02, 2025"
Christian Leroy Duncan,Andrey Pulyaev,10.0,2.0,0.0,187.96,91.16,200.66,4.71,63.0,3.57,49.0,0.31,14.0,64.0,0.0,1.0,0.0,0.0,,,,,,,,,,,,1.0,"March 22, 2025"
Brendan Allen,Anthony Hernandez,24.0,6.0,0.0,187.96,84.35,190.5,3.79,54.0,3.83,46.0,1.67,39.0,59.0,1.3,13.0,2.0,0.0,182.88,84.13,190.5,4.9,63.0,2.88,46.0,6.64,45.0,65.0,2.27,0.0,"February 22, 2025"
Rafael Estevam,Felipe Bunes,13.0,0.0,0.0,172.72,57.14,175.26,2.06,58.0,2.94,46.0,6.41,36.0,60.0,0.4,14.0,7.0,0.0,170.18,57.14,175.26,4.49,53.0,7.86,41.0,2.59,25.0,,2.59,1.0,"August 02, 2025"
Joshua Van,Felipe Bunes,9.0,1.0,0.0,165.1,56.92,165.1,9.2,52.0,5.93,63.0,1.0,33.0,88.0,0.0,13.0,6.0,0.0,170.1,60.32,,,,,,,,,,1.0,"January 13, 2024"
Piera Rodriguez,Ariane Carnelossi,9.0,1.0,0.0,160.02,58.05,161.29,3.46,47.0,2.98,57.0,3.31,41.0,67.0,0.0,14.0,3.0,0.0,157.48,52.38,156.21,3.04,41.0,4.72,44.0,1.62,56.0,8.0,0.32,0.0,"May 18, 2024"
Istela Nunes,Ariane Carnelossi,0.0,0.0,0.0,,,,,,,,,,,,13.0,2.0,0.0,157.48,52.15,156.21,6.03,39.0,7.71,50.0,0.0,0.0,,0.0,0.0,"October 16, 2021"
Piera Rodriguez,Kay Hansen,1.0,0.0,0.0,160.02,52.38,161.29,,,,,,,,,7.0,5.0,0.0,157.48,56.69,160.02,3.35,53.0,3.13,55.0,1.77,22.0,50.0,1.06,1.0,"April 09, 2022"
Stephen Thompson,Kevin Holland,16.0,6.0,1.0,182.88,82.54,190.5,3.9,44.0,2.81,57.0,0.29,42.0,64.0,0.0,23.0,8.0,0.0,190.5,85.71,205.74,3.85,54.0,2.38,56.0,0.83,43.0,51.0,0.58,1.0,"December 03, 2022"
Jose Johnson,Felipe Bunes,16.0,9.0,0.0,182.88,61.68,184.15,2.22,58.0,1.64,53.0,0.71,60.0,39.0,0.71,13.0,7.0,0.0,170.18,57.14,175.26,5.25,55.0,8.72,41.0,3.15,33.0,,0.0,0.0,"January 11, 2025"
Roman Dolidze,Kevin Holland,13.0,3.0,0.0,187.96,92.97,193.04,3.13,42.0,3.37,51.0,1.26,40.0,33.0,1.14,26.0,11.0,0.0,190.5,83.9,205.74,4.25,49.0,3.2,51.0,0.84,39.0,55.0,0.6,1.0,"October 05, 2024"
Marvin Vettori,Kevin Holland,16.0,4.0,1.0,182.88,83.9,187.96,4.78,45.0,3.19,66.0,1.33,46.0,79.0,0.85,21.0,6.0,0.0,190.5,83.9,205.74,4.74,57.0,2.77,56.0,1.19,43.0,53.0,0.79,1.0,"April 10, 2021"
Vicente Luque,Kevin Holland,23.0,10.0,1.0,180.34,77.32,191.77,5.05,52.0,5.22,53.0,0.99,54.0,63.0,0.71,27.0,13.0,0.0,190.5,77.55,205.74,4.19,50.0,3.1,51.0,0.77,38.0,55.0,0.55,0.0,"June 07, 2025"
Michael Chiesa,Kevin Holland,18.0,6.0,0.0,185.42,77.32,191.77,1.88,41.0,1.67,54.0,3.39,54.0,61.0,0.98,24.0,9.0,0.0,190.5,84.08,205.74,4.12,52.0,2.98,52.0,0.84,41.0,51.0,0.49,0.0,"July 29, 2023"
Brendan Allen,Kevin Holland,,,,187.96,,,,,,,,,,,15.0,4.0,0.0,190.5,83.9,205.74,4.11,64.0,3.45,60.0,2.04,67.0,50.0,1.7,1.0,"October 18, 2019"
Gunnar Nelson,Kevin Holland,19.0,5.0,1.0,180.34,77.1,182.88,1.84,61.0,3.0,50.0,1.9,59.0,67.0,1.0,26.0,13.0,0.0,190.5,83.22,205.74,4.22,50.0,3.22,51.0,0.82,39.0,53.0,0.58,0.0,"March 22, 2025"
Tim Means,Kevin Holland,32.0,12.0,1.0,187.96,83.27,190.5,5.06,48.0,3.58,61.0,0.92,39.0,66.0,0.18,22.0,7.0,0.0,190.5,83.9,205.74,3.84,55.0,2.38,56.0,0.87,45.0,49.0,0.52,0.0,"June 18, 2022"
Anthony Hernandez,Kevin Holland,7.0,1.0,0.0,182.88,83.9,190.5,2.78,49.0,2.94,54.0,0.0,,86.0,0.0,17.0,5.0,0.0,190.5,83.9,205.74,4.11,64.0,3.45,60.0,2.04,67.0,50.0,1.7,0.0,"May 16, 2020"
Roman Dolidze,Laureano Staropoli,8.0,1.0,0.0,187.96,83.9,193.04,3.64,53.0,1.71,67.0,2.34,60.0,,2.34,9.0,2.0,0.0,185.42,77.1,181.61,6.47,35.0,4.6,59.0,0.0,,,0.0,1.0,"June 05, 2021"
Muslim Salikhov,Laureano Staropoli,14.0,2.0,0.0,180.34,77.1,177.8,1.99,47.0,1.42,63.0,0.0,0.0,63.0,0.0,9.0,1.0,0.0,182.88,77.1,181.61,6.47,35.0,4.6,59.0,0.0,,,0.0,1.0,"October 26, 2019"
Derek Brunson,Kevin Holland,20.0,7.0,0.0,185.42,83.9,195.58,3.21,45.0,3.24,53.0,2.6,27.0,100.0,0.46,20.0,5.0,0.0,190.5,83.9,205.74,4.11,64.0,3.45,60.0,2.04,67.0,50.0,1.7,1.0,"March 20, 2021"
Tim Means,Laureano Staropoli,29.0,12.0,1.0,187.96,77.1,190.5,4.87,46.0,3.44,62.0,0.91,44.0,64.0,0.23,9.0,1.0,0.0,185.42,77.1,181.61,6.47,35.0,4.6,59.0,0.0,,,0.0,1.0,"August 08, 2020"
Khamzat Chimaev,Kevin Holland,11.0,0.0,0.0,187.96,77.1,190.5,7.89,60.0,4.3,41.0,3.23,67.0,100.0,2.69,23.0,7.0,0.0,190.5,77.1,205.74,3.9,54.0,2.41,56.0,0.84,43.0,50.0,0.59,1.0,"September 10, 2022"
Dustin Jacoby,John Allan,15.0,5.0,1.0,190.5,92.34,193.04,1.84,24.0,3.52,62.0,0.0,,29.0,0.0,13.0,6.0,0.0,185.42,92.97,190.5,,,,,,,,,1.0,"November 06, 2021"
Roman Dolidze,Khadis Ibragimov,,,,,,,,,,,,,,,8.0,1.0,0.0,190.5,92.97,199.39,,,,,,,,,1.0,"July 18, 2020"
Jamie Pickett,Laureano Staropoli,11.0,6.0,0.0,187.96,83.9,208.28,,,,,,,,,9.0,4.0,0.0,185.42,83.9,181.61,6.47,35.0,4.6,59.0,0.0,,,0.0,1.0,"October 23, 2021"
Jafel Filho,Ode Osbourne,15.0,3.0,0.0,170.18,61.68,173.99,2.0,37.0,2.31,45.0,1.53,27.0,56.0,2.04,12.0,6.0,0.0,170.18,63.49,185.42,3.74,39.0,4.41,45.0,1.37,28.0,69.0,0.27,1.0,"March 16, 2024"
Steve Erceg,Ode Osbourne,12.0,4.0,0.0,172.72,56.69,172.72,4.45,46.0,4.03,52.0,0.84,26.0,64.0,0.34,13.0,8.0,0.0,170.18,56.92,185.42,3.2,41.0,3.82,46.0,1.11,29.0,65.0,0.55,1.0,"August 09, 2025"
Roman Dolidze,John Allan,7.0,0.0,0.0,187.96,92.97,193.04,,,,,,,,,13.0,5.0,0.0,185.42,92.97,190.5,,,,,,,,,1.0,"December 05, 2020"
Manel Kape,Ode Osbourne,15.0,6.0,0.0,165.1,56.69,172.72,3.67,46.0,4.3,49.0,1.0,29.0,80.0,0.0,9.0,3.0,0.0,171.45,56.69,185.42,,,,,,,,,1.0,"August 07, 2021"
Jimmy Flick,Alessandro Costa,16.0,6.0,0.0,170.18,57.14,172.72,1.9,58.0,3.41,46.0,2.13,43.0,,5.69,12.0,3.0,0.0,162.56,56.92,170.18,3.0,34.0,3.27,68.0,0.0,,100.0,0.0,0.0,"June 17, 2023"
CJ Vergara,Ode Osbourne,1.0,0.0,0.0,167.64,57.78,172.72,,,,,,,,,9.0,4.0,0.0,170.18,56.78,185.42,4.3,55.0,3.04,43.0,1.9,100.0,67.0,1.9,0.0,"November 06, 2021"
Steve Erceg,Alessandro Costa,10.0,1.0,0.0,172.72,63.76,172.72,3.6,39.0,3.53,54.0,3.0,75.0,67.0,1.0,13.0,3.0,0.0,162.56,63.85,170.18,3.82,43.0,3.01,63.0,0.0,,92.0,0.0,1.0,"November 11, 2023"
Brian Kelleher,Ode Osbourne,19.0,10.0,0.0,167.64,61.22,167.64,5.01,46.0,5.98,54.0,1.25,27.0,85.0,0.62,0.0,0.0,0.0,170.18,,,,,,,,,,,1.0,"January 18, 2020"
Brad Katona,Jean Matsumoto,16.0,3.0,0.0,167.64,61.68,163.83,4.69,51.0,4.55,49.0,1.71,33.0,53.0,0.0,15.0,0.0,0.0,167.64,61.68,173.99,4.76,38.0,4.52,52.0,1.2,50.0,56.0,0.6,0.0,"October 19, 2024"
Amir Albazi,Alessandro Costa,15.0,1.0,0.0,165.1,57.14,172.72,3.79,43.0,3.01,55.0,3.09,63.0,67.0,1.24,1.0,0.0,0.0,,57.14,,3.0,34.0,3.27,68.0,0.0,,100.0,0.0,1.0,"December 17, 2022"
Miles Johns,Jean Matsumoto,15.0,3.0,0.0,170.18,66.21,172.72,3.16,44.0,2.65,68.0,0.92,20.0,82.0,0.0,16.0,1.0,0.0,167.64,63.04,173.99,5.18,41.0,5.4,46.0,2.73,48.0,58.0,0.27,0.0,"August 09, 2025"
Rob Font,Jean Matsumoto,21.0,8.0,0.0,172.72,61.45,181.61,5.44,46.0,3.58,57.0,0.84,34.0,44.0,0.32,16.0,0.0,0.0,167.64,61.45,173.99,5.2,41.0,5.05,46.0,1.13,27.0,58.0,0.38,1.0,"February 22, 2025"
Iasmin Lucindo,Brogan Walker,13.0,5.0,0.0,160.02,52.61,167.64,4.4,36.0,5.73,61.0,0.0,0.0,,0.0,8.0,3.0,0.0,162.56,56.92,170.18,2.15,63.0,3.87,36.0,0.0,,,0.0,1.0,"April 22, 2023"
Miles Johns,Felipe Lima,15.0,2.0,0.0,170.18,69.84,172.72,3.28,48.0,2.54,69.0,1.02,21.0,86.0,0.0,13.0,1.0,0.0,,,,,,,,,,,,0.0,"December 14, 2024"
Payton Talbott,Felipe Lima,9.0,1.0,0.0,177.8,61.45,179.07,6.73,56.0,3.75,45.0,0.32,33.0,76.0,0.32,14.0,1.0,0.0,167.64,66.21,172.72,3.5,45.0,2.32,73.0,1.71,43.0,83.0,1.14,1.0,"June 28, 2025"
Miles Johns,Cody Gibson,13.0,2.0,0.0,170.18,61.68,172.72,3.51,49.0,2.75,69.0,1.03,22.0,85.0,0.0,20.0,9.0,0.0,177.8,61.22,180.34,4.75,45.0,4.73,56.0,1.35,36.0,64.0,0.27,1.0,"March 23, 2024"
Brad Katona,Cody Gibson,14.0,2.0,0.0,167.64,61.22,163.83,3.33,52.0,2.98,58.0,1.25,23.0,47.0,0.0,20.0,8.0,0.0,177.8,61.22,180.34,2.47,32.0,2.54,64.0,1.85,38.0,58.0,0.37,1.0,"August 19, 2023"
Chad Anheliger,Cody Gibson,13.0,7.0,0.0,167.64,66.21,163.83,3.6,46.0,3.11,54.0,0.82,31.0,43.0,0.61,20.0,10.0,0.0,177.8,61.22,180.34,4.0,44.0,4.08,57.0,1.28,29.0,68.0,0.21,0.0,"November 02, 2024"
Miles Johns,John Castaneda,12.0,1.0,0.0,170.18,61.22,172.72,3.33,48.0,2.42,68.0,1.21,31.0,88.0,0.0,18.0,5.0,0.0,167.64,61.68,180.34,4.17,50.0,5.07,56.0,0.86,25.0,60.0,0.0,0.0,"February 05, 2022"
Muhammad Naimov,Felipe Lima,11.0,2.0,0.0,175.26,71.66,177.8,3.33,46.0,4.57,41.0,1.94,33.0,58.0,0.0,,,,,,,,,,,,,,,0.0,"June 22, 2024"
Brian Kelleher,Cody Gibson,24.0,15.0,0.0,167.64,61.68,167.64,3.39,42.0,4.64,55.0,1.74,42.0,60.0,0.69,20.0,10.0,0.0,177.8,61.22,180.34,4.0,44.0,4.08,57.0,1.28,29.0,68.0,0.21,0.0,"July 20, 2024"
Chris Gutierrez,John Castaneda,21.0,5.0,2.0,175.26,65.53,170.18,4.72,59.0,2.64,64.0,0.26,30.0,72.0,0.09,21.0,8.0,0.0,167.64,71.2,180.34,4.67,50.0,5.22,54.0,1.79,35.0,71.0,0.15,1.0,"April 26, 2025"
Nathaniel Wood,John Castaneda,17.0,4.0,0.0,167.64,61.22,175.26,4.3,43.0,3.16,55.0,1.9,71.0,80.0,1.52,14.0,3.0,0.0,170.18,61.22,177.8,,,,,,,,,1.0,"July 25, 2020"
Eddie Wineland,John Castaneda,24.0,14.0,1.0,171.45,61.22,175.26,3.39,29.0,3.54,70.0,0.28,29.0,86.0,0.14,18.0,5.0,0.0,167.64,61.22,180.34,,,,,,,,,0.0,"February 20, 2021"
Miles Johns,Anderson Dos Santos,11.0,1.0,0.0,170.18,61.22,172.72,3.33,48.0,2.42,68.0,1.21,31.0,88.0,0.0,21.0,8.0,0.0,165.1,61.22,177.8,3.07,27.0,5.6,55.0,0.0,0.0,80.0,1.0,1.0,"August 07, 2021"
Martin Day,Anderson Dos Santos,8,4,0,177.8,61.22,186.69,6.67,54.0,6.4,59.0,1.0,100.0,86.0,2.0,20,8,0,165.1,65.76,177.8,3.07,27.0,5.6,55.0,0.0,0.0,80.0,1.0,0.0,"November 28, 2020"
Ricky Turcios,Kevin Natividad,12,3,0,175.26,61.45,180.34,5.27,34.0,4.02,56.0,0.67,18.0,45.0,0.0,9,3,0,167.64,66.85,177.8,2.63,25.0,4.02,54.0,0.0,0.0,100.0,0.0,1.0,"November 19, 2022"
Jose Aldo,Mario Bautista,32,8,0,170.18,61.68,177.8,3.63,47.0,3.73,61.0,0.51,54.0,92.0,0.15,14,2,0,175.26,61.45,182.88,5.69,49.0,3.99,54.0,2.25,45.0,67.0,1.04,0.0,"October 05, 2024"
Ricky Simon,Mario Bautista,20,4,0,167.64,61.68,175.26,3.01,44.0,3.23,63.0,5.84,50.0,75.0,0.4,13,2,0,175.26,61.45,182.88,5.32,52.0,4.2,53.0,2.72,50.0,57.0,1.26,0.0,"January 13, 2024"
Brian Kelleher,Mario Bautista,24,13,0,167.64,65.76,167.64,3.41,41.0,4.66,55.0,1.82,43.0,64.0,0.73,9,2,0,175.26,61.45,182.88,5.42,49.0,4.13,56.0,1.63,56.0,67.0,0.0,0.0,"June 25, 2022"
Julian Erosa,Christian Rodriguez,29,12,0,185.42,65.99,189.23,6.14,49.0,6.29,48.0,1.63,46.0,59.0,0.75,10,1,0,170.18,63.49,181.61,3.51,46.0,2.46,59.0,1.4,55.0,70.0,1.4,1.0,"July 13, 2024"
Andre Fili,Christian Rodriguez,24,12,0,180.34,65.76,187.96,3.84,38.0,4.15,51.0,2.17,44.0,70.0,0.24,12,3,0,170.18,66.21,181.61,3.63,51.0,2.66,55.0,1.84,47.0,69.0,1.18,1.0,"August 09, 2025"
Andre Fili,Melquizael Costa,24,11,0,,,187.96,,,,,2.15,,,,21,7,0,177.8,76.28,180.34,3.46,46.0,2.29,58.0,2.5,35.0,53.0,1.07,0.0,"February 22, 2025"
Julian Erosa,Melquizael Costa,31,12,0,185.42,66.21,189.23,6.4,50.0,6.21,49.0,1.63,48.0,64.0,0.82,21,7,0,177.8,76.28,180.34,3.46,46.0,2.29,58.0,2.5,35.0,53.0,1.07,0.0,"May 17, 2025"
Christian Rodriguez,Melquizael Costa,12,2,0,170.18,65.76,181.61,3.54,49.0,2.41,58.0,1.21,53.0,70.0,1.21,21,7,0,177.8,76.28,180.34,3.46,46.0,2.29,58.0,2.5,35.0,53.0,1.07,0.0,"March 29, 2025"
Austin Lingo,Melquizael Costa,9,2,0,177.8,71.2,177.8,4.21,40.0,4.36,59.0,0.55,67.0,78.0,0.0,19,6,0,177.8,70.29,180.34,2.53,46.0,2.42,33.0,0.0,,43.0,0.0,0.0,"July 15, 2023"
Andre Fili,Bill Algeo,21,9,0,180.34,65.99,187.96,3.82,37.0,3.92,52.0,2.49,50.0,68.0,0.16,15,6,0,182.88,65.76,185.42,5.88,53.0,4.43,44.0,0.8,44.0,55.0,0.0,1.0,"September 17, 2022"
Dooho Choi,Bill Algeo,14,4,1,177.8,71.97,177.8,4.74,53.0,4.91,54.0,0.29,20.0,50.0,0.0,18,7,0,182.88,66.21,185.42,6.11,52.0,4.41,47.0,0.89,47.0,56.0,0.13,1.0,"July 20, 2024"
Alexander Hernandez,Bill Algeo,14,6,0,175.26,70.75,182.88,4.57,41.0,4.53,57.0,1.38,32.0,63.0,0.15,17,7,0,182.88,66.21,185.42,5.93,54.0,4.32,47.0,0.87,43.0,55.0,0.14,0.0,"October 07, 2023"
Ricardo Ramos,Bill Algeo,14,3,0,175.26,65.76,182.88,3.05,39.0,3.16,60.0,2.13,64.0,75.0,0.71,14,5,0,182.88,65.76,185.42,,,,,,,,,1.0,"May 22, 2021"
Steve Garcia,Melquizael Costa,14,5,0,182.88,74.2,190.5,4.85,56.0,2.61,47.0,1.51,44.0,94.0,0.38,20,6,0,177.8,73.38,180.34,5.11,46.0,2.53,65.0,1.87,38.0,43.0,0.62,1.0,"December 09, 2023"
Darren Elkins,Daniel Pineda,28,11,0,177.8,65.76,180.34,3.44,38.0,3.27,52.0,2.85,35.0,56.0,1.13,28,16,0,170.18,73.47,175.26,2.96,49.0,3.34,44.0,1.61,24.0,49.0,1.48,1.0,"October 19, 2024"
Nathaniel Wood,Daniel Pineda,20,6,0,,,,,,,,,,,,28,15,0,170.18,65.99,175.26,3.09,49.0,3.18,47.0,1.71,25.0,49.0,1.71,1.0,"July 27, 2024"
Spike Carlyle,Bill Algeo,1,1,0,172.72,65.76,180.34,3.47,60.0,3.11,35.0,2.74,50.0,50.0,0.0,13,5,0,180.34,65.76,185.42,,,,,,,,,0.0,"November 28, 2020"
Andre Fili,Daniel Pineda,21,8,0,180.34,65.76,187.96,4.0,37.0,3.96,53.0,2.49,46.0,70.0,0.19,27,13,0,170.18,65.76,175.26,2.99,44.0,2.51,48.0,1.46,25.0,48.0,2.04,0.0,"June 26, 2021"
Alex Caceres,Daniel Pineda,20,13,0,177.8,71.93,186.69,4.16,51.0,2.92,64.0,0.57,71.0,64.0,0.76,28,14,0,170.18,72.11,175.26,3.32,49.0,3.03,49.0,1.47,24.0,49.0,1.84,1.0,"June 03, 2023"
Cub Swanson,Daniel Pineda,26,11,0,172.72,65.76,177.8,4.16,50.0,3.28,62.0,1.17,52.0,60.0,0.51,27,13,0,170.18,65.76,177.8,2.99,44.0,2.51,48.0,1.46,25.0,48.0,2.04,1.0,"December 12, 2020"
Andre Fili,Charles Jourdain,20,6,0,180.34,65.76,187.96,4.08,38.0,3.86,53.0,2.44,46.0,70.0,0.21,10,2,0,175.26,65.76,175.26,,,,,,,,,1.0,"June 13, 2020"
Herbert Burns,Daniel Pineda,11,2,0,175.26,65.76,186.69,2.96,44.0,5.93,48.0,7.41,100.0,100.0,7.41,18,11,0,170.18,65.76,177.8,2.99,44.0,2.51,48.0,1.46,25.0,48.0,2.04,0.0,"August 15, 2020"
Dooho Choi,Charles Jourdain,14,2,0,177.8,65.76,177.8,5.64,53.0,6.26,54.0,0.55,20.0,50.0,0.0,0,0,0,175.26,,175.26,,,,,,,,,0.0,"December 21, 2019"
Ricardo Ramos,Charles Jourdain,16,4,0,175.26,69.84,182.88,3.32,38.0,3.82,58.0,2.58,59.0,73.0,0.61,14,6,1,175.26,65.76,175.26,5.78,49.0,4.3,58.0,0.1,17.0,49.0,0.42,0.0,"September 23, 2023"
Kron Gracie,Charles Jourdain,5,1,0,175.26,65.99,177.8,5.15,42.0,8.13,54.0,0.88,25.0,,0.88,13,6,1,175.26,65.99,175.26,5.84,50.0,4.56,58.0,0.12,17.0,49.0,0.46,0.0,"May 06, 2023"
Julian Erosa,Charles Jourdain,25,10,0,185.42,65.76,189.23,3.58,53.0,5.5,49.0,1.24,75.0,61.0,1.24,10,3,1,175.26,65.76,175.26,4.79,45.0,4.11,61.0,0.0,0.0,47.0,0.65,1.0,"September 04, 2021"
Lando Vannata,Charles Jourdain,12,5,2,175.26,70.75,180.34,4.67,44.0,4.77,54.0,1.12,40.0,69.0,0.34,12,4,1,175.26,71.66,175.26,5.7,49.0,4.57,61.0,0.0,0.0,48.0,0.46,0.0,"April 23, 2022"
Arnold Allen,Sodiq Yusuff,16,1,0,172.72,65.76,177.8,3.19,41.0,2.0,68.0,1.36,53.0,76.0,0.45,11,1,0,175.26,65.76,180.34,5.57,48.0,5.73,58.0,0.0,0.0,73.0,0.41,1.0,"April 10, 2021"
Shane Burgos,Charles Jourdain,14,3,0,180.34,66.03,191.77,7.95,52.0,6.69,58.0,0.24,100.0,91.0,0.12,13,4,1,175.26,65.53,175.26,5.6,49.0,4.53,60.0,0.0,0.0,46.0,0.6,1.0,"July 16, 2022"
Andre Fili,Sodiq Yusuff,20,6,0,180.34,65.76,187.96,4.08,38.0,3.86,53.0,2.44,46.0,70.0,0.21,9,1,0,175.26,65.76,180.34,5.57,50.0,7.89,52.0,0.0,0.0,100.0,0.0,0.0,"January 18, 2020"
Max Holloway,Calvin Kattar,21,6,0,180.34,66.21,175.26,6.66,45.0,4.45,62.0,0.24,83.0,85.0,0.39,22,4,0,180.34,65.76,182.88,5.29,42.0,6.46,56.0,0.42,29.0,78.0,0.0,1.0,"January 16, 2021"
Zabit Magomedsharipov,Calvin Kattar,17,1,0,186.69,65.76,185.42,4.53,53.0,2.44,66.0,6.23,59.0,78.0,0.96,19,3,0,180.34,65.76,182.88,5.06,42.0,6.35,56.0,0.61,33.0,80.0,0.0,1.0,"November 09, 2019"
Jeremy Stephens,Calvin Kattar,28,16,0,,,180.34,,,,,1.18,,,,20,3,0,,,182.88,,,,,0.47,,,,0.0,"May 09, 2020"
Armen Petrosyan,Christian Leroy Duncan,8,2,0,190.5,84.35,180.34,5.99,52.0,2.75,59.0,0.0,0.0,25.0,0.0,8,0,0,187.96,89.8,201.9,4.82,64.0,2.14,33.0,0.0,,,0.0,1.0,"June 17, 2023"
Eryk Anders,Christian Leroy Duncan,17,8,0,185.42,87.53,190.5,3.54,48.0,4.05,51.0,1.71,25.0,80.0,0.07,10,2,0,187.96,91.16,200.66,4.71,63.0,3.57,49.0,0.31,14.0,64.0,0.0,0.0,"August 09, 2025"
Bo Nickal,Jamie Pickett,2,0,0,,84.13,,3.68,70.0,0.0,100.0,23.68,100.0,,23.68,13,8,0,187.96,92.97,208.28,3.25,51.0,4.36,48.0,1.39,36.0,65.0,0.17,1.0,"March 04, 2023"
Josh Fremd,Jamie Pickett,10,4,0,193.04,84.35,193.04,3.05,52.0,2.71,42.0,1.56,75.0,31.0,1.56,13,9,0,187.96,84.35,208.28,3.16,51.0,4.23,48.0,1.34,36.0,67.0,0.17,1.0,"August 12, 2023"
Eryk Anders,Jamie Pickett,15,8,0,185.42,92.52,190.5,3.56,48.0,4.39,50.0,1.54,24.0,80.0,0.08,13,10,0,187.96,93.42,208.28,2.84,49.0,3.92,49.0,1.44,40.0,70.0,0.14,1.0,"March 02, 2024"
Jordan Wright,Jamie Pickett,11,0,0,187.96,83.9,195.58,,,,,,,,,11,5,0,187.96,83.9,208.28,,,,,,,,,1.0,"May 15, 2021"
Denis Tiuliulin,Jamie Pickett,10,6,0,185.42,84.13,195.58,4.45,38.0,6.03,37.0,0.0,0.0,33.0,0.0,13,7,0,187.96,87.98,208.28,2.89,50.0,3.97,46.0,1.57,47.0,64.0,0.2,1.0,"September 10, 2022"
Eryk Anders,Darren Stewart,13,5,0,185.42,83.9,190.5,2.89,48.0,4.06,49.0,1.73,40.0,75.0,0.14,12,5,0,182.88,83.9,187.96,2.96,44.0,2.67,53.0,1.84,41.0,64.0,0.0,0.0,"March 13, 2021"
Eryk Anders,Darren Stewart,13,5,0,185.42,83.9,190.5,3.23,47.0,4.15,52.0,1.62,36.0,81.0,0.11,12,6,0,182.88,83.9,187.96,3.09,44.0,3.09,50.0,1.5,41.0,65.0,0.14,1.0,"June 12, 2021"
Kyle Daukaus,Jamie Pickett,10,2,0,190.5,83.9,193.04,3.19,54.0,2.61,40.0,1.88,28.0,86.0,1.88,11,6,0,187.96,83.9,208.28,,,,,,,,,1.0,"February 19, 2022"
Ricardo Lamas,Calvin Kattar,19,7,0,172.72,65.76,180.34,2.87,45.0,2.61,60.0,1.66,32.0,48.0,1.03,19,3,0,180.34,65.76,182.88,5.03,42.0,6.66,55.0,0.67,33.0,75.0,0.0,0.0,"June 08, 2019"
Dustin Jacoby,Darren Stewart,14,5,1,190.5,92.97,193.04,1.84,24.0,3.52,62.0,0.0,,29.0,0.0,12,7,0,182.88,92.97,187.96,3.09,44.0,3.09,50.0,1.5,41.0,65.0,0.14,1.0,"August 28, 2021"
Maki Pitolo,Darren Stewart,11,5,0,177.8,77.1,182.88,,,,,,,,,10,4,0,182.88,83.9,187.96,2.96,44.0,2.67,53.0,1.84,41.0,64.0,0.0,0.0,"August 08, 2020"
Deron Winn,Darren Stewart,5,0,0,170.18,83.9,,,,,,,,,,10,4,0,182.88,83.9,187.96,2.96,44.0,2.67,53.0,1.84,41.0,64.0,0.0,0.0,"October 18, 2019"
Kevin Holland,Darren Stewart,18,5,0,190.5,83.9,205.74,4.11,64.0,3.45,60.0,2.04,67.0,50.0,1.7,11,5,0,182.88,83.9,187.96,2.96,44.0,2.67,53.0,1.84,41.0,64.0,0.0,1.0,"September 19, 2020"
Sean Strickland,Krzysztof Jotko,21,3,1,185.42,77.1,193.04,4.34,35.0,3.62,65.0,1.37,58.0,82.0,0.5,22,4,0,185.42,83.9,195.58,2.98,46.0,1.9,58.0,1.27,35.0,87.0,0.09,1.0,"May 01, 2021"
Marc-Andre Barriault,Krzysztof Jotko,11,2,0,185.42,83.9,190.5,,,,,,,,,20,4,0,185.42,83.9,195.58,2.86,44.0,1.89,59.0,1.12,38.0,87.0,0.12,0.0,"July 27, 2019"
Eryk Anders,Krzysztof Jotko,12,4,0,185.42,83.9,190.5,2.89,48.0,4.06,49.0,1.73,40.0,75.0,0.14,21,4,0,185.42,83.9,195.58,2.84,44.0,1.81,58.0,1.39,40.0,86.0,0.1,0.0,"May 16, 2020"
Misha Cirkunov,Krzysztof Jotko,15,6,0,190.5,92.97,195.58,4.18,51.0,3.22,61.0,4.28,58.0,71.0,2.34,22,5,0,185.42,92.88,195.58,2.98,46.0,1.9,58.0,1.27,35.0,87.0,0.09,0.0,"October 02, 2021"
Dalcha Lungiambula,Markus Perez,10,2,0,172.72,83.9,193.04,,,,,,,,,12,4,0,185.42,83.9,185.42,2.75,49.0,3.96,52.0,1.08,27.0,80.0,1.08,1.0,"January 20, 2021"
Joselyne Edwards,Priscila Cachoeira,15,6,0,172.72,61.68,177.8,4.62,54.0,3.2,50.0,1.31,41.0,61.0,0.55,13,6,0,170.18,61.22,165.1,4.03,44.0,7.15,44.0,0.15,33.0,66.0,0.0,1.0,"August 09, 2025"
Miranda Maverick,Priscila Cachoeira,13,4,0,161.29,56.92,166.37,3.74,44.0,2.53,60.0,2.7,62.0,44.0,0.42,12,4,0,170.18,58.96,165.1,4.68,44.0,7.85,46.0,0.21,33.0,65.0,0.0,1.0,"July 29, 2023"
Josiane Nunes,Priscila Cachoeira,10,3,0,157.48,68.03,170.18,5.41,43.0,5.44,52.0,0.0,,58.0,0.0,12,6,0,,,165.1,,,,,0.15,,,,0.0,"March 15, 2025"
Ji Yeon Kim,Priscila Cachoeira,9,4,2,170.18,56.69,182.88,5.04,34.0,5.47,57.0,0.0,0.0,40.0,0.0,10,3,0,170.18,56.69,165.1,3.15,31.0,8.27,35.0,0.0,,69.0,0.0,0.0,"February 26, 2022"
Gillian Robertson,Priscila Cachoeira,9,6,0,165.1,56.69,160.02,2.05,52.0,2.1,51.0,2.64,47.0,,0.94,10,3,0,170.18,56.69,165.1,3.15,31.0,8.27,35.0,0.0,,69.0,0.0,1.0,"December 11, 2021"
Gina Mazany,Priscila Cachoeira,7,4,0,167.64,56.69,173.99,2.72,50.0,2.84,50.0,3.18,78.0,20.0,0.0,9,3,0,170.18,56.69,165.1,3.15,31.0,8.27,35.0,0.0,,69.0,0.0,0.0,"May 15, 2021"
Elijah Smith,Toshiomi Kazama,8,1,0,175.26,61.45,180.34,3.83,42.0,3.87,48.0,4.0,53.0,67.0,1.0,11,4,0,170.18,67.12,175.26,1.72,53.0,3.89,43.0,1.68,13.0,67.0,0.56,1.0,"August 09, 2025"
Joselyne Edwards,Tamires Vidal,13,6,0,172.72,68.84,177.8,4.35,52.0,3.29,49.0,0.88,33.0,60.0,0.38,7,3,0,167.64,64.85,172.72,3.2,55.0,3.9,55.0,0.0,0.0,29.0,1.04,1.0,"October 19, 2024"
Luana Carolina,Lucie Pudilova,10,4,0,167.64,64.17,175.26,4.63,50.0,3.63,49.0,0.38,43.0,77.0,0.63,14,9,0,172.72,64.4,171.45,3.68,38.0,3.83,51.0,0.55,28.0,67.0,0.66,1.0,"July 20, 2024"
Jasmine Jasudavicius,Priscila Cachoeira,9,3,0,170.18,60.23,172.72,3.54,40.0,4.41,51.0,2.17,37.0,80.0,0.0,12,5,0,170.18,63.67,165.1,4.12,44.0,7.13,45.0,0.18,33.0,66.0,0.0,1.0,"January 20, 2024"
Antonina Shevchenko,Lucie Pudilova,7,0,0,172.72,56.69,170.18,4.4,49.0,3.13,69.0,2.0,100.0,83.0,0.0,8,4,0,172.72,56.69,171.45,4.87,39.0,4.21,54.0,0.0,0.0,65.0,0.8,1.0,"August 03, 2019"
Joselyne Edwards,Lucie Pudilova,12,4,0,172.72,66.03,177.8,5.61,53.0,3.65,49.0,0.4,17.0,63.0,0.2,9,6,0,,,,,,,,,,,,1.0,"April 15, 2023"
Justine Kish,Lucie Pudilova,6,2,0,165.1,56.69,162.56,4.32,50.0,4.18,58.0,1.0,31.0,56.0,0.25,8,4,0,172.72,56.69,171.45,4.56,39.0,4.08,53.0,0.18,13.0,65.0,0.74,1.0,"January 25, 2020"
Joselyne Edwards,Ji Yeon Kim,11,4,0,172.72,65.76,177.8,5.33,58.0,3.27,44.0,0.25,11.0,63.0,0.25,9,5,2,170.18,57.14,182.88,5.86,36.0,5.64,56.0,0.0,0.0,36.0,0.0,1.0,"July 30, 2022"
Nadia Kassem,Ji Yeon Kim,5,1,0,165.1,56.69,167.64,3.47,50.0,3.0,36.0,0.0,0.0,43.0,6.0,7,2,2,170.18,56.69,182.88,3.9,31.0,4.78,58.0,0.0,0.0,33.0,0.0,0.0,"October 05, 2019"
Wu Yanan,Lucie Pudilova,12,5,0,172.72,61.68,167.64,4.42,40.0,5.05,50.0,0.7,30.0,69.0,0.23,8,6,0,172.72,57.14,171.45,4.15,36.0,4.09,53.0,0.16,13.0,61.0,0.62,0.0,"August 20, 2022"
Uros Medic,Gilbert Urbina,10,3,0,185.42,77.55,180.34,5.49,61.0,3.46,56.0,0.37,50.0,56.0,0.0,7,4,0,175.26,84.81,190.5,5.61,57.0,4.61,45.0,3.01,44.0,,0.75,1.0,"August 09, 2025"
Uros Medic,Jalin Turner,7,0,0,185.42,70.29,180.34,19.91,78.0,0.52,87.0,0.0,,100.0,0.0,9,5,0,190.5,70.29,195.58,3.8,39.0,5.87,49.0,0.0,,71.0,0.76,0.0,"September 25, 2021"
Orion Cosce,Gilbert Urbina,8,1,0,180.34,78.23,180.34,2.92,54.0,3.53,46.0,2.3,40.0,73.0,0.0,6,2,0,175.26,84.35,190.5,6.21,59.0,6.34,47.0,4.14,33.0,,0.0,0.0,"May 20, 2023"
Brad Riddell,Jalin Turner,10,2,0,170.18,78.91,180.34,4.76,54.0,3.55,53.0,1.87,39.0,63.0,0.0,12,5,0,,,,,,,,,,,,0.0,"July 02, 2022"
Mateusz Gamrot,Jalin Turner,21,2,0,177.8,70.75,179.07,3.26,49.0,3.34,61.0,4.66,31.0,90.0,0.21,14,5,0,190.5,70.52,195.58,6.48,48.0,4.31,44.0,1.14,80.0,78.0,1.99,1.0,"March 04, 2023"
Brok Weaver,Jalin Turner,14,4,0,182.88,77.1,185.42,,,,,,,,,8,4,0,190.5,70.29,195.58,8.42,53.0,17.89,43.0,0.0,,100.0,0.0,0.0,"September 12, 2020"
Uros Medic,Aalon Cruz,6,0,0,185.42,70.29,180.34,,,,,,,,,8,3,0,182.88,70.29,198.12,,,,,,,,,1.0,"March 06, 2021"
Max Holloway,Dustin Poirier,20,3,0,180.34,65.76,175.26,6.9,46.0,4.03,65.0,0.32,83.0,83.0,0.45,24,5,0,175.26,70.29,182.88,5.59,50.0,3.69,56.0,1.75,41.0,69.0,1.32,0.0,"April 13, 2019"
Max Holloway,Dustin Poirier,26,8,0,180.34,65.76,175.26,7.16,48.0,4.76,59.0,0.25,53.0,83.0,0.31,30,9,0,175.26,74.38,182.88,5.3,51.0,4.33,53.0,1.24,36.0,64.0,1.28,1.0,"July 19, 2025"
Molly McCann,Ji Yeon Kim,10,4,0,162.56,59.95,157.48,5.3,51.0,4.17,68.0,1.36,18.0,50.0,1.36,9,3,2,170.18,60.77,182.88,4.49,34.0,4.74,59.0,0.0,0.0,40.0,0.0,1.0,"September 04, 2021"
Khabib Nurmagomedov,Dustin Poirier,27,0,0,177.8,70.29,177.8,4.29,50.0,1.7,67.0,5.09,45.0,85.0,0.59,25,5,0,175.26,70.29,182.88,5.59,50.0,3.69,56.0,1.75,41.0,69.0,1.32,1.0,"September 07, 2019"
Islam Makhachev,Dustin Poirier,25,1,0,177.8,70.29,179.07,2.46,60.0,1.27,62.0,3.17,61.0,91.0,1.02,30,8,0,175.26,70.75,182.88,5.45,51.0,4.36,53.0,1.33,36.0,63.0,1.37,1.0,"June 01, 2024"
Charles Oliveira,Dustin Poirier,31,8,0,177.8,65.76,187.96,3.26,53.0,3.01,54.0,2.64,45.0,57.0,2.72,28,6,0,175.26,70.29,182.88,5.62,51.0,4.19,54.0,1.5,37.0,61.0,1.23,1.0,"December 11, 2021"
Max Holloway,Arnold Allen,23,7,0,180.34,65.53,175.26,7.24,47.0,4.89,59.0,0.29,53.0,84.0,0.33,19,1,0,172.72,65.99,177.8,3.4,42.0,2.25,67.0,1.35,50.0,76.0,0.37,1.0,"April 15, 2023"
Calvin Kattar,Arnold Allen,23,6,0,180.34,71.47,182.88,5.19,40.0,7.15,54.0,0.44,29.0,91.0,0.09,18,1,0,172.72,73.02,177.8,3.31,42.0,2.22,67.0,1.41,50.0,76.0,0.38,0.0,"October 29, 2022"
Jose Aldo,Alexander Volkanovski,28,4,0,170.18,65.76,177.8,3.53,45.0,2.97,67.0,0.71,68.0,92.0,0.16,19,1,0,167.64,65.76,181.61,6.06,60.0,2.61,62.0,3.37,41.0,71.0,0.63,0.0,"May 11, 2019"
Max Holloway,Alexander Volkanovski,21,4,0,,,,,,,,,,,,20,1,0,,,181.61,,,,,2.78,,,,0.0,"December 14, 2019"
Islam Makhachev,Alexander Volkanovski,23,1,0,177.8,79.82,179.07,2.37,59.0,0.95,67.0,3.42,66.0,89.0,1.27,25,1,0,167.64,73.02,181.61,6.79,57.0,3.53,60.0,1.71,37.0,73.0,0.22,1.0,"February 11, 2023"
Islam Makhachev,Alexander Volkanovski,24,1,0,177.8,77.55,179.07,2.35,59.0,1.27,62.0,3.24,62.0,91.0,1.05,26,2,0,167.64,78.91,181.61,6.25,57.0,3.36,59.0,1.86,38.0,69.0,0.19,1.0,"October 21, 2023"
Cory Sandhagen,Frankie Edgar,13,2,0,180.34,61.22,177.8,6.95,49.0,4.08,58.0,1.2,50.0,33.0,0.6,23,8,1,167.64,61.22,172.72,3.6,40.0,2.48,68.0,2.34,32.0,66.0,0.34,1.0,"February 06, 2021"
Max Holloway,Frankie Edgar,20,4,0,180.34,65.76,175.26,6.9,46.0,4.03,65.0,0.32,83.0,83.0,0.45,22,6,1,167.64,65.76,172.72,3.59,40.0,2.22,70.0,2.47,34.0,66.0,0.37,1.0,"July 27, 2019"
Pedro Munhoz,Frankie Edgar,18,4,0,167.64,61.22,163.83,5.29,43.0,6.17,57.0,0.92,21.0,82.0,1.05,22,8,1,167.64,65.76,172.72,3.6,40.0,2.48,68.0,2.34,32.0,66.0,0.34,0.0,"August 22, 2020"
Yair Rodriguez,Brian Ortega,16,4,0,180.34,70.61,180.34,4.63,46.0,4.07,52.0,0.73,28.0,59.0,0.73,15,3,0,172.72,72.47,175.26,4.19,39.0,6.66,50.0,0.95,24.0,56.0,1.16,0.0,"February 24, 2024"
Petr Yan,Jose Aldo,14,1,0,171.45,61.22,170.18,5.65,46.0,3.15,68.0,1.73,53.0,88.0,0.22,28,6,0,170.18,65.76,177.8,3.47,44.0,3.18,65.0,0.64,65.0,92.0,0.15,1.0,"July 11, 2020"
Marlon Moraes,Jose Aldo,22,5,1,167.64,61.22,170.18,3.23,35.0,2.6,66.0,0.43,25.0,60.0,0.86,28,5,0,,,,,,,,,,,,1.0,"December 14, 2019"
Rob Font,Jose Aldo,19,4,0,172.72,61.22,181.61,5.21,42.0,3.83,63.0,1.2,36.0,48.0,0.75,30,7,0,170.18,65.76,177.8,3.45,45.0,3.52,62.0,0.57,57.0,91.0,0.13,0.0,"December 04, 2021"
Alexander Volkanovski,Brian Ortega,22,1,0,167.64,65.76,181.61,6.02,56.0,3.31,60.0,2.09,35.0,73.0,0.33,15,1,0,172.72,70.29,175.26,4.29,38.0,6.28,52.0,0.8,21.0,56.0,1.06,1.0,"September 25, 2021"
Yair Rodriguez,Jeremy Stephens,12,2,0,180.34,65.76,180.34,4.06,43.0,3.11,59.0,1.02,33.0,69.0,1.02,28,16,0,173.99,65.76,180.34,3.08,40.0,2.84,59.0,1.11,36.0,64.0,0.41,0.0,"September 21, 2019"
Tony Ferguson,Charles Oliveira,26,5,0,180.34,70.29,194.31,5.51,45.0,3.55,64.0,0.6,43.0,77.0,1.49,29,8,0,177.8,65.76,187.96,3.18,50.0,3.01,54.0,2.8,43.0,59.0,2.8,0.0,"December 12, 2020"
Yair Rodriguez,Jeremy Stephens,12,2,0,180.34,65.76,180.34,4.06,43.0,3.11,59.0,1.02,33.0,69.0,1.02,28,16,0,173.99,65.76,180.34,3.08,40.0,2.84,59.0,1.11,36.0,64.0,0.41,1.0,"October 18, 2019"
Dan Ige,Andre Fili,17,7,0,170.18,72.11,180.34,3.76,45.0,3.53,57.0,1.07,27.0,59.0,0.29,23,10,0,180.34,72.56,187.96,3.86,38.0,4.11,52.0,2.19,48.0,69.0,0.27,1.0,"February 10, 2024"
Ilia Topuria,Charles Oliveira,16,0,0,170.18,65.76,175.26,4.69,47.0,3.84,64.0,2.02,61.0,93.0,1.1,35,10,0,177.8,70.57,187.96,3.4,55.0,3.21,49.0,2.25,40.0,56.0,2.66,1.0,"June 28, 2025"
Bryce Mitchell,Andre Fili,13,1,0,177.8,65.76,177.8,1.83,49.0,2.0,60.0,1.5,23.0,33.0,1.5,21,7,0,180.34,65.76,187.96,4.0,37.0,3.96,53.0,2.49,46.0,70.0,0.19,1.0,"October 31, 2020"
Kevin Lee,Charles Oliveira,17,5,0,,,195.58,,,,,3.1,,,,27,8,0,,,187.96,,,,,2.8,,,,0.0,"March 14, 2020"
Nathaniel Wood,Andre Fili,19,5,0,167.64,66.21,175.26,6.34,48.0,4.42,57.0,1.81,55.0,74.0,0.6,22,9,0,180.34,65.99,187.96,3.83,37.0,4.03,52.0,2.38,49.0,70.0,0.29,1.0,"July 22, 2023"
Cub Swanson,Andre Fili,29,13,0,172.72,66.21,177.8,4.7,51.0,3.84,59.0,1.09,52.0,61.0,0.42,23,11,0,180.34,72.56,187.96,3.85,37.0,4.11,51.0,2.16,48.0,69.0,0.26,0.0,"June 29, 2024"
Gabriella Fernandes,Julija Stoliarenko,10,3,0,167.64,57.14,167.64,3.46,47.0,5.5,50.0,0.56,18.0,61.0,0.28,11,8,2,170.18,63.4,167.64,2.49,39.0,4.54,46.0,0.93,28.0,55.0,1.67,1.0,"August 09, 2025"
Julia Avila,Julija Stoliarenko,8,2,0,170.18,61.22,172.72,3.1,41.0,2.9,55.0,0.49,50.0,60.0,0.0,9,5,1,170.18,61.22,167.64,2.1,34.0,3.87,51.0,0.0,0.0,67.0,0.5,1.0,"June 26, 2021"
Molly McCann,Julija Stoliarenko,13,5,0,162.56,61.68,157.48,5.72,50.0,4.9,64.0,1.67,35.0,45.0,0.52,10,8,2,170.18,61.68,167.64,2.75,41.0,4.61,44.0,0.7,25.0,63.0,1.17,0.0,"July 22, 2023"
Alexis Davis,Julija Stoliarenko,20,11,0,167.64,61.0,172.72,4.18,47.0,4.18,56.0,0.94,41.0,35.0,0.77,9,6,1,170.18,61.22,167.64,2.1,34.0,3.87,51.0,0.0,0.0,67.0,0.5,1.0,"February 05, 2022"
Jessica-Rose Clark,Julija Stoliarenko,11,7,0,165.1,61.45,163.83,3.95,52.0,3.56,59.0,1.77,52.0,67.0,0.32,9,7,1,170.18,61.45,167.64,2.68,41.0,4.2,44.0,0.25,13.0,63.0,1.01,0.0,"July 02, 2022"
Luana Carolina,Julija Stoliarenko,9,4,0,167.64,64.17,175.26,4.65,50.0,4.0,47.0,0.15,25.0,76.0,0.73,11,8,2,170.18,63.4,167.64,2.81,41.0,4.56,45.0,0.91,31.0,63.0,1.36,1.0,"February 03, 2024"
Cody Brundage,Eric McConico,11,7,0,182.88,83.9,182.88,2.23,53.0,2.9,47.0,1.87,48.0,69.0,0.75,9,3,1,182.88,83.45,195.58,0.9,38.0,3.6,52.0,0.0,,,0.0,0.0,"August 09, 2025"
Sam Alvey,Julian Marquez,33,15,1,187.96,83.9,191.77,3.05,45.0,3.2,56.0,0.09,17.0,83.0,0.09,8,2,0,187.96,83.9,182.88,3.48,37.0,4.41,53.0,0.0,0.0,53.0,3.3,0.0,"April 10, 2021"
Cody Brundage,Julian Marquez,10,6,0,182.88,91.61,182.88,1.62,54.0,2.63,41.0,2.31,50.0,69.0,0.92,9,5,0,,,182.88,,,,,0.0,,,,1.0,"March 01, 2025"
Cody Brundage,Sedriques Dumas,8,4,0,182.88,89.34,182.88,2.48,56.0,2.63,50.0,2.6,46.0,74.0,1.3,7,1,0,187.96,83.67,200.66,2.5,47.0,3.87,47.0,1.71,50.0,,1.71,0.0,"June 24, 2023"
Abu Azaitar,Sedriques Dumas,14,3,1,175.26,92.06,193.04,5.21,45.0,5.35,50.0,0.5,25.0,40.0,0.0,8,1,0,187.96,89.8,200.66,1.64,57.0,1.56,50.0,0.63,50.0,33.0,0.63,0.0,"October 21, 2023"
Punahele Soriano,Nick Maximov,8,1,0,180.34,83.9,184.15,4.44,44.0,4.2,54.0,1.58,67.0,100.0,0.0,7,0,0,182.88,83.9,193.04,1.7,50.0,1.1,49.0,3.0,30.0,100.0,0.0,0.0,"February 05, 2022"
Maki Pitolo,Julian Marquez,13,7,0,177.8,83.9,190.5,4.2,42.0,3.21,51.0,2.13,60.0,33.0,0.71,7,2,0,187.96,83.9,182.88,3.48,37.0,4.41,53.0,0.0,0.0,53.0,3.3,0.0,"February 13, 2021"
Gilbert Burns,Jack Della Maddalena,22,6,0,177.8,77.55,180.34,3.36,49.0,3.34,55.0,1.95,36.0,48.0,0.53,16,2,0,180.34,77.55,185.42,,,,,,,,,0.0,"March 09, 2024"
Belal Muhammad,Jack Della Maddalena,24,3,0,180.34,76.64,182.88,4.39,44.0,3.48,57.0,2.28,39.0,89.0,0.16,17,2,0,180.34,77.1,185.42,,,,,,,,,0.0,"May 10, 2025"
Nicolas Dalby,Alex Oliveira,14,2,1,180.34,77.1,187.96,3.27,38.0,3.33,56.0,2.0,50.0,69.0,0.0,19,6,1,180.34,77.1,194.31,3.09,51.0,2.27,44.0,2.84,37.0,59.0,0.77,1.0,"September 28, 2019"
Kevin Holland,Jack Della Maddalena,24,9,0,190.5,84.08,205.74,4.12,52.0,2.98,52.0,0.84,41.0,51.0,0.49,15,2,0,180.34,84.99,185.42,,,,,,,,,0.0,"September 16, 2023"
Kevin Holland,Charlie Ontiveros,18,5,0,190.5,83.9,205.74,4.11,64.0,3.45,60.0,2.04,67.0,50.0,1.7,0,0,0,,,,,,,,,,,,1.0,"October 31, 2020"
Steve Garcia,Charlie Ontiveros,11,4,0,182.88,76.19,190.5,,,,,,,,,11,7,0,,,,,,,,,,,,1.0,"October 09, 2021"
Gabriel Benitez,Charlie Ontiveros,22,11,0,172.72,67.12,180.34,4.6,41.0,3.98,65.0,0.14,50.0,58.0,1.12,11,8,0,187.96,70.52,198.12,0.7,32.0,4.6,26.0,0.0,,25.0,0.0,1.0,"August 13, 2022"
Kevin Holland,Alex Oliveira,21,7,0,190.5,83.9,205.74,3.67,54.0,2.34,56.0,0.9,45.0,50.0,0.54,22,11,1,180.34,80.82,194.31,2.97,51.0,2.38,48.0,2.27,37.0,64.0,0.51,1.0,"March 05, 2022"
Alen Amedovski,John Phillips,8,0,0,180.34,83.9,185.42,,,,,,,,,21,9,0,180.34,83.9,190.5,2.51,33.0,4.99,53.0,0.0,,14.0,0.0,0.0,"September 28, 2019"
Joaquin Buckley,Alessio Di Chirico,12,3,0,177.8,83.9,193.04,,,,,,,,,12,5,0,182.88,83.9,187.96,3.2,42.0,3.22,63.0,1.95,50.0,83.0,0.0,0.0,"January 16, 2021"
Cesar Almeida,Roman Kopylov,5,0,0,185.42,84.13,187.96,4.5,65.0,1.31,51.0,0.0,,63.0,0.0,12,2,0,182.88,87.98,190.5,4.72,53.0,4.11,61.0,0.47,50.0,92.0,0.0,0.0,"June 01, 2024"
Chris Curtis,Roman Kopylov,31,11,0,177.8,84.35,191.77,5.76,51.0,6.16,53.0,0.0,,83.0,0.0,13,3,0,182.88,88.98,190.5,4.33,54.0,4.06,58.0,1.2,54.0,87.0,0.0,0.0,"January 11, 2025"
Punahele Soriano,Roman Kopylov,9,2,0,180.34,88.89,184.15,3.95,48.0,3.42,52.0,1.02,57.0,32.0,0.0,8,2,0,182.88,84.35,190.5,2.72,42.0,3.93,56.0,0.52,33.0,83.0,0.0,0.0,"January 14, 2023"
Paulo Costa,Roman Kopylov,14,4,0,185.42,91.61,182.88,6.22,58.0,6.56,49.0,0.36,75.0,80.0,0.0,14,3,0,182.88,88.98,190.5,4.96,51.0,4.86,55.0,1.17,42.0,87.0,0.0,1.0,"July 19, 2025"
Albert Duraev,Roman Kopylov,,,,,,,,,,,,,,,8,1,0,182.88,83.9,190.5,,,,,,,,,1.0,"October 30, 2021"
Alessio Di Chirico,Roman Kopylov,13,6,0,182.88,84.13,187.96,3.3,41.0,3.24,63.0,1.62,46.0,83.0,0.0,8,2,0,182.88,84.35,190.5,2.72,42.0,3.93,56.0,0.52,33.0,83.0,0.0,0.0,"September 03, 2022"
Anthony Hernandez,Roman Kopylov,11,2,0,182.88,89.34,190.5,4.33,62.0,3.36,47.0,6.79,57.0,63.0,2.91,12,2,0,182.88,87.98,190.5,4.72,53.0,4.11,61.0,0.47,50.0,92.0,0.0,1.0,"February 17, 2024"
Paulo Costa,Marvin Vettori,13,1,0,185.42,99.05,182.88,7.03,57.0,6.7,51.0,0.0,0.0,80.0,0.0,17,5,1,182.88,83.9,187.96,3.88,43.0,3.04,64.0,2.24,47.0,79.0,0.69,0.0,"October 23, 2021"
Paulo Costa,Luke Rockhold,13,2,0,185.42,92.74,182.88,6.85,59.0,7.02,49.0,0.21,50.0,80.0,0.0,16,5,0,190.5,92.74,195.58,4.18,48.0,2.43,57.0,0.67,30.0,68.0,1.12,1.0,"August 20, 2022"
Jan Blachowicz,Luke Rockhold,23,8,0,187.96,92.97,198.12,3.5,49.0,3.16,53.0,1.46,52.0,54.0,0.34,16,4,0,190.5,83.9,195.58,4.91,56.0,4.67,59.0,1.18,45.0,68.0,1.42,1.0,"July 06, 2019"
Israel Adesanya,Marvin Vettori,20,1,0,193.04,83.9,203.2,3.95,50.0,2.63,62.0,0.0,0.0,82.0,0.28,17,4,1,182.88,83.9,187.96,4.78,45.0,3.19,66.0,1.33,46.0,79.0,0.85,1.0,"June 12, 2021"
Karl Roberson,Marvin Vettori,9,2,0,185.42,83.9,187.96,3.08,53.0,1.81,64.0,1.08,57.0,53.0,0.81,13,4,1,182.88,83.9,187.96,3.75,42.0,2.89,63.0,1.7,45.0,79.0,0.75,0.0,"June 13, 2020"
Robert Whittaker,Marvin Vettori,24,6,0,182.88,84.35,186.69,4.45,42.0,3.32,61.0,0.81,36.0,84.0,0.0,18,5,1,182.88,84.35,187.96,4.35,46.0,3.48,60.0,2.04,45.0,76.0,0.6,1.0,"September 03, 2022"
Jack Hermansson,Marvin Vettori,21,5,0,185.42,84.35,196.85,4.9,56.0,1.77,64.0,2.38,47.0,73.0,0.89,15,4,1,182.88,83.9,187.96,4.05,42.0,2.85,67.0,1.43,45.0,81.0,0.63,0.0,"December 05, 2020"
Dan Ige,Patricio Freire,19,9,0,170.18,70.79,180.34,3.67,46.0,3.55,57.0,0.94,26.0,58.0,0.24,0,0,0,,,,,,,,,,,,0.0,"July 19, 2025"
Charles Jourdain,Sean Woodson,15,6,1,175.26,71.66,175.26,5.71,50.0,4.21,58.0,0.1,17.0,48.0,0.51,10,1,1,189.23,74.51,198.12,5.41,46.0,4.0,58.0,0.71,80.0,83.0,0.54,0.0,"January 20, 2024"
Dan Ige,Sean Woodson,18,9,0,170.18,66.21,180.34,3.66,46.0,3.5,57.0,0.99,27.0,58.0,0.25,13,1,1,,,198.12,,,,,0.63,,,,1.0,"April 12, 2025"
Yair Rodriguez,Patricio Freire,16,5,0,180.34,66.21,180.34,4.65,46.0,3.99,52.0,0.69,27.0,58.0,0.69,0,0,0,,,,,,,,,,,,1.0,"April 12, 2025"
Alex Caceres,Sean Woodson,21,14,0,177.8,72.02,186.69,4.16,51.0,2.93,63.0,0.56,68.0,65.0,0.69,11,1,1,189.23,65.99,198.12,5.4,47.0,4.0,58.0,0.76,63.0,84.0,0.45,0.0,"May 11, 2024"
Kyle Bochniak,Sean Woodson,8,4,0,170.18,65.76,177.8,2.6,32.0,4.73,59.0,1.17,19.0,63.0,0.0,,,,,,,,,,,,,,,0.0,"October 18, 2019"
Dan Ige,Nate Landwehr,16,6,0,170.18,65.99,180.34,3.8,46.0,3.58,57.0,1.25,27.0,52.0,0.33,17,4,0,175.26,65.99,182.88,6.47,49.0,5.51,56.0,1.36,63.0,86.0,1.36,1.0,"June 10, 2023"
Dan Ige,Damon Jackson,15,6,0,170.18,65.99,180.34,3.8,46.0,3.56,57.0,1.23,25.0,51.0,0.35,22,4,1,180.34,65.99,180.34,2.65,42.0,2.83,51.0,2.62,40.0,43.0,2.06,1.0,"January 14, 2023"
Darren Elkins,Nate Landwehr,25,8,0,177.8,66.21,180.34,3.36,38.0,2.83,53.0,2.68,36.0,58.0,1.34,,,,,,,,,,,,,,,0.0,"May 16, 2020"
Ilia Topuria,Damon Jackson,9,0,0,170.18,65.76,175.26,,,,,,,,,17,3,1,180.34,65.76,180.34,2.71,36.0,3.9,44.0,1.77,20.0,60.0,0.0,1.0,"December 05, 2020"
Jim Miller,Damon Jackson,37,18,0,172.72,76.51,180.34,2.99,42.0,3.5,57.0,1.53,44.0,48.0,1.67,23,6,1,180.34,72.56,180.34,3.0,41.0,3.29,52.0,2.51,36.0,41.0,1.38,1.0,"November 16, 2024"
Herbert Burns,Nate Landwehr,,,,,,,,,,,,,,,,,,,,,,,,,,,,,1.0,"January 25, 2020"
Alexander Hernandez,Damon Jackson,14,7,0,175.26,70.75,182.88,4.63,42.0,4.9,56.0,1.2,31.0,60.0,0.13,22,6,1,180.34,71.66,180.34,3.02,40.0,3.46,50.0,2.44,35.0,41.0,1.58,0.0,"April 06, 2024"
Billy Quarantillo,Damon Jackson,17,5,0,177.8,66.21,177.8,7.86,58.0,5.79,41.0,1.51,23.0,59.0,1.21,22,5,1,180.34,71.66,180.34,2.78,41.0,2.92,51.0,2.35,39.0,41.0,1.84,1.0,"August 05, 2023"
Charles Rosa,Damon Jackson,14,5,0,175.26,65.76,175.26,3.21,37.0,3.96,48.0,2.35,34.0,40.0,1.01,18,3,1,180.34,65.76,180.34,2.71,36.0,3.9,44.0,1.77,20.0,60.0,0.0,0.0,"October 09, 2021"
Dan Ige,Movsar Evloev,15,5,0,170.18,72.11,180.34,3.9,46.0,3.47,58.0,1.35,25.0,56.0,0.38,15,0,0,170.18,73.47,184.15,4.32,45.0,2.79,64.0,4.0,48.0,71.0,0.4,0.0,"June 04, 2022"
Arnold Allen,Movsar Evloev,19,2,0,172.72,73.92,177.8,3.34,41.0,2.86,62.0,1.12,50.0,76.0,0.31,17,0,0,170.18,71.2,184.15,4.57,49.0,2.74,62.0,4.71,51.0,71.0,0.29,0.0,"January 20, 2024"
Mirsad Bektic,Damon Jackson,13,3,0,172.72,65.76,177.8,2.59,41.0,1.89,58.0,3.32,48.0,92.0,0.5,9,1,1,180.34,65.76,180.34,2.71,36.0,3.9,44.0,1.77,20.0,60.0,0.0,0.0,"September 19, 2020"
Enrique Barzola,Movsar Evloev,17,4,1,170.18,65.76,177.8,3.77,41.0,2.93,69.0,5.0,47.0,80.0,0.25,11,0,0,170.18,65.76,184.15,3.33,64.0,1.73,55.0,5.0,31.0,100.0,0.0,0.0,"October 26, 2019"
Dan Ige,Gavin Tucker,14,3,0,170.18,65.76,180.34,4.14,50.0,3.67,59.0,1.75,28.0,62.0,0.19,12,1,0,171.45,65.76,167.64,2.6,32.0,5.07,53.0,0.5,20.0,43.0,0.5,1.0,"March 13, 2021"
Nik Lentz,Movsar Evloev,30,11,2,172.72,65.76,172.72,3.49,50.0,3.03,50.0,3.58,34.0,44.0,1.3,13,0,0,170.18,65.76,184.15,3.33,64.0,1.73,55.0,5.0,31.0,100.0,0.0,0.0,"January 23, 2021"
Diego Lopes,Gavin Tucker,21,6,0,180.34,73.02,184.15,2.26,52.0,5.24,35.0,0.0,,36.0,4.17,13,2,0,168.91,70.75,167.64,4.39,45.0,4.28,57.0,2.98,42.0,54.0,1.49,1.0,"August 05, 2023"
Charles Rosa,Kevin Aguilar,12,4,0,175.26,65.76,175.26,3.85,36.0,4.0,51.0,2.93,34.0,50.0,1.05,,,,170.18,65.76,182.88,,,,,,,,,1.0,"June 13, 2020"
Shane Burgos,Edson Barboza,13,2,0,180.34,65.76,191.77,7.06,48.0,6.14,62.0,0.43,100.0,94.0,0.22,21,9,0,180.34,70.29,190.5,4.01,43.0,4.18,60.0,0.46,47.0,80.0,0.07,0.0,"May 15, 2021"
Sodiq Yusuff,Edson Barboza,13,2,0,175.26,65.99,180.34,5.29,49.0,3.65,57.0,0.18,13.0,70.0,0.55,23,11,0,180.34,66.21,190.5,4.0,44.0,4.12,59.0,0.38,44.0,76.0,0.1,0.0,"October 14, 2023"
Dan Ige,Edson Barboza,12,2,0,170.18,65.76,180.34,3.86,50.0,3.27,63.0,1.93,29.0,62.0,0.24,20,7,0,,,190.5,,,,,0.46,,,,1.0,"May 16, 2020"
Luis Saldana,Jordan Griffin,0,0,0,,,,,,,,,,,,18,8,0,177.8,65.76,184.15,2.8,50.0,3.21,48.0,0.39,25.0,35.0,2.33,1.0,"April 10, 2021"
Song Yadong,Julio Arce,17,5,1,172.72,61.22,170.18,4.35,42.0,3.64,57.0,0.59,75.0,57.0,0.39,17,4,0,170.18,61.22,177.8,4.31,36.0,2.94,68.0,0.52,30.0,94.0,0.52,1.0,"November 13, 2021"
Lando Vannata,Daniel Zellhuber,12,6,2,175.26,66.21,180.34,4.64,45.0,4.71,54.0,1.21,42.0,69.0,0.33,12,1,0,185.42,70.29,195.58,5.57,42.0,5.57,55.0,0.5,50.0,89.0,0.0,0.0,"April 15, 2023"
Michael Johnson,Ottman Azaitar,23,19,0,177.8,77.1,186.69,4.27,40.0,3.83,58.0,0.62,41.0,81.0,0.04,13,2,0,172.72,76.6,180.34,5.73,52.0,4.96,48.0,0.0,,100.0,0.0,1.0,"December 14, 2024"
Michael Johnson,Daniel Zellhuber,24,19,0,177.8,70.75,186.69,4.23,40.0,3.8,58.0,0.61,40.0,81.0,0.04,15,2,0,185.42,80.73,195.58,6.26,41.0,6.02,56.0,0.18,25.0,94.0,0.18,1.0,"July 19, 2025"
Trey Ogden,Daniel Zellhuber,15,5,0,180.34,70.75,182.88,2.73,46.0,4.6,34.0,1.0,25.0,100.0,2.0,,,,,,,,,,,,,,,1.0,"September 17, 2022"
Matt Frevola,Ottman Azaitar,9,3,1,175.26,70.07,180.34,3.43,41.0,3.47,59.0,2.47,38.0,43.0,1.03,13,0,0,172.72,81.63,180.34,8.43,57.0,1.76,68.0,0.0,,100.0,0.0,1.0,"November 12, 2022"
Michael Johnson,Darrius Flowers,22,19,0,177.8,75.74,186.69,4.28,39.0,3.91,58.0,0.46,38.0,81.0,0.05,12,6,1,175.26,77.46,182.88,4.19,57.0,7.02,40.0,1.7,33.0,100.0,0.0,1.0,"February 10, 2024"
Kaue Fernandes,Marc Diakiese,8,1,0,175.26,75.65,185.42,3.0,100.0,42.0,33.0,0.0,,,0.0,16,7,0,177.8,78.0,185.42,2.69,40.0,2.73,53.0,3.32,45.0,69.0,0.0,0.0,"November 04, 2023"
Jake Matthews,Darrius Flowers,18,6,0,181.61,77.1,185.42,3.09,45.0,2.24,62.0,1.78,42.0,61.0,0.62,12,5,1,175.26,77.55,182.88,0.82,100.0,1.64,33.0,0.0,,100.0,0.0,1.0,"July 29, 2023"
Evan Elder,Darrius Flowers,8,2,0,177.8,79.37,182.88,4.75,49.0,5.0,58.0,0.74,22.0,29.0,0.37,12,7,1,175.26,77.46,182.88,2.94,54.0,5.16,43.0,0.63,20.0,60.0,0.0,1.0,"July 13, 2024"
Jalin Turner,Jamie Mullarkey,11,5,0,190.5,70.29,195.58,3.8,39.0,5.87,49.0,0.0,,71.0,0.76,14,4,0,182.88,70.52,187.96,3.03,41.0,4.45,46.0,3.5,32.0,67.0,0.39,1.0,"March 05, 2022"
Michael Johnson,Jamie Mullarkey,21,17,0,177.8,70.52,186.69,4.19,39.0,3.78,58.0,0.52,48.0,79.0,0.05,14,5,0,,,,,,,,,,,,0.0,"July 09, 2022"
Michael Johnson,Marc Diakiese,21,18,0,177.8,75.28,186.69,4.2,38.0,3.91,58.0,0.5,43.0,79.0,0.05,16,5,0,177.8,70.75,185.42,2.63,40.0,2.33,54.0,3.68,47.0,64.0,0.0,1.0,"December 03, 2022"
Devonte Smith,Jamie Mullarkey,11,2,0,175.26,73.92,193.04,16.96,68.0,27.39,55.0,0.0,,100.0,0.0,13,4,0,182.88,74.47,187.96,1.87,34.0,4.6,43.0,4.0,31.0,67.0,0.5,0.0,"October 02, 2021"
Mauricio Ruffy,Jamie Mullarkey,,,,,,,,,,,,,,,17,7,0,182.88,77.1,187.96,4.46,47.0,4.41,55.0,2.46,34.0,77.0,0.15,1.0,"May 04, 2024"
Nasrat Haqparast,Jamie Mullarkey,15,5,0,177.8,70.75,182.88,5.73,45.0,5.26,64.0,0.32,20.0,79.0,0.0,17,6,0,182.88,77.1,187.96,4.46,47.0,4.41,55.0,2.46,34.0,77.0,0.15,1.0,"December 09, 2023"
Michael Johnson,Alan Patrick,20,17,0,177.8,70.07,186.69,4.21,38.0,3.82,58.0,0.49,45.0,78.0,0.05,15,3,0,177.8,70.29,187.96,1.76,40.0,2.9,44.0,3.24,,47.0,0.28,1.0,"May 14, 2022"
Michael Johnson,Stevie Ray,20,14,0,177.8,70.29,186.69,4.15,37.0,3.82,59.0,0.56,45.0,79.0,0.06,22,9,0,177.8,70.29,177.8,3.46,45.0,2.61,55.0,0.71,56.0,56.0,0.71,0.0,"October 26, 2019"
Leon Edwards,Nate Diaz,18,3,0,182.88,77.1,187.96,2.56,48.0,2.03,55.0,1.35,31.0,70.0,0.4,21,12,0,185.42,70.29,193.04,4.62,45.0,3.78,53.0,1.19,31.0,42.0,1.42,1.0,"June 12, 2021"
Jorge Masvidal,Nate Diaz,34,13,0,180.34,77.1,187.96,4.11,48.0,4.18,67.0,1.16,52.0,78.0,0.51,21,11,0,185.42,77.1,193.04,4.64,44.0,3.69,55.0,1.17,30.0,46.0,1.43,1.0,"November 02, 2019"
Anthony Pettis,Nate Diaz,,,,,,,,,,,,,,,20,11,0,185.42,77.1,193.04,4.64,44.0,3.69,55.0,1.17,30.0,46.0,1.43,0.0,"August 17, 2019"
Kyler Phillips,Vinicius Oliveira,12,3,0,172.72,68.03,182.88,5.28,44.0,3.47,61.0,2.63,51.0,76.0,0.42,22,3,0,175.26,67.48,179.07,4.92,44.0,2.77,53.0,1.89,60.0,76.0,0.31,0.0,"July 19, 2025"
Kyler Phillips,Raoni Barcelos,10,2,0,172.72,61.68,182.88,5.5,49.0,3.43,61.0,3.32,50.0,69.0,0.71,17,4,0,171.45,71.66,170.18,5.69,53.0,5.06,61.0,1.63,41.0,94.0,0.41,1.0,"August 05, 2023"
Payton Talbott,Raoni Barcelos,9,0,0,177.8,67.53,179.07,8.38,56.0,3.57,51.0,0.0,0.0,90.0,0.47,18,5,0,171.45,67.17,170.18,5.22,52.0,4.79,61.0,1.86,33.0,85.0,0.55,0.0,"January 18, 2025"
Ricky Simon,Vinicius Oliveira,20,5,0,167.64,61.68,175.26,3.01,44.0,3.61,62.0,5.49,47.0,77.0,0.36,20,3,0,175.26,61.45,179.07,5.42,47.0,2.94,50.0,1.69,50.0,40.0,0.0,0.0,"June 29, 2024"
Said Nurmagomedov,Vinicius Oliveira,18,3,0,172.72,61.22,177.8,3.55,48.0,2.13,57.0,1.01,17.0,67.0,1.42,21,3,0,175.26,61.22,179.07,5.87,44.0,2.87,53.0,1.38,60.0,69.0,0.0,0.0,"February 01, 2025"
Cody Garbrandt,Raoni Barcelos,14,6,0,172.72,61.68,166.37,2.98,41.0,3.76,60.0,1.03,34.0,80.0,0.0,19,5,0,171.45,61.45,170.18,5.11,53.0,4.64,60.0,2.46,37.0,82.0,0.69,0.0,"June 14, 2025"
Umar Nurmagomedov,Raoni Barcelos,15,0,0,172.72,61.68,175.26,4.35,70.0,0.37,86.0,5.02,45.0,,1.12,17,3,0,171.45,68.93,170.18,5.82,53.0,4.94,62.0,1.71,43.0,94.0,0.43,1.0,"January 14, 2023"
Cristian Quinonez,Raoni Barcelos,18,4,0,172.72,66.21,177.8,5.23,42.0,5.13,59.0,0.73,100.0,86.0,0.0,17,5,0,171.45,67.17,170.18,5.38,52.0,5.03,61.0,1.8,38.0,90.0,0.36,0.0,"February 24, 2024"
Kyler Phillips,Marcelo Rojo,9,2,0,172.72,61.22,182.88,5.2,49.0,3.15,60.0,3.2,55.0,69.0,0.29,16,8,0,172.72,61.45,,5.1,36.0,7.3,52.0,1.03,50.0,100.0,0.0,1.0,"February 12, 2022"
Mark De La Rosa,Raulian Paiva,11,2,0,,,165.1,,,,,0.69,,,,18,2,0,,,,,,,,0.0,,,,0.0,"February 15, 2020"
Kyler Phillips,Raulian Paiva,9,1,0,172.72,61.22,182.88,5.32,47.0,3.04,62.0,2.88,64.0,71.0,0.41,20,3,0,172.72,56.69,176.53,4.46,43.0,4.89,51.0,0.26,20.0,80.0,0.26,0.0,"July 24, 2021"
Aoriqileng,Cameron Else,18,9,0,170.18,57.14,175.26,6.03,45.0,8.3,49.0,2.0,57.0,55.0,0.0,10,5,0,175.26,61.22,180.34,1.92,37.0,5.58,59.0,0.0,,,0.0,1.0,"April 23, 2022"
Jack Hermansson,Roman Dolidze,23,7,0,185.42,84.35,196.85,5.12,44.0,3.74,55.0,1.57,28.0,75.0,0.46,11,1,0,187.96,92.24,193.04,2.6,48.0,1.54,63.0,2.47,53.0,33.0,1.65,0.0,"December 03, 2022"
Rogerio Bontorin,Raulian Paiva,15,1,0,167.64,56.69,170.18,2.67,52.0,6.47,39.0,1.0,33.0,60.0,2.0,18,2,0,172.72,56.69,,,,,,,,,,1.0,"August 10, 2019"
Marvin Vettori,Roman Dolidze,18,6,1,182.88,93.42,187.96,4.2,45.0,3.58,59.0,1.89,44.0,74.0,0.56,12,1,0,187.96,94.78,193.04,2.62,48.0,2.06,58.0,2.12,53.0,33.0,2.12,1.0,"March 18, 2023"
Anthony Smith,Roman Dolidze,38,19,0,193.04,93.2,193.04,3.23,49.0,4.47,47.0,0.49,27.0,49.0,0.67,12,3,0,187.96,84.35,193.04,2.62,39.0,3.36,51.0,1.3,41.0,33.0,1.3,0.0,"June 29, 2024"
Trevin Giles,Roman Dolidze,13,2,0,182.88,83.9,187.96,3.61,56.0,1.75,64.0,1.47,100.0,73.0,0.25,8,0,0,187.96,92.97,193.04,,,,,,,,,1.0,"March 20, 2021"
Robert Whittaker,Jared Cannonier,22,5,0,,,,,,,,,,,,13,4,0,180.34,83.9,196.85,3.62,51.0,2.76,67.0,0.2,33.0,45.0,0.0,1.0,"October 24, 2020"
Phil Hawes,Roman Dolidze,11,2,0,182.88,83.9,196.85,3.44,58.0,3.29,53.0,2.7,39.0,100.0,0.39,10,1,0,187.96,84.13,193.04,2.46,49.0,1.45,64.0,2.68,53.0,38.0,1.49,0.0,"October 29, 2022"
Marvin Vettori,Roman Dolidze,19,7,1,182.88,84.13,187.96,4.56,46.0,4.24,57.0,1.66,45.0,69.0,0.47,14,3,0,187.96,84.13,193.04,3.16,43.0,3.38,50.0,1.33,42.0,33.0,1.09,0.0,"March 15, 2025"
Marvin Vettori,Andrew Sanchez,13,4,1,182.88,83.9,187.96,3.75,42.0,2.89,63.0,1.7,45.0,79.0,0.75,12,4,0,185.42,83.9,187.96,4.82,49.0,4.79,48.0,2.65,35.0,100.0,0.0,1.0,"October 12, 2019"
Marvin Vettori,Jared Cannonier,19,6,1,182.88,93.42,187.96,4.38,45.0,3.65,60.0,1.77,44.0,75.0,0.52,16,6,0,180.34,84.13,196.85,4.0,50.0,3.86,61.0,0.17,25.0,64.0,0.0,0.0,"June 17, 2023"
Israel Adesanya,Jared Cannonier,22,1,0,193.04,83.9,203.2,3.84,50.0,2.56,62.0,0.0,0.0,78.0,0.21,15,5,0,180.34,92.52,196.85,3.76,50.0,3.29,63.0,0.23,50.0,66.0,0.0,1.0,"July 02, 2022"
Jack Hermansson,Jared Cannonier,19,4,0,185.42,83.9,196.85,4.9,56.0,1.77,64.0,2.38,47.0,73.0,0.89,11,4,0,180.34,83.9,196.85,3.62,51.0,2.76,67.0,0.2,33.0,45.0,0.0,0.0,"September 28, 2019"
Ian Heinisch,Omari Akhmedov,13,1,0,180.34,83.9,182.88,3.67,58.0,2.07,52.0,1.0,14.0,50.0,2.0,18,4,1,182.88,83.9,185.42,3.07,34.0,2.89,58.0,2.51,49.0,59.0,0.26,0.0,"December 14, 2019"
Danny Barlow,Nikolay Veretennikov,8,0,0,187.96,77.55,200.66,8.8,52.0,3.65,57.0,0.0,,100.0,0.0,0,1,0,185.42,77.55,187.96,3.47,66.0,3.53,56.0,0.0,0.0,50.0,0.0,1.0,"August 10, 2024"
Adam Fugitt,Islam Dulatov,10,4,0,185.42,86.62,195.58,4.72,46.0,4.48,52.0,2.04,29.0,50.0,0.0,1,0,0,,82.45,,14.27,57.0,5.49,52.0,5.49,100.0,,0.0,0.0,"July 19, 2025"
Jimmy Crute,Rodolfo Bellato,10,0,0,,,187.96,,,,,1.01,,,,12,2,0,190.5,93.2,191.77,6.47,62.0,5.9,44.0,1.09,25.0,100.0,0.54,0.0,"February 08, 2025"
Francisco Prado,Nikolay Veretennikov,12,3,0,177.8,84.35,175.26,4.38,41.0,5.32,56.0,0.31,9.0,25.0,0.31,12,6,0,185.42,79.37,187.96,2.73,56.0,3.54,49.0,0.0,0.0,57.0,0.0,0.0,"July 19, 2025"
Jimmy Crute,Alonzo Menifield,10,0,0,,,187.96,,,,,1.01,,,,13,3,0,182.88,101.13,193.04,3.91,56.0,3.24,53.0,0.81,31.0,86.0,0.2,0.0,"February 11, 2023"
Paul Craig,Rodolfo Bellato,17,9,1,191.77,84.35,193.04,2.52,45.0,3.03,43.0,1.52,21.0,38.0,1.42,12,2,1,190.5,92.97,196.85,6.28,62.0,6.31,46.0,1.06,30.0,100.0,0.35,0.0,"June 14, 2025"
Azamat Murzakanov,Alonzo Menifield,13,0,0,177.8,92.97,181.61,4.57,57.0,3.12,57.0,0.75,17.0,83.0,0.0,15,4,1,182.88,92.97,193.04,3.92,58.0,3.57,49.0,0.67,33.0,76.0,0.27,1.0,"August 03, 2024"
Jimmy Crute,Alonzo Menifield,10,0,0,,,187.96,,,,,1.01,,,,13,3,1,182.88,93.42,193.04,3.88,58.0,3.04,53.0,0.67,31.0,75.0,0.17,0.0,"July 08, 2023"
Misha Cirkunov,Alonzo Menifield,15,8,0,190.5,84.13,195.58,3.87,52.0,3.0,58.0,4.25,44.0,77.0,1.75,12,3,0,182.88,92.97,193.04,3.88,56.0,3.23,53.0,0.82,31.0,83.0,0.21,0.0,"October 15, 2022"
Vitor Petrino,Modestas Bukauskas,9,0,0,187.96,101.9,196.85,3.35,51.0,2.84,43.0,4.42,73.0,68.0,1.21,15,5,0,190.5,98.05,193.04,3.46,41.0,4.13,49.0,0.0,0.0,75.0,0.0,1.0,"November 04, 2023"
Tyson Pedro,Modestas Bukauskas,9,3,0,190.5,97.96,200.66,2.95,64.0,2.35,51.0,0.64,25.0,53.0,1.28,11,5,0,190.5,92.97,198.12,3.59,38.0,4.54,53.0,0.0,0.0,100.0,0.0,0.0,"February 11, 2023"
Ovince Saint Preux,Alonzo Menifield,24,13,0,190.5,92.97,203.2,2.49,43.0,3.97,45.0,1.14,32.0,66.0,0.49,10,1,0,182.88,92.97,193.04,3.6,48.0,4.72,40.0,0.0,0.0,85.0,0.0,1.0,"September 05, 2020"
Zac Pauga,Modestas Bukauskas,7,1,0,187.96,93.2,193.04,4.42,67.0,1.99,65.0,0.0,0.0,100.0,0.0,14,5,0,190.5,93.42,198.12,3.37,38.0,4.02,51.0,0.0,0.0,71.0,0.0,0.0,"June 17, 2023"
Jimmy Crute,Modestas Bukauskas,10,0,0,,,187.96,,,,,1.01,,,,11,2,0,190.5,92.97,,,,,,,,,,1.0,"October 17, 2020"
Ryan Spann,Sam Alvey,16,5,0,195.58,92.97,207.01,3.45,46.0,2.69,52.0,0.88,50.0,67.0,1.75,33,12,0,187.96,92.97,191.77,3.05,45.0,3.2,56.0,0.09,17.0,83.0,0.09,1.0,"May 09, 2020"
Martin Buday,Lukasz Brzeski,10,1,0,193.04,119.95,195.58,4.77,72.0,2.17,51.0,0.0,0.0,,0.0,8,1,1,190.5,108.21,198.12,5.78,53.0,3.1,52.0,2.17,67.0,100.0,2.17,1.0,"August 13, 2022"
Waldo Cortes-Acosta,Lukasz Brzeski,10,1,0,193.04,119.73,177.8,7.09,51.0,4.03,53.0,0.0,0.0,60.0,0.0,8,4,1,190.5,112.02,198.12,5.11,48.0,3.35,56.0,0.68,50.0,43.0,0.68,1.0,"August 26, 2023"
Mick Parkin,Lukasz Brzeski,9,0,0,193.04,120.18,200.66,4.54,51.0,3.94,60.0,1.6,42.0,50.0,0.32,9,4,1,190.5,107.94,198.12,4.78,50.0,3.15,56.0,0.48,50.0,37.0,0.48,1.0,"July 27, 2024"
Kennedy Nzechukwu,Lukasz Brzeski,13,5,0,195.58,107.26,210.82,5.34,47.0,4.83,51.0,0.58,45.0,81.0,0.23,9,5,1,190.5,107.94,198.12,4.9,50.0,3.51,54.0,0.46,50.0,37.0,0.46,1.0,"December 07, 2024"
Ryan Spann,Ovince Saint Preux,21,10,0,195.58,103.4,200.66,3.25,41.0,3.89,44.0,1.34,35.0,48.0,1.54,27,17,0,190.5,100.68,203.2,3.03,48.0,3.32,48.0,1.1,37.0,67.0,0.5,1.0,"October 05, 2024"
Ryan Spann,Lukasz Brzeski,22,11,0,195.58,113.38,200.66,3.2,39.0,4.21,43.0,1.17,32.0,52.0,1.51,9,6,1,190.5,111.11,198.12,5.02,50.0,3.68,55.0,0.43,33.0,37.0,0.43,1.0,"July 19, 2025"
Mauricio Rua,Ovince Saint Preux,27,11,1,185.42,92.97,193.04,3.57,51.0,2.71,55.0,2.12,49.0,48.0,0.75,25,16,0,190.5,104.31,203.2,2.65,47.0,3.07,46.0,1.21,39.0,67.0,0.56,0.0,"May 07, 2022"
Michal Oleksiejczuk,Ovince Saint Preux,13,2,0,182.88,92.97,187.96,5.43,59.0,3.68,70.0,1.81,67.0,,0.0,23,12,0,190.5,92.97,203.2,2.6,43.0,3.95,45.0,0.88,29.0,66.0,0.44,0.0,"September 28, 2019"
Tanner Boser,Ovince Saint Preux,19,8,1,187.96,115.65,191.77,,,,,,,,,25,15,0,190.5,92.97,203.2,2.49,43.0,3.97,45.0,1.14,32.0,66.0,0.49,1.0,"June 26, 2021"
Ben Rothwell,Ovince Saint Preux,37,12,0,193.04,120.63,199.39,3.38,43.0,6.36,47.0,0.85,32.0,69.0,0.49,24,13,0,190.5,92.97,203.2,2.49,43.0,3.97,45.0,1.14,32.0,66.0,0.49,1.0,"May 13, 2020"
Ryan Spann,Bogdan Guskov,21,9,0,195.58,100.68,200.66,3.42,41.0,3.91,45.0,1.29,35.0,48.0,1.5,15,3,0,190.5,97.51,193.04,,,,,,,,,0.0,"April 27, 2024"
Nikita Krylov,Bogdan Guskov,30,10,0,190.5,93.42,196.85,4.33,55.0,2.49,45.0,2.24,38.0,53.0,1.42,17,3,0,190.5,93.2,193.04,3.87,51.0,3.4,50.0,0.0,,50.0,0.0,0.0,"July 26, 2025"
Volkan Oezdemir,Bogdan Guskov,18,7,0,187.96,93.42,190.5,4.53,47.0,3.97,56.0,0.47,29.0,80.0,0.0,14,2,0,190.45,97.51,,,,,,,,,,1.0,"September 02, 2023"
Ryan Spann,Devin Clark,15,5,0,195.58,92.97,207.01,3.45,46.0,2.69,52.0,0.88,50.0,67.0,1.75,9,3,0,182.88,92.97,190.5,3.28,55.0,2.85,42.0,2.92,38.0,78.0,0.19,1.0,"October 12, 2019"
Anthony Smith,Devin Clark,33,16,0,193.04,83.9,193.04,3.26,48.0,5.0,43.0,0.49,28.0,51.0,0.49,12,4,0,182.88,83.9,190.5,3.4,57.0,2.47,49.0,2.76,37.0,83.0,0.13,1.0,"November 28, 2020"
Kennedy Nzechukwu,Devin Clark,11,3,0,195.58,99.68,210.82,4.63,45.0,4.19,52.0,0.74,56.0,80.0,0.15,14,7,0,182.88,98.96,190.5,2.91,55.0,2.71,45.0,2.36,34.0,59.0,0.09,1.0,"May 06, 2023"
Alonzo Menifield,Devin Clark,10,0,0,182.88,92.97,193.04,8.39,55.0,4.83,50.0,0.0,,78.0,0.0,11,4,0,182.88,83.9,190.5,3.12,56.0,2.45,48.0,3.03,43.0,80.0,0.15,0.0,"June 06, 2020"
Brunno Ferreira,Jackson McVey,13,2,0,177.8,91.61,182.88,3.54,50.0,3.54,50.0,1.14,23.0,54.0,0.76,6,0,0,193.04,87.53,195.58,,,,,,,,,1.0,"July 19, 2025"
Zac Pauga,Bogdan Guskov,7,2,0,187.96,99.32,193.04,4.44,63.0,2.72,58.0,0.42,9.0,100.0,0.0,14,3,0,190.5,98.96,193.04,,,,,,,,,0.0,"February 10, 2024"
Ion Cutelaba,Devin Clark,15,6,1,185.42,95.78,190.5,5.24,39.0,3.21,49.0,1.64,67.0,80.0,0.0,12,5,0,182.88,100.68,190.5,3.4,57.0,2.47,49.0,2.76,37.0,83.0,0.13,1.0,"September 18, 2021"
Dustin Stoltzfus,Nursulton Ruziboev,16,6,0,182.88,84.13,190.5,3.47,45.0,3.29,47.0,2.31,41.0,46.0,1.15,35,9,2,195.58,83.45,193.04,2.75,45.0,3.78,50.0,0.6,100.0,,0.0,0.0,"May 17, 2025"
Ernesta Kareckaite,Nicolle Caliari,5,1,1,175.26,56.92,180.34,7.9,42.0,6.9,43.0,1.0,67.0,87.0,0.0,1,0,0,,56.46,,1.89,53.0,3.16,32.0,6.32,67.0,,6.32,1.0,"January 11, 2025"
Wang Cong,Gabriella Fernandes,6,0,0,170.18,56.69,177.8,7.07,59.0,0.73,77.0,3.66,100.0,,7.32,9,3,0,167.64,57.14,167.64,3.73,50.0,5.56,47.0,0.67,22.0,59.0,0.0,0.0,"November 23, 2024"
Carli Judice,Gabriella Fernandes,3,1,0,170.18,56.92,172.72,11.2,57.0,12.27,55.0,0.0,0.0,50.0,0.0,8,3,0,167.64,57.14,167.64,1.63,48.0,2.7,47.0,0.0,0.0,61.0,0.0,0.0,"June 15, 2024"
Robert Whittaker,Ikram Aliskerov,26,7,0,182.88,84.13,186.69,4.57,43.0,3.45,60.0,0.81,38.0,83.0,0.0,15,1,0,182.88,90.02,193.04,8.24,65.0,7.15,37.0,2.33,33.0,,2.33,1.0,"June 22, 2024"
Phil Hawes,Ikram Aliskerov,11,2,0,182.88,83.9,196.85,3.44,58.0,3.29,53.0,2.7,39.0,100.0,0.39,1,0,0,,84.35,,3.26,58.0,7.91,41.0,6.98,33.0,,6.98,0.0,"May 06, 2023"
Tereza Bleda,Gabriella Fernandes,6,1,0,175.26,56.92,180.34,2.57,50.0,2.04,44.0,1.13,25.0,83.0,1.13,8,2,0,167.64,57.14,167.64,1.73,46.0,1.6,56.0,0.0,0.0,50.0,0.0,1.0,"June 17, 2023"
Carli Judice,Nicolle Caliari,4,2,0,170.18,61.27,172.72,11.18,54.0,10.01,53.0,0.95,25.0,70.0,0.0,8,3,0,160.02,61.68,157.48,3.85,42.0,5.57,56.0,3.8,29.0,,1.52,1.0,"July 19, 2025"
Israel Adesanya,Paulo Costa,19,0,0,193.04,83.9,203.2,3.96,49.0,2.4,66.0,0.0,0.0,87.0,0.35,13,0,0,,,,,,,,,,,,1.0,"September 26, 2020"
Robert Whittaker,Paulo Costa,25,7,0,182.88,90.39,186.69,4.47,42.0,3.39,60.0,0.85,39.0,83.0,0.0,14,2,0,185.42,91.97,182.88,6.5,60.0,6.38,47.0,0.53,75.0,79.0,0.0,1.0,"February 17, 2024"
Sean Strickland,Paulo Costa,28,6,0,185.42,83.81,193.04,5.91,42.0,4.33,63.0,0.85,64.0,77.0,0.19,14,3,0,,,,,,,,,,,,1.0,"June 01, 2024"
Kelvin Gastelum,Darren Till,16,3,0,175.26,83.9,181.61,3.86,44.0,2.87,61.0,0.82,50.0,63.0,0.18,17,2,1,182.88,77.1,189.23,2.41,46.0,3.09,60.0,0.61,40.0,83.0,0.0,0.0,"November 02, 2019"
Yoel Romero,Paulo Costa,13,3,0,182.88,83.9,186.69,3.32,51.0,2.95,63.0,1.98,36.0,78.0,0.0,12,0,0,185.42,83.9,182.88,8.83,59.0,5.79,51.0,0.0,0.0,82.0,0.0,0.0,"August 17, 2019"
Robert Whittaker,Darren Till,21,5,0,182.88,83.9,186.69,4.82,41.0,3.65,61.0,0.37,57.0,84.0,0.0,18,2,1,182.88,77.1,189.23,2.41,47.0,3.03,59.0,0.66,42.0,82.0,0.0,1.0,"July 25, 2020"
Gilbert Burns,Stephen Thompson,19,4,0,177.8,70.29,180.34,3.15,46.0,2.74,57.0,2.21,37.0,50.0,0.71,16,4,1,182.88,77.1,190.5,3.93,44.0,2.73,60.0,0.36,45.0,78.0,0.0,1.0,"July 10, 2021"
Shavkat Rakhmonov,Stephen Thompson,17,0,0,185.42,77.55,195.58,4.45,59.0,2.61,54.0,1.49,33.0,100.0,1.49,17,6,1,182.88,77.55,190.5,4.2,46.0,3.04,55.0,0.27,42.0,64.0,0.0,1.0,"December 16, 2023"
Derek Brunson,Darren Till,22,7,0,185.42,83.9,195.58,3.21,45.0,3.24,53.0,2.6,27.0,100.0,0.46,18,3,1,182.88,83.9,189.23,2.27,46.0,2.99,59.0,0.54,42.0,83.0,0.0,1.0,"September 04, 2021"
Jonathan Martinez,Marcus McGhee,19,5,0,172.72,61.68,177.8,4.54,50.0,3.87,57.0,0.41,36.0,68.0,0.08,9,1,0,,,,,,,,,,,,0.0,"November 16, 2024"
JP Buys,Marcus McGhee,9,5,0,165.1,57.14,170.18,1.89,45.0,3.02,40.0,1.65,27.0,25.0,2.47,7,1,0,172.72,63.49,175.26,3.55,47.0,1.84,72.0,0.0,,100.0,2.13,0.0,"August 12, 2023"
Petr Yan,Deiveson Figueiredo,17,5,0,171.45,61.45,170.18,5.14,54.0,4.36,59.0,1.73,51.0,85.0,0.14,24,3,1,165.1,61.22,172.72,3.01,55.0,3.39,51.0,1.68,36.0,59.0,1.6,1.0,"November 23, 2024"
Petr Yan,Marcus McGhee,18,5,0,171.45,61.45,170.18,5.11,54.0,4.13,59.0,1.61,49.0,85.0,0.12,10,1,0,172.72,61.5,175.26,6.06,48.0,2.83,65.0,0.46,33.0,100.0,0.46,1.0,"July 26, 2025"
Alexandre Pantoja,Deiveson Figueiredo,20,3,0,165.1,56.69,171.45,4.31,47.0,3.38,60.0,0.75,50.0,61.0,1.76,15,1,0,165.1,56.69,172.72,1.91,49.0,1.65,53.0,1.82,47.0,47.0,2.86,0.0,"July 27, 2019"
Brandon Moreno,Deiveson Figueiredo,19,5,2,170.18,56.69,177.8,3.44,40.0,3.29,59.0,2.05,48.0,66.0,0.78,20,2,1,165.1,56.69,172.72,3.24,57.0,3.4,50.0,1.54,52.0,59.0,2.13,0.0,"January 22, 2022"
Rob Font,Deiveson Figueiredo,20,7,0,172.72,66.67,181.61,5.71,46.0,3.7,57.0,0.96,37.0,47.0,0.37,21,3,1,165.1,65.31,172.72,3.09,55.0,3.5,51.0,1.44,42.0,57.0,1.8,0.0,"December 02, 2023"
Cory Sandhagen,Deiveson Figueiredo,17,5,0,180.34,66.67,177.8,5.02,44.0,3.46,57.0,1.19,32.0,63.0,0.3,24,4,1,165.1,67.8,172.72,2.91,54.0,3.55,50.0,1.62,35.0,60.0,1.43,1.0,"May 03, 2025"
Joseph Benavidez,Deiveson Figueiredo,27,5,0,,,165.1,,,,,1.45,,,,16,1,0,,,172.72,,,,,1.86,,,,0.0,"February 29, 2020"
Petr Yan,Song Yadong,16,5,0,171.45,61.68,170.18,5.03,53.0,4.26,59.0,1.71,52.0,85.0,0.15,19,6,1,172.72,61.45,170.18,4.92,42.0,3.78,60.0,0.45,43.0,61.0,0.3,1.0,"March 09, 2024"
Marlon Vera,Deiveson Figueiredo,23,9,1,172.72,67.94,179.07,4.31,49.0,5.48,50.0,0.53,39.0,70.0,0.87,23,3,1,165.1,61.45,172.72,3.01,56.0,3.38,51.0,1.65,42.0,59.0,1.73,0.0,"August 03, 2024"
Cory Sandhagen,Song Yadong,14,4,0,180.34,61.22,177.8,6.42,45.0,4.5,56.0,0.71,33.0,68.0,0.42,19,6,1,172.72,61.45,170.18,4.92,42.0,3.78,60.0,0.45,43.0,61.0,0.3,1.0,"September 17, 2022"
Henry Cejudo,Song Yadong,16,4,0,162.56,61.22,162.56,3.77,47.0,3.29,60.0,1.99,32.0,76.0,0.16,19,6,1,172.72,61.45,170.18,4.92,42.0,3.78,60.0,0.45,43.0,61.0,0.3,0.0,"February 22, 2025"
Marlon Moraes,Song Yadong,23,9,1,167.64,61.22,170.18,3.34,41.0,4.47,54.0,0.89,42.0,46.0,0.36,17,5,1,172.72,61.22,170.18,4.88,42.0,3.77,60.0,0.46,43.0,61.0,0.31,0.0,"March 12, 2022"
Cody Stamann,Song Yadong,18,2,0,167.64,61.22,163.83,4.59,48.0,3.29,63.0,3.28,52.0,86.0,0.0,14,4,0,172.72,61.22,170.18,4.31,42.0,2.91,68.0,1.54,100.0,100.0,1.03,0.0,"December 07, 2019"
Jose Aldo,Merab Dvalishvili,31,7,0,170.18,68.48,177.8,3.61,46.0,3.74,61.0,0.51,54.0,91.0,0.16,14,4,0,167.64,61.45,172.72,4.26,41.0,2.28,60.0,7.3,45.0,79.0,0.35,0.0,"August 20, 2022"
Casey Kenney,Merab Dvalishvili,12,1,1,,,172.72,,,,,2.0,,,,8,4,0,167.64,61.22,172.72,3.78,34.0,2.22,59.0,7.33,42.0,80.0,0.0,0.0,"February 15, 2020"
Marlon Moraes,Merab Dvalishvili,23,7,1,167.64,61.22,170.18,3.23,35.0,2.6,66.0,0.43,25.0,60.0,0.86,13,4,0,167.64,61.22,172.72,3.84,37.0,2.36,58.0,7.8,45.0,80.0,0.0,0.0,"September 25, 2021"
Brad Katona,Merab Dvalishvili,9,0,0,167.64,61.22,165.1,4.9,55.0,2.77,60.0,1.0,20.0,43.0,0.0,8,4,0,167.64,61.22,172.72,3.78,34.0,2.22,59.0,7.33,42.0,80.0,0.0,0.0,"May 04, 2019"
Petr Yan,Merab Dvalishvili,16,4,0,171.45,66.21,170.18,5.31,54.0,4.03,60.0,1.86,56.0,90.0,0.17,15,4,0,167.64,66.67,172.72,4.21,41.0,2.31,59.0,6.54,41.0,79.0,0.31,0.0,"March 11, 2023"
John Dodson,Merab Dvalishvili,22,11,0,160.02,56.69,167.64,3.3,41.0,3.59,62.0,0.76,29.0,80.0,0.0,11,4,0,167.64,61.22,172.72,3.84,37.0,2.36,58.0,7.8,45.0,80.0,0.0,0.0,"August 15, 2020"
Marlon Vera,Cory Sandhagen,20,7,1,172.72,67.57,179.07,4.28,51.0,5.01,51.0,0.68,42.0,69.0,1.05,15,4,0,180.34,66.67,177.8,6.15,44.0,4.21,56.0,0.71,21.0,64.0,0.36,0.0,"March 25, 2023"
Petr Yan,Cory Sandhagen,15,2,0,171.45,61.22,170.18,5.99,52.0,3.55,63.0,2.14,67.0,90.0,0.13,14,3,0,180.34,61.22,177.8,6.32,48.0,4.05,59.0,0.74,44.0,66.0,0.55,1.0,"October 30, 2021"
Raphael Assuncao,Cory Sandhagen,27,6,0,165.1,61.22,168.91,3.34,40.0,2.24,70.0,1.38,36.0,80.0,0.31,10,1,0,180.34,61.22,177.8,8.89,52.0,2.73,65.0,1.64,67.0,,1.64,0.0,"August 17, 2019"
Aljamain Sterling,Cory Sandhagen,17,3,0,170.18,61.68,180.34,4.18,51.0,1.45,69.0,2.1,33.0,52.0,0.9,12,1,0,180.34,61.22,177.8,8.89,52.0,2.73,65.0,1.64,67.0,,1.64,1.0,"June 06, 2020"
John Lineker,Cory Sandhagen,31,8,0,160.02,61.22,170.18,5.22,40.0,3.95,56.0,0.52,60.0,69.0,0.61,10,1,0,180.34,61.22,177.8,8.89,52.0,2.73,65.0,1.64,67.0,,1.64,0.0,"April 27, 2019"
Petr Yan,Urijah Faber,13,1,0,171.45,61.22,170.18,6.46,52.0,2.92,69.0,1.73,50.0,83.0,0.35,35,10,0,167.64,61.22,170.18,2.68,41.0,2.52,65.0,1.59,31.0,60.0,0.88,1.0,"December 14, 2019"
Shara Magomedov,Marc-Andre Barriault,15,1,0,187.96,83.9,185.42,5.87,62.0,4.13,43.0,0.0,,73.0,0.0,17,9,0,185.42,83.9,187.96,6.02,48.0,5.57,52.0,0.21,25.0,68.0,0.1,1.0,"July 26, 2025"
Marlon Moraes,Cory Sandhagen,23,6,1,167.64,61.22,170.18,3.23,35.0,2.6,66.0,0.43,25.0,60.0,0.86,12,2,0,180.34,61.22,177.8,6.95,49.0,4.08,58.0,1.2,50.0,33.0,0.6,0.0,"October 10, 2020"
Chidi Njokuani,Marc-Andre Barriault,1,0,0,190.5,84.13,203.2,3.54,71.0,1.47,60.0,0.0,0.0,79.0,0.0,13,4,0,185.42,91.34,187.96,5.8,46.0,4.94,57.0,0.35,25.0,71.0,0.0,1.0,"February 05, 2022"
Joe Pyfer,Marc-Andre Barriault,12,3,0,187.96,90.7,190.5,3.66,41.0,3.58,51.0,1.49,42.0,50.0,0.9,16,7,0,185.42,83.67,187.96,6.19,48.0,5.67,52.0,0.22,25.0,67.0,0.11,1.0,"June 29, 2024"
Chris Curtis,Marc-Andre Barriault,30,10,0,177.8,90.25,191.77,5.36,50.0,6.3,54.0,0.0,,92.0,0.0,16,6,0,185.42,91.61,187.96,5.95,47.0,5.22,54.0,0.24,25.0,67.0,0.12,1.0,"January 20, 2024"
Julian Marquez,Marc-Andre Barriault,9,3,0,187.96,93.42,182.88,4.18,44.0,3.84,51.0,0.0,0.0,53.0,3.01,14,6,0,185.42,83.9,187.96,5.35,47.0,4.83,54.0,0.3,25.0,62.0,0.15,0.0,"March 04, 2023"
Jordan Wright,Marc-Andre Barriault,12,1,0,187.96,83.9,195.58,8.09,64.0,8.29,39.0,0.0,0.0,100.0,0.0,13,5,0,185.42,83.67,187.96,5.81,46.0,5.06,56.0,0.35,25.0,71.0,0.0,0.0,"April 23, 2022"
Dalcha Lungiambula,Marc-Andre Barriault,11,2,0,172.72,83.9,193.04,,,,,,,,,12,4,0,185.42,83.9,187.96,4.25,46.0,4.12,58.0,0.55,29.0,69.0,0.0,0.0,"September 04, 2021"
Anthony Hernandez,Marc-Andre Barriault,9,2,0,182.88,84.35,190.5,4.26,59.0,3.93,46.0,5.39,70.0,67.0,2.31,14,5,0,185.42,85.49,187.96,5.79,47.0,5.04,56.0,0.34,25.0,68.0,0.17,1.0,"September 17, 2022"
Shara Magomedov,Antonio Trocoli,12,0,0,,,,,,,,,,,,12,3,0,195.58,91.7,208.28,1.27,71.0,4.56,25.0,3.8,100.0,100.0,3.8,1.0,"June 22, 2024"
Cody Durden,Jose Ochoa,17,7,1,,,170.18,,,,,4.06,,,,7,1,0,170.18,56.69,,3.33,32.0,3.4,60.0,0.0,0.0,100.0,1.0,0.0,"June 14, 2025"
Tresean Gore,Antonio Trocoli,5,2,0,182.88,84.13,190.5,3.04,54.0,6.13,47.0,3.04,71.0,82.0,1.22,12,4,0,195.58,90.48,203.2,1.28,51.0,6.1,24.0,0.91,13.0,100.0,0.91,1.0,"November 09, 2024"
Nikita Krylov,Magomed Ankalaev,27,7,0,190.5,92.97,196.85,4.86,58.0,2.45,44.0,1.06,38.0,53.0,1.9,13,1,0,190.5,92.97,190.5,3.46,57.0,1.24,68.0,0.68,33.0,86.0,0.0,0.0,"February 27, 2021"
Nikita Krylov,Alexander Gustafsson,27,9,0,190.5,97.82,196.85,4.35,57.0,2.44,44.0,1.43,36.0,55.0,1.29,18,7,0,195.58,108.84,200.66,4.02,41.0,3.42,52.0,1.54,40.0,84.0,0.4,1.0,"July 23, 2022"
Jan Blachowicz,Magomed Ankalaev,29,9,0,187.96,93.2,198.12,3.55,50.0,2.77,54.0,1.08,53.0,67.0,0.27,18,1,0,190.5,98.87,190.5,3.64,55.0,2.14,60.0,0.94,33.0,86.0,0.0,0.0,"December 10, 2022"
Fabricio Werdum,Alexander Gustafsson,23,8,1,193.04,104.76,195.58,4.64,56.0,4.57,56.0,1.18,28.0,32.0,0.39,18,6,0,195.58,92.97,200.66,4.02,40.0,3.44,52.0,1.56,40.0,85.0,0.41,1.0,"July 25, 2020"
Thiago Santos,Magomed Ankalaev,22,9,0,187.96,93.42,193.04,3.95,48.0,2.28,56.0,0.61,36.0,66.0,0.08,16,1,0,190.5,93.2,190.5,3.6,55.0,2.05,62.0,1.15,32.0,86.0,0.0,0.0,"March 12, 2022"
Alex Pereira,Magomed Ankalaev,12,2,0,,,200.66,,,,,0.14,,,,20,1,1,,,190.5,,,,,0.92,,,,0.0,"March 08, 2025"
Ion Cutelaba,Magomed Ankalaev,14,4,0,185.42,92.97,190.5,5.24,39.0,3.21,49.0,1.64,67.0,80.0,0.0,11,1,0,190.5,92.97,190.5,3.05,53.0,1.33,67.0,0.45,33.0,83.0,0.0,0.0,"February 29, 2020"
Alonzo Menifield,Ed Herman,10,2,0,182.88,92.97,193.04,3.34,48.0,3.72,46.0,0.0,0.0,85.0,0.0,27,14,0,187.96,84.35,195.58,3.18,50.0,3.1,45.0,2.45,52.0,61.0,1.22,1.0,"August 07, 2021"
Zak Cummings,Ed Herman,24,7,0,182.88,98.96,190.5,2.58,33.0,2.83,55.0,0.68,28.0,66.0,0.68,27,15,0,187.96,93.2,195.58,3.28,49.0,3.52,42.0,2.08,49.0,59.0,1.1,1.0,"April 15, 2023"
Khadis Ibragimov,Ed Herman,8,0,0,190.5,92.97,199.39,,,,,,,,,24,14,0,187.96,83.9,195.58,3.18,50.0,3.1,45.0,2.45,52.0,61.0,1.22,0.0,"November 09, 2019"
Bryce Mitchell,Said Nurmagomedov,17,4,0,177.8,66.21,177.8,2.44,59.0,1.64,60.0,3.27,36.0,33.0,1.33,18,4,0,172.72,61.45,177.8,3.38,48.0,2.25,56.0,1.01,15.0,62.0,1.18,1.0,"July 26, 2025"
Douglas Silva de Andrade,Said Nurmagomedov,28,4,0,170.18,61.68,173.99,3.83,40.0,4.19,58.0,0.64,45.0,68.0,0.26,15,2,0,172.72,61.68,177.8,4.75,47.0,2.35,61.0,0.44,7.0,78.0,0.44,0.0,"July 09, 2022"
Chad Anheliger,Jose Johnson,12,6,0,167.64,63.95,163.83,3.51,44.0,3.31,55.0,0.0,0.0,48.0,1.03,15,8,0,182.88,65.31,184.15,2.16,63.0,1.72,51.0,0.44,50.0,33.0,0.44,0.0,"November 18, 2023"
Raoni Barcelos,Said Nurmagomedov,13,1,0,170.18,61.22,170.18,5.66,56.0,6.19,54.0,3.63,83.0,75.0,0.73,13,1,0,172.72,61.22,177.8,4.69,60.0,1.95,64.0,0.86,9.0,100.0,0.0,1.0,"December 21, 2019"
Charles Jourdain,Jean Silva,15,7,1,175.26,71.66,175.26,5.56,49.0,4.31,58.0,0.09,10.0,49.0,0.55,0,0,0,,,,,,,,,,,,0.0,"June 29, 2024"
Bryce Mitchell,Jean Silva,17,3,0,177.8,71.2,177.8,2.31,60.0,1.53,60.0,3.39,43.0,33.0,1.43,0,0,0,,,,,,,,,,,,0.0,"April 12, 2025"
Bryce Mitchell,Kron Gracie,16,3,0,177.8,66.21,177.8,2.3,59.0,1.63,59.0,3.45,41.0,33.0,1.58,5,2,0,175.26,65.76,177.8,3.74,45.0,6.82,53.0,0.47,25.0,,0.47,1.0,"December 07, 2024"
Drew Dober,Jean Silva,27,13,0,172.72,70.75,177.8,4.34,40.0,4.23,52.0,0.71,19.0,56.0,0.08,0,0,0,,,,,,,,,,,,0.0,"July 13, 2024"
Cub Swanson,Kron Gracie,25,10,0,172.72,65.76,177.8,4.16,50.0,3.28,62.0,1.17,52.0,60.0,0.51,4,0,0,175.26,65.76,,0.95,20.0,1.9,71.0,7.14,50.0,,7.14,1.0,"October 12, 2019"
Cody Stamann,Said Nurmagomedov,19,4,1,168.91,61.22,163.83,4.03,47.0,3.36,63.0,2.8,44.0,75.0,0.0,14,2,0,172.72,61.22,177.8,4.65,47.0,2.37,61.0,0.45,8.0,71.0,0.0,0.0,"January 22, 2022"
Bryce Mitchell,Ilia Topuria,15,1,0,177.8,65.99,177.8,2.28,64.0,1.39,60.0,3.4,53.0,33.0,1.89,12,0,0,170.18,72.56,175.26,2.87,49.0,2.28,65.0,3.15,46.0,100.0,2.63,0.0,"December 10, 2022"
Josh Emmett,Ilia Topuria,18,3,0,168.91,65.76,177.8,4.17,38.0,4.43,62.0,1.07,38.0,58.0,0.1,13,0,0,170.18,66.21,175.26,3.32,50.0,2.75,62.0,2.45,46.0,93.0,2.45,0.0,"June 24, 2023"
Alexander Volkanovski,Ilia Topuria,26,3,0,167.64,72.7,181.61,6.19,57.0,3.42,58.0,1.84,38.0,70.0,0.18,14,0,0,170.18,72.29,175.26,4.44,46.0,3.05,67.0,2.19,56.0,93.0,1.46,0.0,"February 17, 2024"
Ryan Hall,Ilia Topuria,8,1,0,177.8,65.76,179.07,2.32,43.0,0.96,75.0,0.31,17.0,,0.94,10,0,0,170.18,65.76,175.26,,,,,,,,,0.0,"July 10, 2021"
Jai Herbert,Ilia Topuria,11,3,0,185.42,70.29,195.58,2.18,37.0,2.81,44.0,0.0,,30.0,0.0,11,0,0,170.18,76.19,175.26,2.77,48.0,1.92,65.0,3.35,56.0,100.0,3.35,0.0,"March 19, 2022"
Westin Wilson,Jean Silva,16,8,0,185.42,66.21,185.42,1.38,50.0,7.59,27.0,0.0,,,10.34,0,0,0,,,,,,,,,,,,0.0,"January 13, 2024"
Nathaniel Wood,Charles Rosa,17,5,0,167.64,69.84,175.26,6.28,46.0,4.36,54.0,1.29,46.0,75.0,0.86,14,7,0,175.26,65.99,175.26,3.05,37.0,3.62,48.0,1.64,38.0,39.0,1.0,1.0,"July 23, 2022"
TJ Brown,Charles Rosa,15,8,0,175.26,65.76,182.88,3.87,41.0,2.75,52.0,4.07,58.0,36.0,0.58,14,6,0,175.26,65.99,175.26,3.05,36.0,3.59,49.0,1.81,38.0,41.0,1.0,1.0,"January 15, 2022"
Bryce Mitchell,Matt Sayles,11,1,0,177.8,65.76,177.8,1.83,49.0,2.0,60.0,1.5,23.0,33.0,1.5,6,2,0,170.18,65.76,172.72,5.13,33.0,5.07,59.0,0.0,0.0,100.0,0.0,1.0,"December 07, 2019"
Kyle Nelson,Matt Sayles,12,2,0,182.88,70.29,187.96,3.13,40.0,8.46,47.0,0.0,,50.0,0.0,6,2,0,170.18,65.76,172.72,5.13,33.0,5.07,59.0,0.0,0.0,100.0,0.0,0.0,"May 04, 2019"
Jordan Leavitt,Matt Sayles,8,1,0,175.26,70.29,180.34,,,,,,,,,8,3,0,170.18,65.76,173.99,5.44,42.0,3.13,62.0,0.0,0.0,81.0,0.43,1.0,"December 18, 2021"
Enrique Barzola,Bobby Moffett,16,3,1,170.18,65.76,177.8,3.52,44.0,2.26,70.0,6.17,53.0,75.0,0.33,13,4,0,177.8,65.76,187.96,1.28,30.0,2.42,53.0,3.96,67.0,80.0,1.98,1.0,"August 10, 2019"
Bryce Mitchell,Charles Rosa,11,1,0,177.8,65.76,177.8,1.83,49.0,2.0,60.0,1.5,23.0,33.0,1.5,11,3,0,175.26,65.76,175.26,3.85,36.0,4.0,51.0,2.93,34.0,50.0,1.05,1.0,"May 09, 2020"
Rinat Fakhretdinov,Carlos Leal,22,1,1,182.88,84.04,187.96,4.17,55.0,2.71,52.0,4.43,46.0,100.0,0.25,21,5,0,180.34,77.1,,,,,,,,,,1.0,"October 26, 2024"
Davey Grant,Ramon Taveras,15,7,0,172.72,67.12,175.26,4.77,43.0,3.82,56.0,1.26,41.0,61.0,0.21,10,2,0,172.72,67.85,177.8,4.63,45.0,5.41,65.0,0.0,,100.0,0.0,1.0,"December 14, 2024"
Davey Grant,Daniel Marcos,14,6,0,172.72,61.45,175.26,4.83,44.0,4.02,56.0,1.6,43.0,65.0,0.13,14,0,0,170.18,68.71,175.26,6.01,54.0,3.05,72.0,0.0,0.0,89.0,0.0,0.0,"July 22, 2023"
Serhiy Sidey,Ramon Taveras,10,1,0,180.34,66.44,182.88,4.52,35.0,4.52,42.0,0.0,,,0.0,9,2,0,172.72,68.93,177.8,7.2,58.0,6.17,66.0,0.0,,,0.0,0.0,"January 20, 2024"
John Castaneda,Daniel Marcos,21,6,0,167.64,68.93,180.34,4.79,51.0,4.99,56.0,1.92,38.0,71.0,0.17,15,0,0,170.18,68.71,175.26,5.75,51.0,4.0,67.0,0.33,50.0,89.0,0.0,0.0,"June 08, 2024"
Adrian Yanez,Daniel Marcos,17,5,0,170.18,61.45,177.8,6.51,41.0,5.75,57.0,0.0,,100.0,0.0,16,0,0,170.18,68.71,175.26,5.94,53.0,4.0,64.0,0.25,50.0,88.0,0.0,0.0,"December 14, 2024"
Montel Jackson,Daniel Marcos,15,2,0,177.8,67.57,191.77,3.39,54.0,1.42,64.0,3.41,71.0,69.0,0.27,17,0,0,170.18,61.68,175.26,5.9,54.0,4.25,62.0,0.59,50.0,88.0,0.0,1.0,"May 03, 2025"
Davey Grant,Adrian Yanez,13,5,0,172.72,61.22,175.26,3.93,48.0,2.47,63.0,2.3,46.0,67.0,0.21,14,3,0,170.18,61.22,177.8,6.13,39.0,4.8,55.0,0.0,,100.0,0.0,0.0,"November 20, 2021"
Jose Aldo,Marlon Vera,28,7,0,170.18,65.76,177.8,3.47,44.0,3.18,65.0,0.64,65.0,92.0,0.15,,,,172.72,61.22,179.07,,,,,,,,,1.0,"December 19, 2020"
Jonathan Martinez,Adrian Yanez,18,4,0,172.72,61.45,177.8,4.63,50.0,3.81,58.0,0.46,42.0,69.0,0.09,16,4,0,170.18,61.45,177.8,6.75,41.0,5.89,59.0,0.0,,100.0,0.0,1.0,"October 14, 2023"
Rob Font,Marlon Vera,19,5,0,172.72,60.77,181.61,5.64,45.0,3.55,60.0,1.1,37.0,55.0,0.5,18,7,1,172.72,61.22,179.07,4.08,51.0,4.27,51.0,0.82,42.0,69.0,1.27,0.0,"April 30, 2022"
Charles Rosa,Manny Bermudez,11,3,0,175.26,65.76,175.26,3.85,36.0,4.0,51.0,2.93,34.0,50.0,1.05,14,0,0,177.8,61.22,181.61,1.88,51.0,2.57,58.0,2.57,33.0,,7.7,1.0,"October 18, 2019"
Frankie Edgar,Marlon Vera,23,9,1,167.64,61.5,172.72,3.7,40.0,2.71,67.0,2.28,31.0,66.0,0.33,17,7,1,172.72,61.22,179.07,3.91,51.0,4.08,52.0,0.88,42.0,70.0,1.28,0.0,"November 06, 2021"
Song Yadong,Marlon Vera,15,4,0,,,170.18,,,,,0.97,,,,15,5,1,172.72,61.22,179.07,3.15,45.0,3.83,52.0,0.84,41.0,68.0,1.32,1.0,"May 16, 2020"
Amanda Ribas,Tabatha Ricci,12,6,0,162.56,52.61,167.64,4.29,40.0,3.24,60.0,2.06,54.0,83.0,0.59,11,3,0,154.94,52.38,154.94,4.18,36.0,5.29,58.0,2.74,38.0,82.0,0.12,0.0,"July 26, 2025"
Yan Xiaonan,Tabatha Ricci,13,3,0,165.1,52.61,160.02,5.66,42.0,3.77,62.0,1.06,67.0,65.0,0.0,11,2,0,154.94,52.38,154.94,4.63,38.0,5.3,59.0,2.99,38.0,82.0,0.14,1.0,"November 23, 2024"
Jessica Penne,Tabatha Ricci,14,7,0,165.1,57.6,170.18,2.62,32.0,4.74,47.0,1.39,21.0,40.0,0.58,7,1,0,154.94,52.15,154.94,2.95,38.0,4.89,58.0,3.95,45.0,,0.0,0.0,"March 04, 2023"
Angela Hill,Tabatha Ricci,17,13,0,160.02,57.14,163.83,5.38,50.0,4.86,62.0,0.8,34.0,76.0,0.13,10,2,0,154.94,55.74,154.94,4.28,37.0,4.94,61.0,2.99,35.0,78.0,0.17,0.0,"August 24, 2024"
Andrea Lee,Maycee Barber,13,6,0,167.64,56.69,176.53,5.43,49.0,3.64,64.0,1.68,50.0,57.0,0.72,11,2,0,165.1,57.14,165.1,4.42,53.0,2.64,53.0,1.12,32.0,67.0,0.14,0.0,"March 25, 2023"
Polyana Viana,Tabatha Ricci,12,4,0,165.1,52.15,170.18,3.89,42.0,3.26,54.0,1.29,38.0,50.0,1.29,6,1,0,154.94,56.69,154.94,3.43,35.0,6.52,57.0,3.26,42.0,,0.0,0.0,"May 21, 2022"
Amanda Ribas,Maycee Barber,12,3,0,162.56,60.68,167.64,4.8,43.0,2.65,69.0,2.16,52.0,88.0,1.0,12,2,0,165.1,63.04,165.1,4.27,51.0,2.63,55.0,1.23,37.0,47.0,0.12,0.0,"June 24, 2023"
Katlyn Cerminara,Maycee Barber,18,5,0,175.26,57.82,172.72,4.59,35.0,4.41,63.0,0.27,15.0,54.0,0.33,13,2,0,165.1,57.14,165.1,4.6,53.0,2.72,55.0,1.14,36.0,45.0,0.11,0.0,"March 09, 2024"
Rob Font,Adrian Yanez,19,6,0,172.72,67.03,181.61,6.38,46.0,3.95,57.0,1.03,38.0,55.0,0.43,16,3,0,170.18,61.45,177.8,6.62,40.0,5.49,60.0,0.0,,100.0,0.0,1.0,"April 08, 2023"
Miranda Maverick,Maycee Barber,11,2,0,161.29,56.69,166.37,9.8,52.0,6.0,63.0,0.0,,,0.0,8,2,0,165.1,56.69,165.1,5.21,52.0,3.0,50.0,1.44,40.0,80.0,0.24,0.0,"July 24, 2021"
Jessica Eye,Maycee Barber,15,10,0,167.64,56.92,167.64,3.96,37.0,4.19,57.0,0.55,44.0,57.0,0.48,10,2,0,165.1,56.92,165.1,4.45,52.0,2.69,55.0,1.3,32.0,63.0,0.16,0.0,"July 02, 2022"
Amanda Ribas,Virna Jandiroba,10,2,0,162.56,52.38,167.64,4.25,44.0,1.78,72.0,2.31,58.0,86.0,1.65,17,2,0,160.02,52.15,162.56,2.65,46.0,2.92,53.0,2.5,53.0,75.0,1.88,1.0,"October 30, 2021"
Roxanne Modafferi,Maycee Barber,23,15,0,,,175.26,,,,,0.94,,,,7,0,0,,,165.1,,,,,1.0,,,,1.0,"January 18, 2020"
Marina Rodriguez,Virna Jandiroba,16,2,2,167.64,52.38,165.1,4.8,47.0,3.05,57.0,0.19,33.0,65.0,0.19,18,3,0,160.02,57.6,162.56,2.45,39.0,3.19,58.0,2.31,39.0,74.0,1.15,0.0,"May 06, 2023"
Yan Xiaonan,Virna Jandiroba,,,,,,,,,,,,,,,21,3,0,160.02,52.61,162.56,2.12,38.0,2.73,57.0,2.29,35.0,74.0,1.66,0.0,"April 12, 2025"
Ibo Aslan,Billy Elekana,14,2,0,190.5,92.97,196.85,7.84,50.0,4.43,63.0,0.0,,83.0,0.0,7,2,0,190.5,90.7,195.58,2.34,71.0,5.5,34.0,1.75,100.0,,0.0,0.0,"July 26, 2025"
Livinha Souza,Randa Markos,14,3,0,165.1,52.15,160.02,2.06,46.0,3.38,62.0,2.4,44.0,40.0,1.2,10,12,1,162.56,52.15,161.29,2.85,42.0,3.2,59.0,1.23,29.0,58.0,0.22,0.0,"October 23, 2021"
Claudia Gadelha,Randa Markos,16,4,0,162.56,52.15,160.02,3.23,43.0,4.69,57.0,3.72,48.0,59.0,0.9,9,7,1,162.56,52.15,161.29,2.92,41.0,3.17,62.0,1.67,28.0,54.0,0.31,1.0,"July 06, 2019"
Ibo Aslan,Anton Turkalj,1,0,0,,,,8.87,72.0,3.38,64.0,0.0,,,0.0,8,3,0,193.04,99.32,198.12,1.72,53.0,2.48,50.0,6.55,52.0,17.0,0.0,1.0,"March 30, 2024"
Vitor Petrino,Anton Turkalj,7,0,0,,92.29,,4.88,50.0,2.09,57.0,0.0,,67.0,0.0,8,1,0,193.04,97.05,198.12,1.13,58.0,1.85,49.0,8.48,69.0,,0.0,1.0,"March 11, 2023"
Tyson Pedro,Anton Turkalj,9,4,0,190.5,97.96,200.66,2.96,62.0,2.49,54.0,0.97,36.0,53.0,0.97,8,2,0,193.04,99.32,198.12,1.6,59.0,2.18,51.0,6.97,52.0,17.0,0.0,1.0,"September 09, 2023"
Mohammad Yahya,Steven Nguyen,12,5,0,175.26,70.29,185.42,2.38,43.0,4.96,39.0,0.76,100.0,43.0,0.76,9,2,0,180.34,65.76,185.42,7.15,40.0,7.36,61.0,0.28,100.0,85.0,0.0,0.0,"July 26, 2025"
Martin Buday,Marcus Buchecha,15,2,0,193.04,120.63,195.58,4.67,54.0,5.0,55.0,0.17,20.0,100.0,0.17,5,1,0,193.04,115.19,,,,,,,,,,1.0,"July 26, 2025"
Jailton Almeida,Anton Turkalj,16,2,0,190.5,101.59,200.66,3.48,54.0,0.49,13.0,6.27,67.0,50.0,2.09,1,0,0,,92.97,,1.4,57.0,1.27,59.0,11.0,69.0,,0.0,1.0,"September 10, 2022"
Jairzinho Rozenstruik,Shamil Gaziev,13,5,0,187.96,118.82,198.12,2.81,46.0,3.15,45.0,0.0,,74.0,0.0,12,0,0,193.04,120.0,199.39,6.19,52.0,0.93,60.0,0.0,,100.0,1.75,1.0,"March 02, 2024"
Martin Buday,Uran Satybaldiev,14,2,0,193.04,124.72,195.58,4.84,54.0,5.54,52.0,0.21,25.0,100.0,0.21,9,0,0,,,,,,,,,,,,1.0,"April 05, 2025"
Martin Buday,Shamil Gaziev,13,1,0,193.04,119.95,195.58,5.62,53.0,5.4,55.0,0.3,50.0,100.0,0.3,11,0,0,193.04,117.69,199.39,1.52,100.0,0.0,,0.0,,,5.7,0.0,"December 16, 2023"
Andrei Arlovski,Jake Collier,33,20,0,190.5,111.56,195.58,3.72,45.0,3.09,58.0,0.42,37.0,78.0,0.23,13,6,0,190.5,119.95,199.39,5.59,42.0,4.43,53.0,0.62,27.0,68.0,0.47,1.0,"April 30, 2022"
Gian Villante,Jake Collier,17,12,0,190.5,92.97,193.04,4.49,42.0,6.43,56.0,0.45,23.0,83.0,0.0,11,5,0,190.5,83.9,199.39,4.15,40.0,3.69,52.0,0.72,23.0,68.0,0.48,0.0,"December 05, 2020"
Mohammed Usman,Jake Collier,10,2,0,187.96,108.62,200.66,0.92,28.0,2.62,51.0,1.46,15.0,,0.0,13,9,0,190.5,120.41,199.39,5.81,44.0,5.01,50.0,0.79,33.0,68.0,0.45,1.0,"September 23, 2023"
Martin Buday,Jake Collier,3,0,0,193.04,120.63,195.58,4.59,49.0,4.88,55.0,0.0,0.0,,0.0,13,8,0,190.5,120.18,199.39,5.75,44.0,4.82,51.0,0.89,35.0,68.0,0.51,1.0,"April 29, 2023"
Justin Tafa,Tallison Teixeira,7,4,0,182.88,129.71,187.96,4.09,55.0,5.02,48.0,0.0,0.0,50.0,0.0,1,0,0,,,,,,,,,,,,0.0,"February 08, 2025"
Jarno Errens,Steven Nguyen,13,5,1,180.34,73.61,185.42,1.67,39.0,2.93,52.0,0.0,0.0,33.0,0.5,2,0,0,180.34,65.99,185.42,8.29,44.0,7.49,64.0,0.0,,83.0,0.0,1.0,"March 23, 2024"
Carlos Felipe,Jake Collier,10,1,0,182.88,111.11,190.5,,,,,,,,,11,5,0,190.5,104.31,199.39,4.15,40.0,3.69,52.0,0.72,23.0,68.0,0.48,1.0,"June 12, 2021"
Derrick Lewis,Tallison Teixeira,28,12,0,190.5,120.63,200.66,2.48,51.0,2.48,41.0,0.57,26.0,53.0,0.0,8,0,0,200.66,117.01,210.82,14.61,60.0,7.5,60.0,0.0,0.0,,0.0,1.0,"July 12, 2025"
Derrick Lewis,Marcos Rogerio de Lima,26,11,0,190.5,120.18,200.66,2.54,51.0,2.59,41.0,0.59,28.0,52.0,0.0,21,10,1,185.42,118.82,190.5,3.61,57.0,2.96,52.0,1.34,48.0,59.0,0.54,1.0,"July 29, 2023"
Stefan Struve,Tai Tuivasa,33,12,0,213.36,120.18,214.63,3.01,46.0,3.89,47.0,0.61,54.0,55.0,1.83,10,3,0,187.96,119.73,190.5,4.42,52.0,3.06,59.0,0.0,0.0,100.0,0.0,0.0,"October 24, 2020"
Derrick Lewis,Chris Daukaus,25,8,0,190.5,117.91,200.66,2.49,50.0,2.48,42.0,0.49,26.0,55.0,0.0,12,3,0,190.5,113.38,193.04,9.03,53.0,3.4,64.0,0.0,,100.0,0.0,1.0,"December 18, 2021"
Curtis Blaydes,Chris Daukaus,15,3,0,193.04,120.18,203.2,3.44,52.0,1.65,60.0,6.27,54.0,33.0,0.0,12,4,0,190.5,113.38,193.04,7.71,53.0,3.51,62.0,0.0,,100.0,0.0,1.0,"March 26, 2022"
Augusto Sakai,Tai Tuivasa,15,3,1,190.5,120.18,195.58,5.1,48.0,3.98,50.0,0.14,50.0,67.0,0.0,13,3,0,187.96,119.73,190.5,4.48,51.0,3.48,51.0,0.0,0.0,47.0,0.0,0.0,"December 11, 2021"
Derrick Lewis,Ciryl Gane,25,7,0,190.5,117.91,200.66,2.59,50.0,2.16,45.0,0.52,27.0,55.0,0.0,9,0,0,193.04,111.11,205.74,5.13,55.0,2.6,63.0,0.82,22.0,100.0,0.33,0.0,"August 07, 2021"
Shamil Abdurakhimov,Chris Daukaus,20,5,0,190.5,115.19,193.04,2.45,45.0,2.45,59.0,1.23,24.0,47.0,0.18,11,3,0,190.5,113.38,193.04,11.78,62.0,3.22,65.0,0.0,,100.0,0.0,0.0,"September 25, 2021"
Jon Jones,Ciryl Gane,26,1,0,193.04,92.52,214.63,4.3,58.0,2.22,64.0,1.85,44.0,95.0,0.44,11,1,0,193.04,112.02,205.74,5.11,60.0,2.25,63.0,0.62,21.0,56.0,0.52,1.0,"March 04, 2023"
Aleksei Oleinik,Chris Daukaus,59,13,1,187.96,108.84,203.2,3.72,51.0,3.3,47.0,2.41,46.0,35.0,2.21,10,3,0,190.5,113.38,193.04,,,,,,,,,0.0,"February 20, 2021"
Francis Ngannou,Ciryl Gane,16,3,0,193.04,118.82,210.82,2.54,41.0,2.04,46.0,0.2,,72.0,0.41,10,0,0,193.04,111.11,205.74,5.37,58.0,2.4,63.0,0.71,21.0,100.0,0.28,1.0,"January 22, 2022"
Junior Dos Santos,Ciryl Gane,21,8,0,193.04,107.03,195.58,4.66,48.0,3.13,58.0,0.33,56.0,82.0,0.07,6,0,0,193.04,120.18,205.74,3.57,68.0,1.67,83.0,0.0,0.0,100.0,3.57,0.0,"December 12, 2020"
Jairzinho Rozenstruik,Ciryl Gane,11,1,0,193.04,109.75,198.12,3.72,47.0,3.05,32.0,0.0,,75.0,0.0,7,0,0,193.04,111.22,205.74,3.57,68.0,1.67,83.0,0.0,0.0,100.0,3.57,0.0,"February 27, 2021"
Jairzinho Rozenstruik,Chris Daukaus,12,4,0,187.96,117.46,198.12,2.8,46.0,3.24,46.0,0.0,,75.0,0.0,12,5,0,190.5,112.02,193.04,6.47,51.0,4.02,59.0,0.0,,100.0,0.0,1.0,"December 10, 2022"
Ilir Latifi,Aleksei Oleinik,16,8,1,177.8,104.31,186.69,1.84,40.0,2.86,56.0,2.02,35.0,100.0,0.38,60,16,1,187.96,110.66,203.2,3.5,50.0,3.99,46.0,2.09,47.0,33.0,2.24,1.0,"October 01, 2022"
Alistair Overeem,Aleksei Oleinik,44,17,0,193.04,117.91,203.2,3.7,73.0,4.79,61.0,0.5,31.0,73.0,0.38,57,11,1,187.96,108.84,203.2,3.06,49.0,3.28,53.0,2.99,39.0,11.0,2.66,1.0,"April 20, 2019"
Volkan Oezdemir,Ilir Latifi,15,4,0,187.96,92.97,190.5,4.73,46.0,4.3,56.0,0.57,22.0,75.0,0.0,15,6,0,177.8,92.97,186.69,2.34,42.0,2.66,56.0,1.89,32.0,100.0,0.57,1.0,"August 10, 2019"
Derrick Lewis,Ilir Latifi,21,7,0,190.5,117.91,200.66,2.69,50.0,2.38,44.0,0.47,24.0,53.0,0.0,15,6,0,,,186.69,,,,,1.85,,,,1.0,"February 08, 2020"
Curtis Blaydes,Junior Dos Santos,11,2,0,193.04,120.18,203.2,3.71,51.0,2.03,55.0,6.79,57.0,25.0,0.0,21,5,0,193.04,107.94,195.58,4.76,48.0,3.09,59.0,0.33,56.0,80.0,0.07,1.0,"January 25, 2020"
Tanner Boser,Ilir Latifi,19,7,1,187.96,115.65,191.77,,,,,,,,,15,8,0,177.8,92.97,186.69,2.01,41.0,2.84,56.0,2.02,33.0,100.0,0.43,0.0,"June 05, 2021"
Derrick Lewis,Aleksei Oleinik,23,7,0,190.5,117.91,200.66,2.53,49.0,2.14,45.0,0.48,24.0,53.0,0.0,59,13,1,187.96,106.58,203.2,3.72,51.0,3.3,47.0,2.41,46.0,35.0,2.21,1.0,"August 08, 2020"
Tom Aspinall,Marcin Tybura,12,3,0,195.58,117.46,198.12,7.41,66.0,2.87,64.0,4.0,100.0,100.0,2.0,24,7,0,190.5,115.19,198.12,3.55,49.0,3.31,56.0,1.39,34.0,79.0,0.07,1.0,"July 22, 2023"
Francis Ngannou,Junior Dos Santos,13,3,0,193.04,113.38,210.82,2.05,37.0,1.94,49.0,0.0,,71.0,0.46,21,5,0,193.04,107.94,195.58,4.76,48.0,3.07,59.0,0.34,56.0,80.0,0.07,1.0,"June 29, 2019"
Alexander Volkov,Marcin Tybura,33,9,0,200.66,120.18,203.2,6.19,60.0,3.3,58.0,1.0,75.0,76.0,0.0,22,6,0,190.5,112.93,198.12,3.63,50.0,3.31,56.0,1.67,45.0,82.0,0.09,1.0,"October 30, 2021"
Walt Harris,Marcin Tybura,13,9,0,195.58,113.38,195.58,2.95,38.0,3.43,55.0,0.3,29.0,72.0,0.15,21,6,0,190.5,112.93,198.12,3.7,50.0,3.25,56.0,1.62,45.0,82.0,0.09,0.0,"June 05, 2021"
SeungWoo Choi,Youssef Zalal,8,3,0,182.88,65.76,189.23,,,,,,,,,10,3,0,177.8,65.76,182.88,2.07,56.0,0.8,80.0,6.0,50.0,,2.0,1.0,"February 06, 2021"
Ben Rothwell,Marcin Tybura,38,12,0,193.04,120.63,199.39,3.38,43.0,6.36,47.0,0.85,32.0,69.0,0.49,19,6,0,190.5,112.93,198.12,3.6,53.0,2.99,52.0,1.61,61.0,79.0,0.15,0.0,"October 10, 2020"
Tai Tuivasa,Marcin Tybura,15,6,0,187.96,120.45,190.5,3.98,49.0,4.98,44.0,0.0,0.0,55.0,0.0,24,8,0,190.5,111.56,198.12,3.55,48.0,3.35,56.0,1.39,34.0,79.0,0.07,0.0,"March 16, 2024"
Calvin Kattar,Youssef Zalal,23,8,0,180.34,65.99,182.88,4.76,39.0,6.75,54.0,0.39,29.0,72.0,0.08,16,5,1,,,182.88,,,,,2.34,,,,0.0,"February 15, 2025"
Sean Woodson,Youssef Zalal,7,1,0,189.23,65.76,198.12,7.4,44.0,3.33,70.0,0.0,,86.0,0.0,10,4,0,177.8,65.76,182.88,2.07,56.0,0.8,80.0,6.0,50.0,,2.0,1.0,"June 05, 2021"
Billy Quarantillo,Youssef Zalal,18,5,0,177.8,72.56,177.8,7.71,58.0,5.61,44.0,1.31,23.0,64.0,1.18,10,5,1,177.8,61.45,182.88,2.75,48.0,1.75,64.0,2.14,31.0,61.0,1.14,0.0,"March 23, 2024"
Jordan Griffin,Youssef Zalal,18,7,0,177.8,65.76,184.15,2.8,50.0,3.21,48.0,0.39,25.0,35.0,2.33,1,0,0,177.8,65.76,190.5,2.07,56.0,0.8,80.0,6.0,50.0,,2.0,0.0,"June 27, 2020"
Jack Shore,Youssef Zalal,17,2,0,172.72,70.29,180.34,3.75,59.0,2.32,57.0,3.1,39.0,76.0,0.65,14,5,1,177.8,61.45,182.88,2.88,49.0,1.73,66.0,2.28,34.0,61.0,1.34,0.0,"November 02, 2024"
Calvin Kattar,Josh Emmett,23,5,0,180.34,66.21,182.88,5.19,41.0,7.64,53.0,0.51,29.0,89.0,0.1,17,2,0,168.91,65.99,177.8,4.28,39.0,4.1,63.0,1.25,48.0,58.0,0.13,0.0,"June 18, 2022"
Yair Rodriguez,Josh Emmett,15,3,0,180.34,73.02,180.34,4.67,45.0,4.12,53.0,0.83,28.0,63.0,0.74,18,2,0,168.91,75.28,177.8,4.28,38.0,4.29,63.0,1.04,40.0,58.0,0.1,1.0,"February 11, 2023"
Josh Emmett,Shane Burgos,15,2,0,168.91,65.76,177.8,3.63,37.0,3.26,68.0,1.5,45.0,50.0,0.17,13,1,0,180.34,65.76,191.77,7.06,48.0,6.14,62.0,0.43,100.0,94.0,0.22,1.0,"June 20, 2020"
Jared Gordon,Chris Fishgold,15,3,0,175.26,70.29,172.72,7.48,54.0,4.41,60.0,3.46,41.0,75.0,0.0,18,2,1,172.72,65.76,172.72,3.29,32.0,3.96,49.0,8.7,50.0,,2.9,1.0,"July 15, 2020"
Stephen Thompson,Belal Muhammad,16,5,1,182.88,77.1,190.5,4.06,44.0,2.75,58.0,0.3,45.0,74.0,0.0,19,3,0,180.34,77.1,182.88,4.61,43.0,3.8,60.0,1.8,28.0,91.0,0.16,0.0,"December 18, 2021"
Leon Edwards,Belal Muhammad,22,3,0,182.88,77.1,187.96,2.75,53.0,2.34,55.0,1.25,35.0,70.0,0.42,23,3,0,180.34,77.1,182.88,4.55,43.0,3.64,58.0,1.98,35.0,93.0,0.17,0.0,"July 27, 2024"
Vicente Luque,Belal Muhammad,21,7,1,180.34,82.09,191.77,5.65,54.0,5.67,53.0,0.64,50.0,64.0,0.96,20,3,0,180.34,86.17,182.88,4.55,43.0,3.61,60.0,2.2,33.0,92.0,0.23,0.0,"April 16, 2022"
Stephen Thompson,Gabriel Bonfim,17,8,1,182.88,77.55,190.5,4.11,46.0,3.02,55.0,0.25,42.0,63.0,0.0,17,1,0,185.42,77.1,184.15,5.22,44.0,3.8,65.0,3.68,77.0,73.0,2.21,0.0,"July 12, 2025"
Demian Maia,Belal Muhammad,28,10,0,185.42,77.1,182.88,1.82,44.0,2.01,64.0,2.49,26.0,62.0,1.03,18,3,0,180.34,77.55,182.88,4.75,43.0,4.02,60.0,1.97,28.0,86.0,0.18,0.0,"June 12, 2021"
Stephen Thompson,Vicente Luque,14,4,1,182.88,77.1,190.5,3.52,42.0,2.54,60.0,0.39,45.0,78.0,0.0,16,6,1,180.34,77.1,191.77,5.19,56.0,4.72,54.0,0.95,50.0,65.0,1.11,1.0,"November 02, 2019"
Michael Chiesa,Vicente Luque,18,4,0,185.42,77.1,191.77,2.07,40.0,1.95,52.0,3.84,52.0,68.0,1.08,20,7,1,180.34,77.1,191.77,5.72,54.0,5.82,52.0,0.68,50.0,65.0,0.79,0.0,"August 07, 2021"
Tyron Woodley,Vicente Luque,19,6,1,175.26,77.1,187.96,2.44,47.0,3.87,56.0,0.39,33.0,90.0,0.23,19,7,1,180.34,77.1,191.77,5.18,54.0,5.34,52.0,0.82,50.0,65.0,0.96,0.0,"March 27, 2021"
Gilbert Burns,Jorge Masvidal,21,5,0,177.8,77.1,180.34,3.42,48.0,3.17,55.0,2.03,35.0,48.0,0.63,35,16,0,180.34,77.32,187.96,4.11,48.0,3.06,64.0,1.44,59.0,74.0,0.33,1.0,"April 08, 2023"
Leon Edwards,Belal Muhammad,18,3,0,182.88,77.1,187.96,2.53,48.0,2.05,55.0,1.39,31.0,70.0,0.41,18,3,0,180.34,77.55,182.88,4.37,42.0,3.81,60.0,2.15,32.0,83.0,0.23,0.0,"March 13, 2021"
Kamaru Usman,Jorge Masvidal,16,1,0,182.88,77.1,193.04,4.6,53.0,2.17,60.0,3.44,51.0,100.0,0.16,35,13,0,180.34,70.75,187.96,4.11,48.0,4.18,67.0,1.16,52.0,78.0,0.51,1.0,"July 11, 2020"
Nate Landwehr,Morgan Charriere,18,6,0,175.26,65.99,182.88,5.59,46.0,5.77,53.0,0.85,42.0,74.0,0.85,20,11,1,172.72,66.21,175.26,3.46,49.0,4.15,51.0,1.91,50.0,83.0,0.38,0.0,"July 12, 2025"
Nathaniel Wood,Morgan Charriere,20,6,0,167.64,70.02,175.26,5.75,51.0,4.0,56.0,1.56,48.0,73.0,0.52,19,10,1,172.72,73.02,175.26,3.98,49.0,4.24,55.0,1.59,40.0,88.0,0.8,1.0,"March 22, 2025"
Kamaru Usman,Jorge Masvidal,18,1,0,182.88,77.1,193.04,4.66,54.0,2.33,59.0,3.22,47.0,100.0,0.14,35,14,0,180.34,70.75,187.96,4.2,48.0,3.0,65.0,1.57,59.0,77.0,0.36,1.0,"April 24, 2021"
Colby Covington,Jorge Masvidal,16,3,0,180.34,76.83,182.88,4.14,38.0,3.09,56.0,4.1,47.0,72.0,0.13,35,15,0,180.34,70.75,187.96,4.22,48.0,3.01,65.0,1.54,59.0,76.0,0.35,1.0,"March 05, 2022"
Giga Chikadze,Jamall Emmers,,,,182.88,65.76,182.88,,,,,,,,,,,,177.8,65.76,187.96,,,,,,,,,1.0,"March 07, 2020"
Nate Landwehr,Jamall Emmers,17,5,0,175.26,65.9,182.88,6.14,47.0,5.58,56.0,1.07,42.0,86.0,1.07,20,7,0,177.8,73.56,187.96,5.1,48.0,3.79,58.0,1.96,41.0,91.0,0.22,1.0,"March 30, 2024"
Dennis Buzukja,Jamall Emmers,11,3,0,175.26,72.29,179.07,3.29,44.0,4.71,42.0,1.0,30.0,74.0,0.33,19,7,0,177.8,69.39,187.96,4.95,47.0,3.79,58.0,1.98,41.0,91.0,0.22,0.0,"November 11, 2023"
Nate Landwehr,Dooho Choi,18,5,0,,,,,,,,,,,,15,4,1,177.8,69.02,177.8,4.41,54.0,4.49,55.0,0.75,38.0,48.0,0.75,0.0,"December 07, 2024"
Giga Chikadze,David Onama,15,4,0,182.88,66.21,187.96,3.92,42.0,3.5,61.0,0.21,33.0,70.0,0.21,13,2,0,180.34,70.57,187.96,5.6,50.0,5.07,52.0,0.73,20.0,53.0,0.55,0.0,"April 26, 2025"
Jonathan Pearce,David Onama,14,5,0,182.88,70.29,180.34,5.6,56.0,3.35,56.0,5.29,54.0,57.0,0.76,11,2,0,180.34,72.38,187.96,5.38,47.0,5.48,51.0,0.87,19.0,46.0,0.29,0.0,"April 27, 2024"
Nate Landwehr,Austin Lingo,15,4,0,175.26,65.99,182.88,6.51,52.0,5.96,51.0,0.48,50.0,88.0,0.97,9,1,0,177.8,65.99,177.8,4.0,42.0,3.82,59.0,0.67,67.0,80.0,0.0,1.0,"March 25, 2023"
Gabriel Benitez,David Onama,22,10,0,172.72,71.84,180.34,4.35,40.0,3.8,66.0,0.15,50.0,56.0,1.17,8,0,0,180.34,70.29,187.96,,,,,,,,,0.0,"February 19, 2022"
Nate Landwehr,David Onama,15,4,0,175.26,65.99,182.88,6.51,52.0,5.96,51.0,0.48,50.0,88.0,0.97,1,1,0,180.34,65.53,187.96,6.49,51.0,6.86,47.0,0.0,0.0,43.0,0.0,1.0,"August 13, 2022"
Jacob Kilburn,Austin Lingo,3,3,0,175.26,65.76,182.88,,,,,,,,,7,1,0,177.8,65.76,177.8,0.8,20.0,2.07,44.0,1.0,100.0,50.0,0.0,0.0,"January 16, 2021"
Mateusz Gamrot,Ludovit Klein,24,3,0,177.8,70.75,179.07,3.23,51.0,3.22,59.0,5.25,35.0,91.0,0.12,23,4,1,170.18,70.29,184.15,3.81,55.0,3.22,54.0,1.7,52.0,91.0,0.0,1.0,"May 31, 2025"
Jai Herbert,Ludovit Klein,12,4,0,185.42,76.64,195.58,2.45,41.0,2.85,43.0,0.0,0.0,56.0,0.0,19,4,0,170.18,78.46,184.15,3.51,56.0,3.87,49.0,1.02,33.0,88.0,0.0,0.0,"March 18, 2023"
Ignacio Bahamondes,Ludovit Klein,14,4,0,190.5,76.19,191.77,7.93,48.0,4.51,59.0,0.0,0.0,95.0,0.47,19,4,1,170.18,76.64,184.15,3.44,55.0,3.67,49.0,1.22,40.0,82.0,0.0,0.0,"August 05, 2023"
Thiago Moises,Ludovit Klein,17,7,0,175.26,70.52,179.07,2.47,39.0,4.4,55.0,1.53,41.0,57.0,1.3,20,4,1,170.18,76.96,184.15,3.49,54.0,3.53,53.0,1.52,45.0,83.0,0.0,0.0,"June 08, 2024"
Nate Landwehr,Ludovit Klein,14,4,0,175.26,65.76,182.88,,,,,,,,,17,3,0,170.18,65.76,184.15,,,,,,,,,1.0,"October 16, 2021"
Mason Jones,Ludovit Klein,11,1,0,177.8,76.15,187.96,6.71,45.0,5.59,47.0,4.43,52.0,79.0,0.0,18,4,0,170.18,70.75,184.15,3.58,56.0,4.22,46.0,1.38,36.0,80.0,0.0,0.0,"July 23, 2022"
Nate Landwehr,Julian Erosa,14,3,0,175.26,65.76,182.88,,,,,,,,,24,9,0,185.42,65.76,189.23,3.58,53.0,5.5,49.0,1.24,75.0,61.0,1.24,0.0,"February 20, 2021"
Darren Elkins,Julian Erosa,29,11,0,177.8,65.53,180.34,3.4,38.0,3.22,52.0,2.86,35.0,56.0,1.08,30,12,0,,,189.23,,,,,1.69,,,,0.0,"April 12, 2025"
Ricardo Ramos,Julian Erosa,16,5,0,175.26,69.84,182.88,3.21,38.0,3.78,57.0,2.79,59.0,73.0,0.73,28,12,0,185.42,65.99,189.23,6.22,49.0,6.35,48.0,1.66,46.0,62.0,0.64,0.0,"March 23, 2024"
Devonte Smith,Ludovit Klein,11,3,0,175.26,70.52,193.04,5.1,53.0,3.86,55.0,0.53,100.0,80.0,0.53,17,3,0,170.18,65.76,184.15,3.32,55.0,3.69,46.0,3.69,57.0,,0.0,0.0,"March 05, 2022"
Alex Caceres,Julian Erosa,19,13,0,177.8,65.76,186.69,4.15,51.0,2.92,64.0,0.58,71.0,64.0,0.77,27,10,0,185.42,65.99,189.23,6.29,49.0,6.51,48.0,1.69,52.0,62.0,0.77,1.0,"December 17, 2022"
Sean Woodson,Julian Erosa,,,,,,,,,,,,,,,22,8,0,185.42,65.76,190.5,3.58,53.0,5.5,49.0,1.24,75.0,61.0,1.24,0.0,"June 27, 2020"
Hakeem Dawodu,Julian Erosa,13,2,1,172.72,66.21,186.69,5.39,50.0,2.72,59.0,0.0,0.0,66.0,0.0,27,10,0,185.42,65.99,189.23,6.29,49.0,6.51,48.0,1.69,52.0,62.0,0.77,0.0,"September 10, 2022"
Justin Tafa,Austen Lane,6,3,0,182.88,128.39,187.96,5.02,54.0,5.95,49.0,0.0,0.0,100.0,0.0,12,3,0,198.12,111.34,203.2,4.33,46.0,1.67,63.0,0.0,0.0,,0.0,1.0,"September 09, 2023"
Vitor Petrino,Dustin Jacoby,11,1,0,,,196.85,,,,,3.98,,,,19,9,1,190.5,92.74,193.04,5.5,48.0,4.14,58.0,0.36,25.0,60.0,0.0,0.0,"December 14, 2024"
Alonzo Menifield,Dustin Jacoby,14,3,1,182.88,92.74,193.04,3.82,58.0,3.09,52.0,0.62,31.0,76.0,0.31,19,7,1,190.5,92.74,193.04,5.46,47.0,4.02,59.0,0.4,25.0,60.0,0.0,1.0,"December 16, 2023"
Ion Cutelaba,Dustin Jacoby,15,5,0,185.42,92.97,190.5,5.24,39.0,3.21,49.0,1.64,67.0,80.0,0.0,14,5,0,190.5,92.97,193.04,1.84,24.0,3.52,62.0,0.0,,29.0,0.0,0.0,"May 01, 2021"
Dominick Reyes,Dustin Jacoby,12,4,0,193.04,93.15,195.58,4.75,50.0,3.77,48.0,0.36,29.0,81.0,0.36,19,8,1,190.5,92.74,193.04,5.53,48.0,4.07,58.0,0.36,25.0,60.0,0.0,1.0,"June 08, 2024"
Vitor Petrino,Austen Lane,11,2,0,187.96,92.74,196.85,2.83,45.0,2.71,47.0,3.24,57.0,71.0,0.61,13,6,0,198.12,113.15,203.2,2.98,50.0,2.41,41.0,1.7,29.0,50.0,0.0,1.0,"July 12, 2025"
Kennedy Nzechukwu,Valter Walker,14,5,0,195.58,111.11,210.82,5.37,47.0,4.89,51.0,0.56,45.0,81.0,0.22,13,1,0,,,199.39,,,,,4.95,,,,0.0,"July 12, 2025"
Vitor Petrino,Tyson Pedro,10,0,0,187.96,101.13,196.85,3.07,49.0,2.65,44.0,4.15,71.0,68.0,1.04,10,4,0,190.5,97.28,200.66,3.11,61.0,2.53,55.0,0.94,36.0,53.0,0.94,1.0,"March 02, 2024"
Junior Tafa,Valter Walker,5,2,0,190.5,116.1,182.88,1.81,41.0,1.86,50.0,0.0,,81.0,0.0,11,1,0,198.12,119.73,,2.2,49.0,3.87,43.0,4.0,80.0,,0.0,0.0,"August 17, 2024"
Jailton Almeida,Parker Porter,2,0,0,190.5,92.06,200.66,3.28,54.0,0.72,13.0,7.68,71.0,50.0,1.54,13,6,0,182.88,119.27,190.5,7.01,50.0,6.51,52.0,1.57,29.0,,0.52,1.0,"May 21, 2022"
Junior Tafa,Parker Porter,4,1,0,190.5,116.1,182.88,1.47,36.0,0.47,76.0,0.0,,83.0,0.0,14,8,0,182.88,115.01,190.5,6.66,51.0,6.34,52.0,1.38,27.0,67.0,0.46,1.0,"August 26, 2023"
Justin Tafa,Parker Porter,5,3,0,182.88,129.71,187.96,5.02,55.0,5.94,49.0,0.0,0.0,100.0,0.0,13,7,0,182.88,122.9,190.5,6.49,50.0,6.32,52.0,1.45,29.0,50.0,0.48,1.0,"February 11, 2023"
Josh Parisian,Parker Porter,13,3,0,193.04,120.18,,,,,,,,,,10,6,0,,,,,,,,,,,,0.0,"November 28, 2020"
Jake Matthews,Chidi Njokuani,21,7,0,181.61,77.32,185.42,3.45,44.0,2.63,61.0,1.46,41.0,68.0,0.55,25,10,0,190.5,77.1,203.2,4.72,63.0,2.64,57.0,0.0,0.0,75.0,0.16,1.0,"July 12, 2025"
Jake Matthews,Francisco Prado,20,7,0,,,185.42,,,,,1.56,,,,12,2,0,177.8,70.75,175.26,4.58,41.0,5.66,53.0,0.0,0.0,25.0,0.44,1.0,"February 08, 2025"
Jamie Mullarkey,Francisco Prado,15,5,0,182.88,78.0,187.96,4.18,44.0,4.88,53.0,2.53,30.0,67.0,0.25,0,0,0,,79.37,,,,,,,,,,1.0,"February 11, 2023"
Daniel Zellhuber,Francisco Prado,14,1,0,185.42,76.51,195.58,5.26,40.0,4.79,53.0,0.28,33.0,94.0,0.28,12,1,0,177.8,78.46,175.26,3.46,50.0,3.83,47.0,0.0,0.0,25.0,0.79,1.0,"February 24, 2024"
Ottman Azaitar,Francisco Prado,13,1,0,172.72,70.57,180.34,6.97,55.0,2.63,64.0,0.0,,100.0,0.0,11,1,0,177.8,70.07,175.26,1.87,37.0,3.93,43.0,0.0,0.0,25.0,1.0,0.0,"July 15, 2023"
Jake Matthews,Emil Meek,14,4,0,181.61,77.1,185.42,2.96,47.0,2.16,59.0,2.26,40.0,67.0,0.93,9,4,1,180.34,77.1,189.23,2.24,38.0,2.64,32.0,0.33,50.0,48.0,1.33,1.0,"February 22, 2020"
Alex Morono,Matthew Semelsberger,21,7,0,180.34,77.32,182.88,5.21,42.0,3.93,57.0,0.35,25.0,54.0,0.35,10,3,0,185.42,76.64,190.5,5.01,49.0,4.55,60.0,0.99,100.0,43.0,0.33,1.0,"July 30, 2022"
Jeremiah Wells,Matthew Semelsberger,11,2,0,175.26,77.55,187.96,3.68,49.0,1.62,32.0,1.28,13.0,100.0,1.28,11,4,0,185.42,77.55,190.5,4.6,43.0,4.57,57.0,1.39,78.0,62.0,0.2,1.0,"April 22, 2023"
Max Griffin,Jeremiah Wells,19,10,0,180.34,83.95,193.04,4.09,49.0,3.94,58.0,1.48,41.0,70.0,0.31,12,3,1,175.26,83.9,187.96,2.52,46.0,1.14,48.0,3.89,43.0,100.0,1.17,1.0,"February 10, 2024"
Niko Price,James Vick,13,2,0,182.88,77.1,193.04,2.93,33.0,4.29,54.0,1.29,29.0,67.0,1.62,13,3,0,190.5,70.29,193.04,4.14,40.0,3.14,61.0,0.27,33.0,57.0,0.68,1.0,"October 12, 2019"
Jake Matthews,Matthew Semelsberger,18,5,0,181.61,77.32,185.42,3.17,45.0,2.18,62.0,1.85,42.0,67.0,0.59,10,3,0,185.42,77.55,190.5,5.01,49.0,4.55,60.0,0.99,100.0,43.0,0.33,0.0,"December 17, 2022"
Warlley Alves,Jeremiah Wells,15,4,0,180.34,77.1,182.88,3.16,47.0,3.75,51.0,1.06,44.0,80.0,0.8,0,0,0,,,,,,,,,,,,0.0,"June 26, 2021"
Mickey Gall,Ramiz Brahimaj,7,6,0,187.96,77.1,187.96,3.33,48.0,4.55,50.0,1.18,32.0,38.0,1.62,10,5,0,177.8,77.1,182.88,1.74,42.0,3.69,45.0,1.61,36.0,44.0,1.61,0.0,"November 16, 2024"
Court McGee,Jeremiah Wells,22,10,0,180.34,85.53,191.77,4.69,37.0,3.69,61.0,1.87,25.0,70.0,0.45,10,2,0,175.26,77.32,187.96,3.55,51.0,1.58,20.0,1.48,13.0,100.0,1.48,0.0,"June 18, 2022"
Max Griffin,Ramiz Brahimaj,15,8,0,180.34,77.1,193.04,4.08,51.0,3.89,52.0,1.53,47.0,62.0,0.68,8,2,0,177.8,,185.42,,,,,,,,,1.0,"November 07, 2020"
Themba Gorimbo,Ramiz Brahimaj,12,4,0,,,195.58,,,,,3.39,,,,10,4,0,177.8,77.32,182.88,2.47,41.0,4.08,51.0,1.9,67.0,58.0,2.37,1.0,"May 18, 2024"
Max Griffin,Alex Morono,15,6,0,180.34,77.1,193.04,4.08,51.0,3.89,52.0,1.53,47.0,62.0,0.68,16,5,0,180.34,77.1,182.88,4.26,42.0,2.69,63.0,0.0,0.0,36.0,0.66,0.0,"October 12, 2019"
Court McGee,Ramiz Brahimaj,21,10,0,180.34,77.1,191.77,4.76,37.0,3.78,61.0,1.68,23.0,70.0,0.42,9,3,0,177.8,77.1,182.88,3.15,37.0,5.14,55.0,2.05,100.0,100.0,1.03,1.0,"January 15, 2022"
Niko Price,Alex Morono,15,7,0,182.88,86.08,193.04,5.46,43.0,5.6,48.0,0.7,21.0,64.0,0.7,24,9,0,180.34,85.26,182.88,4.87,41.0,4.16,58.0,0.32,23.0,55.0,0.38,1.0,"June 01, 2024"
Sasha Palatnikov,Ramiz Brahimaj,6,3,0,185.42,77.1,184.15,9.78,53.0,7.74,52.0,1.17,100.0,89.0,0.0,8,3,0,177.8,77.1,185.42,,,,,,,,,0.0,"August 21, 2021"
Daniel Rodriguez,Alex Morono,17,4,0,185.42,77.1,187.96,7.3,50.0,5.28,57.0,0.62,50.0,64.0,0.12,24,10,0,180.34,85.03,182.88,4.96,41.0,4.34,58.0,0.36,26.0,49.0,0.36,1.0,"October 12, 2024"
Santiago Ponzinibbio,Alex Morono,29,6,0,182.88,83.9,185.42,5.0,42.0,4.77,60.0,0.56,32.0,61.0,0.0,22,7,0,180.34,86.17,182.88,5.36,43.0,4.01,58.0,0.32,20.0,52.0,0.32,1.0,"December 10, 2022"
Tim Means,Alex Morono,32,14,1,187.96,77.32,190.5,4.91,48.0,3.58,61.0,1.13,42.0,66.0,0.17,22,8,0,180.34,81.41,182.88,5.22,43.0,4.09,58.0,0.3,20.0,54.0,0.3,0.0,"May 13, 2023"
Kennedy Nzechukwu,Chris Barnett,12,5,0,195.58,92.97,210.82,5.13,46.0,4.9,51.0,0.6,45.0,81.0,0.24,23,8,0,,,,,,,,,,,,1.0,"October 26, 2024"
Anthony Pettis,Alex Morono,23,10,0,177.8,70.29,184.15,3.04,47.0,3.52,54.0,0.64,52.0,59.0,1.12,17,6,0,180.34,77.1,182.88,4.42,40.0,3.1,61.0,0.0,0.0,35.0,0.56,1.0,"December 19, 2020"
Court McGee,Alex Morono,22,12,0,180.34,77.32,191.77,4.63,37.0,3.68,61.0,1.89,26.0,70.0,0.44,23,9,0,180.34,76.87,182.88,5.02,42.0,4.17,58.0,0.34,23.0,50.0,0.34,0.0,"April 06, 2024"
Donald Cerrone,Alex Morono,36,15,0,185.42,70.29,185.42,4.33,46.0,4.27,53.0,1.23,35.0,74.0,1.23,18,7,0,180.34,77.1,182.88,4.42,40.0,3.1,61.0,0.0,0.0,35.0,0.56,0.0,"May 08, 2021"
Kennedy Nzechukwu,Karl Roberson,9,3,0,195.58,93.42,210.82,5.13,44.0,4.9,52.0,0.0,0.0,80.0,0.0,9,5,0,,,,,,,,,,,,1.0,"July 09, 2022"
Gian Villante,Chris Barnett,17,13,0,190.5,118.19,193.04,4.49,42.0,6.43,56.0,0.45,23.0,83.0,0.0,21,7,0,175.26,119.64,190.5,,,,,,,,,0.0,"November 06, 2021"
Jake Collier,Chris Barnett,13,7,0,190.5,120.18,199.39,5.67,43.0,4.65,52.0,0.81,33.0,68.0,0.41,22,8,0,175.26,119.5,190.5,3.6,45.0,5.59,38.0,0.0,0.0,,0.0,0.0,"September 10, 2022"
Roman Kopylov,Karl Roberson,8,0,0,,,,,,,,,,,,7,2,0,185.42,83.9,187.96,2.95,61.0,1.46,72.0,1.68,75.0,57.0,1.12,0.0,"November 09, 2019"
Kennedy Nzechukwu,Danilo Marques,8,1,0,195.58,92.97,210.82,5.38,43.0,5.8,48.0,0.0,0.0,79.0,0.0,11,2,0,198.12,92.97,195.58,,,,,,,,,1.0,"June 26, 2021"
Jailton Almeida,Danilo Marques,1,0,0,190.5,92.06,200.66,,,,,,,,,11,3,0,198.12,92.97,195.58,,,,,,,,,1.0,"February 05, 2022"
Alonzo Menifield,Carlos Ulberg,15,3,1,182.88,92.74,193.04,3.92,58.0,3.51,50.0,0.67,33.0,76.0,0.27,10,1,0,193.04,92.74,195.58,7.29,60.0,3.59,52.0,0.95,75.0,75.0,0.32,0.0,"May 11, 2024"
Volkan Oezdemir,Carlos Ulberg,20,7,0,187.96,93.42,190.5,4.79,48.0,3.96,56.0,0.56,33.0,80.0,0.11,11,1,0,193.04,93.2,195.58,7.41,60.0,3.6,53.0,0.95,75.0,75.0,0.32,0.0,"November 23, 2024"
Mike Rodriguez,Danilo Marques,11,5,0,193.04,92.97,209.55,4.17,69.0,3.56,29.0,0.0,,42.0,0.0,9,2,0,203.2,92.97,205.74,,,,,,,,,0.0,"February 06, 2021"
Kennedy Nzechukwu,Carlos Ulberg,6,1,0,195.58,92.97,210.82,3.07,46.0,5.8,56.0,0.0,,79.0,0.0,5,0,0,193.04,92.97,195.58,,,,,,,,,1.0,"March 06, 2021"
Jan Blachowicz,Carlos Ulberg,29,10,1,187.96,97.46,198.12,3.41,50.0,2.91,53.0,1.09,50.0,69.0,0.34,12,1,0,193.04,93.2,195.58,7.2,57.0,4.27,51.0,0.72,75.0,83.0,0.24,0.0,"March 22, 2025"
Lauren Murphy,Eduarda Moura,16,6,0,165.1,56.92,170.18,4.05,39.0,5.25,55.0,1.03,25.0,70.0,0.07,11,1,0,167.64,56.78,170.18,2.6,50.0,2.45,53.0,4.37,35.0,100.0,0.36,0.0,"July 12, 2025"
Veronica Hardy,Eduarda Moura,9,4,1,162.56,56.92,162.56,3.13,46.0,3.75,47.0,1.08,41.0,61.0,0.31,10,1,0,167.64,54.2,170.18,3.09,58.0,2.1,51.0,5.15,30.0,100.0,0.57,0.0,"November 16, 2024"
Valentina Shevchenko,Jessica Andrade,20,3,0,165.1,56.69,170.18,3.06,51.0,2.12,63.0,2.09,55.0,78.0,0.36,21,8,0,156.21,61.22,157.48,6.55,51.0,5.28,52.0,3.21,58.0,76.0,0.46,1.0,"April 24, 2021"
Amanda Lemos,Jessica Andrade,11,1,1,162.56,52.15,165.1,5.35,58.0,4.67,48.0,1.31,57.0,88.0,0.33,22,9,0,156.21,55.78,157.48,6.24,50.0,5.21,53.0,2.9,56.0,66.0,0.38,0.0,"April 23, 2022"
Lauren Murphy,Jessica Andrade,16,5,0,165.1,56.92,170.18,3.84,40.0,4.45,59.0,1.11,34.0,71.0,0.08,23,9,0,156.21,52.38,157.48,6.16,50.0,5.16,53.0,2.85,55.0,66.0,0.45,0.0,"January 21, 2023"
Lauren Murphy,Miesha Tate,15,5,0,165.1,56.69,170.18,3.58,38.0,4.35,59.0,1.03,34.0,66.0,0.09,19,8,0,167.64,61.45,165.1,2.41,43.0,2.87,52.0,1.99,32.0,53.0,1.37,1.0,"July 16, 2022"
Rose Namajunas,Jessica Andrade,9,3,0,165.1,52.15,165.1,3.72,42.0,3.72,60.0,2.34,59.0,45.0,0.88,19,6,0,157.48,52.15,157.48,6.58,52.0,5.04,52.0,3.2,59.0,75.0,0.48,0.0,"May 11, 2019"
Yana Santos,Miesha Tate,15,8,0,167.64,61.45,173.99,4.42,59.0,3.12,51.0,0.97,53.0,43.0,0.12,20,9,0,167.64,61.45,165.1,2.62,45.0,2.98,52.0,2.02,32.0,55.0,1.29,1.0,"May 03, 2025"
Ketlen Vieira,Miesha Tate,11,2,0,172.72,68.48,172.72,2.66,37.0,3.84,54.0,2.19,48.0,93.0,0.51,19,7,0,167.64,61.22,165.1,2.13,43.0,2.68,51.0,2.16,33.0,52.0,1.53,1.0,"November 20, 2021"
Marion Reneau,Miesha Tate,9,7,1,167.64,61.22,172.72,3.42,41.0,3.37,61.0,0.52,71.0,51.0,0.94,18,7,0,167.64,61.22,165.1,2.18,43.0,4.39,51.0,1.19,23.0,52.0,1.31,0.0,"July 17, 2021"
Lauren Murphy,Andrea Lee,10,4,0,,,170.18,,,,,0.89,,,,11,2,0,,,176.53,,,,,1.33,,,,1.0,"February 08, 2020"
Viviane Araujo,Andrea Lee,10,3,0,162.56,57.14,172.72,5.14,48.0,5.48,59.0,2.1,60.0,95.0,0.35,13,5,0,167.64,56.92,176.53,5.74,49.0,3.78,65.0,1.77,50.0,59.0,0.82,1.0,"May 14, 2022"
Lauren Murphy,Mara Romero Borella,10,4,0,170.18,56.69,170.18,3.73,41.0,3.81,61.0,1.0,30.0,63.0,0.0,13,5,0,167.64,56.69,176.53,3.37,37.0,3.16,71.0,1.82,44.0,50.0,0.46,1.0,"August 03, 2019"
Roxanne Modafferi,Andrea Lee,24,18,0,170.18,56.69,175.26,3.98,30.0,6.83,56.0,0.94,19.0,42.0,0.24,11,4,0,167.64,56.69,176.53,5.4,49.0,3.8,66.0,1.4,39.0,61.0,0.6,1.0,"September 12, 2020"
Cynthia Calvillo,Andrea Lee,9,3,1,162.56,56.69,162.56,4.18,42.0,3.52,67.0,1.85,44.0,71.0,1.11,12,5,0,167.64,56.69,176.53,5.58,49.0,3.83,66.0,1.67,45.0,58.0,0.5,0.0,"November 13, 2021"
Cortney Casey,Mara Romero Borella,8,7,0,170.18,52.15,170.18,4.8,39.0,4.73,53.0,0.35,30.0,39.0,0.47,12,5,0,,,175.26,,,,,1.68,,,,1.0,"May 16, 2020"
Montana De La Rosa,Mara Romero Borella,10,4,0,,,172.72,,,,,1.25,,,,12,5,0,,,175.26,,,,,1.68,,,,1.0,"February 15, 2020"
Mayra Bueno Silva,Mara Romero Borella,5,0,0,167.64,61.22,,2.24,34.0,2.24,39.0,0.0,,67.0,3.05,12,8,0,167.64,56.69,175.26,2.61,37.0,2.6,72.0,1.51,43.0,67.0,0.25,1.0,"September 19, 2020"
Ilia Topuria,Max Holloway,15,0,0,170.18,65.53,175.26,4.4,46.0,3.35,65.0,1.92,56.0,93.0,1.28,26,7,0,180.34,70.75,175.26,7.17,48.0,4.72,59.0,0.25,53.0,84.0,0.32,1.0,"October 26, 2024"
Alexander Volkanovski,Max Holloway,24,1,0,167.64,75.74,181.61,6.63,58.0,3.32,61.0,1.95,37.0,70.0,0.25,23,6,0,180.34,73.7,175.26,7.38,47.0,4.69,60.0,0.31,67.0,84.0,0.35,1.0,"July 02, 2022"
Justin Gaethje,Max Holloway,26,4,0,180.34,78.46,177.8,7.35,60.0,7.5,54.0,0.13,25.0,75.0,0.0,25,7,0,180.34,77.1,175.26,7.17,48.0,4.75,60.0,0.27,53.0,84.0,0.34,0.0,"April 13, 2024"
Alexander Volkanovski,Max Holloway,21,1,0,167.64,65.76,181.61,6.15,57.0,3.14,60.0,2.16,35.0,73.0,0.4,21,5,0,180.34,66.21,175.26,6.66,45.0,4.45,62.0,0.24,83.0,85.0,0.39,1.0,"July 11, 2020"
Natan Levy,Mike Davis,8,1,0,175.26,70.29,180.34,4.01,52.0,3.52,59.0,5.37,57.0,41.0,0.54,10,2,0,182.88,70.29,184.15,,,,,,,,,0.0,"March 16, 2024"
Fares Ziam,Mike Davis,16,4,0,185.42,70.29,190.5,2.92,51.0,1.66,66.0,1.28,36.0,68.0,0.29,11,2,0,182.88,70.29,184.15,,,,,,,,,1.0,"February 01, 2025"
Fatima Kline,Melissa Martinez,7,1,0,167.64,52.61,170.18,2.21,48.0,1.68,55.0,1.84,100.0,50.0,0.0,8,1,0,157.48,52.38,167.64,3.9,52.0,4.33,56.0,0.5,50.0,25.0,0.0,1.0,"July 12, 2025"
Fatima Kline,Viktoriia Dudakova,6,1,0,167.64,56.69,170.18,2.6,48.0,2.67,55.0,1.0,100.0,33.0,0.0,8,1,0,165.1,55.51,170.18,3.45,48.0,3.77,50.0,2.63,36.0,50.0,0.0,1.0,"January 11, 2025"
Mitch Ramirez,Mike Davis,8,2,0,180.34,70.52,180.34,2.37,42.0,3.34,36.0,0.91,100.0,,0.0,11,2,0,182.88,70.29,184.15,,,,,,,,,0.0,"July 12, 2025"
Islam Makhachev,Arman Tsarukyan,16,1,0,177.8,70.29,179.07,2.24,61.0,0.82,65.0,4.33,87.0,100.0,1.33,,,,,,,,,,,,,,,1.0,"April 20, 2019"
Olivier Aubin-Mercier,Arman Tsarukyan,12,4,0,175.26,70.29,179.07,2.59,52.0,2.95,56.0,2.63,35.0,65.0,0.57,,,,,,,,,,,,,,,0.0,"July 27, 2019"
Davi Ramos,Arman Tsarukyan,10,2,0,167.64,70.75,177.8,3.12,38.0,2.72,56.0,3.28,58.0,,1.4,13,2,0,175.26,70.29,,,,,,,,,,0.0,"July 18, 2020"
Charles Oliveira,Arman Tsarukyan,34,9,0,177.8,77.1,187.96,3.54,54.0,3.19,52.0,2.32,40.0,56.0,2.73,21,3,0,170.18,70.52,184.15,3.85,48.0,1.91,54.0,3.4,36.0,75.0,0.0,0.0,"April 13, 2024"
Beneil Dariush,Mateusz Gamrot,21,4,1,177.8,70.75,182.88,3.8,50.0,2.58,59.0,2.11,34.0,81.0,0.98,21,1,0,177.8,70.75,179.07,3.54,51.0,3.19,63.0,4.83,35.0,90.0,0.27,1.0,"October 22, 2022"
Rafael Fiziev,Mateusz Gamrot,12,2,0,172.72,76.64,181.61,5.06,52.0,5.17,49.0,0.31,40.0,90.0,0.0,22,2,0,177.8,76.19,179.07,3.03,51.0,3.23,61.0,4.54,32.0,91.0,0.17,0.0,"September 23, 2023"
Arman Tsarukyan,Mateusz Gamrot,18,2,0,170.18,70.75,184.15,3.75,49.0,1.36,61.0,3.47,37.0,79.0,0.0,20,1,0,177.8,70.52,179.07,3.79,47.0,2.69,65.0,5.83,40.0,100.0,0.49,0.0,"June 25, 2022"
Scott Holtzman,Mateusz Gamrot,14,4,0,175.26,70.29,175.26,4.44,50.0,3.47,55.0,2.16,58.0,67.0,0.21,17,1,0,177.8,70.29,,,,,,,,,,0.0,"April 10, 2021"
Diego Ferreira,Mateusz Gamrot,17,4,0,175.26,70.29,187.96,4.85,37.0,3.26,59.0,0.89,26.0,69.0,0.89,18,1,0,177.8,70.29,179.07,3.47,41.0,2.47,57.0,5.0,31.0,100.0,0.0,0.0,"December 18, 2021"
Beneil Dariush,Scott Holtzman,18,4,1,177.8,70.29,182.88,3.87,49.0,2.65,60.0,1.8,34.0,80.0,1.1,14,3,0,175.26,70.29,175.26,4.52,50.0,3.33,55.0,2.23,60.0,66.0,0.21,1.0,"August 08, 2020"
Beneil Dariush,Arman Tsarukyan,22,5,1,177.8,77.1,182.88,3.79,49.0,2.63,58.0,1.91,34.0,81.0,0.88,20,3,0,170.18,77.55,184.15,3.82,48.0,1.91,54.0,3.43,36.0,75.0,0.0,0.0,"December 02, 2023"
Jeremy Stephens,Mateusz Gamrot,28,18,0,175.26,70.29,180.34,3.18,41.0,3.06,58.0,1.16,38.0,66.0,0.39,18,1,0,177.8,70.29,179.07,3.47,41.0,2.47,57.0,5.0,31.0,100.0,0.0,0.0,"July 17, 2021"
Alexander Hernandez,Drew Dober,10,2,0,,,182.88,,,,,2.46,,,,20,9,0,172.72,70.29,177.8,4.33,39.0,4.14,54.0,0.97,18.0,61.0,0.14,0.0,"May 13, 2020"
Manuel Torres,Drew Dober,15,3,0,177.8,70.75,186.69,7.17,56.0,4.53,52.0,2.26,67.0,89.0,1.13,27,14,0,172.72,77.1,177.8,4.39,40.0,4.25,52.0,0.67,17.0,56.0,0.07,1.0,"March 29, 2025"
Islam Makhachev,Drew Dober,18,1,0,177.8,70.29,179.07,2.1,56.0,0.76,72.0,3.4,68.0,93.0,0.8,23,9,0,172.72,70.75,177.8,4.66,40.0,4.12,55.0,0.88,18.0,59.0,0.13,1.0,"March 06, 2021"
Jim Miller,Scott Holtzman,30,13,0,172.72,70.29,180.34,2.78,40.0,2.89,60.0,1.77,43.0,47.0,1.96,12,3,0,175.26,70.29,175.26,4.36,51.0,3.27,56.0,2.37,59.0,65.0,0.24,0.0,"February 15, 2020"
Clay Guida,Scott Holtzman,37,19,0,170.18,72.56,177.8,2.52,34.0,2.74,62.0,3.24,38.0,69.0,0.68,14,5,0,175.26,75.83,175.26,4.32,49.0,3.58,54.0,2.07,57.0,66.0,0.2,1.0,"December 03, 2022"
Rafael Dos Anjos,Michael Chiesa,29,11,0,,,177.8,,,,,1.89,,,,15,4,0,185.42,77.1,191.77,2.14,38.0,2.35,52.0,3.32,44.0,68.0,1.42,0.0,"January 25, 2020"
Renato Moicano,Drew Dober,17,5,1,180.34,78.1,182.88,4.75,48.0,4.07,61.0,1.66,47.0,74.0,0.71,27,12,0,172.72,77.1,177.8,4.58,40.0,4.46,52.0,0.68,17.0,57.0,0.09,1.0,"February 03, 2024"
Tony Ferguson,Michael Chiesa,26,10,0,180.34,70.52,194.31,4.94,46.0,4.41,55.0,0.39,35.0,67.0,0.9,18,7,0,185.42,77.1,191.77,1.87,41.0,1.7,54.0,3.33,51.0,61.0,0.97,0.0,"August 03, 2024"
Alexandre Pantoja,Kai Kara-France,29,5,0,165.1,56.46,170.18,4.41,50.0,3.92,50.0,2.74,47.0,68.0,0.89,25,11,0,162.56,56.69,175.26,4.56,40.0,3.22,65.0,0.61,33.0,88.0,0.0,1.0,"June 28, 2025"
Diego Sanchez,Michael Chiesa,31,11,0,177.8,77.1,184.15,2.83,37.0,3.07,58.0,1.48,22.0,51.0,0.76,15,4,0,185.42,77.1,191.77,2.14,38.0,2.35,52.0,3.32,44.0,68.0,1.42,0.0,"July 06, 2019"
Askar Askarov,Kai Kara-France,14,0,1,167.64,64.94,170.18,3.37,55.0,2.65,57.0,2.75,28.0,64.0,0.0,23,9,0,162.56,56.69,175.26,5.09,40.0,3.79,66.0,0.51,23.0,88.0,0.0,0.0,"March 26, 2022"
Rogerio Bontorin,Kai Kara-France,16,2,0,165.1,56.69,170.18,1.73,51.0,4.1,38.0,1.37,30.0,52.0,0.91,21,9,0,162.56,56.69,175.26,,,,,,,,,0.0,"March 06, 2021"
Brandon Moreno,Kai Kara-France,15,5,1,,,177.8,,,,,2.71,,,,20,7,0,162.56,56.69,175.26,4.8,42.0,2.77,68.0,1.0,29.0,91.0,0.0,1.0,"December 14, 2019"
Matt Schnell,Steve Erceg,16,7,0,172.72,63.49,177.8,4.24,40.0,4.46,56.0,0.63,44.0,47.0,1.1,11,1,0,172.72,62.22,172.72,4.27,48.0,3.57,49.0,2.0,33.0,78.0,1.0,0.0,"March 02, 2024"
Alexandre Pantoja,Steve Erceg,27,5,0,165.1,56.69,170.18,4.32,49.0,3.9,51.0,2.2,48.0,67.0,0.97,12,1,0,172.72,57.14,172.72,4.57,48.0,3.64,55.0,1.69,31.0,78.0,0.85,1.0,"May 04, 2024"
Brandon Moreno,Steve Erceg,22,8,2,170.18,61.22,177.8,3.99,44.0,3.53,61.0,1.59,46.0,64.0,0.42,12,3,0,172.72,56.92,172.72,4.37,49.0,4.22,53.0,1.16,26.0,61.0,0.47,1.0,"March 29, 2025"
Kai Kara-France,Steve Erceg,24,11,0,162.56,56.92,175.26,4.57,40.0,3.24,65.0,0.63,33.0,88.0,0.0,12,2,0,172.72,56.69,172.72,4.52,50.0,4.2,52.0,1.24,26.0,61.0,0.5,1.0,"August 17, 2024"
Matheus Nicolau,Alex Perez,19,4,1,167.64,63.49,167.64,3.66,54.0,3.14,67.0,1.48,45.0,93.0,0.89,24,8,0,167.64,56.92,166.37,4.12,46.0,3.14,59.0,2.26,44.0,83.0,1.03,0.0,"April 27, 2024"
Alexandre Pantoja,Alex Perez,24,5,0,165.1,61.22,170.18,4.24,48.0,3.34,55.0,1.26,38.0,67.0,1.14,24,6,0,167.64,64.13,166.37,4.62,48.0,3.08,61.0,2.92,46.0,88.0,1.33,1.0,"July 30, 2022"
Jordan Espinosa,Alex Perez,14,5,0,167.64,56.69,176.53,3.17,47.0,6.35,56.0,0.92,25.0,100.0,0.0,22,5,0,,,166.37,,,,,3.33,,,,0.0,"January 25, 2020"
Brandon Moreno,Kai Kara-France,19,6,2,170.18,56.24,177.8,3.54,40.0,3.31,57.0,1.84,48.0,69.0,0.67,24,9,0,162.56,61.68,175.26,4.84,40.0,3.51,65.0,0.43,21.0,87.0,0.0,1.0,"July 30, 2022"
Deiveson Figueiredo,Alex Perez,19,1,0,165.1,56.69,172.72,2.43,52.0,2.15,56.0,1.86,50.0,59.0,2.27,24,5,0,167.64,56.69,166.37,4.69,49.0,3.27,62.0,3.2,50.0,88.0,1.16,1.0,"November 21, 2020"
Jussier Formiga,Alex Perez,23,5,0,,,170.18,,,,,1.95,,,,22,5,0,,,166.37,,,,,3.47,,,,0.0,"June 06, 2020"
Muhammad Mokaev,Manel Kape,12,0,0,170.18,56.69,177.8,1.53,48.0,1.36,57.0,5.75,42.0,,1.03,19,6,0,165.1,58.73,172.72,5.12,55.0,4.51,60.0,0.65,38.0,78.0,0.44,1.0,"July 27, 2024"
Alexandre Pantoja,Manel Kape,22,5,0,165.1,56.69,171.45,4.58,47.0,3.53,57.0,1.1,35.0,61.0,1.28,15,4,0,,,,,,,,,,,,1.0,"February 06, 2021"
Brandon Royval,Matt Schnell,13,6,0,175.26,61.04,172.72,3.16,37.0,2.57,48.0,0.73,100.0,39.0,2.2,15,5,0,172.72,57.14,177.8,4.23,38.0,4.17,60.0,0.39,33.0,50.0,0.97,1.0,"May 07, 2022"
Alexandre Pantoja,Matt Schnell,21,4,0,,,171.45,,,,,0.75,,,,14,4,0,,,177.8,,,,,0.7,,,,1.0,"December 21, 2019"
Matheus Nicolau,Matt Schnell,18,3,1,167.64,56.92,167.64,3.64,52.0,3.09,67.0,1.46,43.0,93.0,0.98,16,6,0,172.72,57.14,177.8,4.34,40.0,4.44,57.0,0.68,44.0,50.0,1.18,1.0,"December 03, 2022"
Jordan Espinosa,Matt Schnell,14,5,0,167.64,56.69,176.53,3.13,45.0,6.73,55.0,1.0,33.0,100.0,0.0,13,4,0,172.72,56.69,177.8,3.69,35.0,3.69,63.0,0.72,40.0,55.0,1.45,0.0,"August 03, 2019"
Cody Durden,Joshua Van,17,6,1,170.18,57.14,170.18,3.35,50.0,3.31,51.0,4.36,51.0,73.0,0.87,11,2,0,165.1,57.14,165.1,8.39,54.0,6.09,59.0,1.62,64.0,83.0,0.0,0.0,"December 07, 2024"
Brandon Royval,Joshua Van,17,7,0,175.26,56.92,172.72,4.46,40.0,3.06,48.0,0.75,75.0,45.0,1.25,14,2,0,165.1,56.92,165.1,8.1,55.0,5.24,60.0,1.11,64.0,81.0,0.0,0.0,"June 28, 2025"
Bruno Silva,Joshua Van,14,6,2,162.56,57.14,165.1,3.54,49.0,4.08,52.0,1.92,25.0,60.0,0.19,14,2,0,165.1,56.92,165.1,8.1,55.0,5.24,60.0,1.11,64.0,81.0,0.0,0.0,"June 07, 2025"
David Dvorak,Manel Kape,20,4,0,165.1,56.92,173.99,3.87,44.0,3.0,62.0,0.0,0.0,81.0,0.32,17,6,0,165.1,64.4,172.72,4.69,53.0,4.59,52.0,0.77,29.0,80.0,0.0,0.0,"December 17, 2022"
Alex Perez,Tatsuro Taira,25,8,0,167.64,57.14,166.37,4.1,46.0,3.13,59.0,2.06,44.0,83.0,0.93,15,0,0,170.18,56.92,177.8,3.51,71.0,1.15,47.0,2.12,41.0,71.0,2.42,0.0,"June 15, 2024"
Edgar Chairez,Joshua Van,11,5,0,,,,,,,,,,,,10,2,0,165.1,56.69,165.1,8.55,53.0,6.34,59.0,1.2,50.0,81.0,0.0,0.0,"September 14, 2024"
Brandon Royval,Rogerio Bontorin,12,6,0,175.26,56.69,172.72,3.44,41.0,2.98,47.0,1.16,100.0,53.0,1.74,17,3,0,165.1,56.69,170.18,2.82,54.0,3.41,43.0,1.68,44.0,52.0,1.2,1.0,"January 15, 2022"
Matt Schnell,Rogerio Bontorin,15,5,0,172.72,56.69,177.8,4.2,37.0,4.02,63.0,0.48,33.0,54.0,1.21,16,3,0,165.1,56.69,170.18,2.19,51.0,3.12,38.0,1.9,40.0,52.0,1.58,0.0,"May 15, 2021"
Payton Talbott,Cameron Saaiman,7,0,0,177.8,66.21,179.07,6.66,52.0,3.12,51.0,0.0,0.0,89.0,0.58,9,1,0,172.72,66.67,170.18,5.28,47.0,3.24,56.0,1.0,36.0,44.0,0.75,1.0,"March 23, 2024"
Brandon Royval,Tatsuro Taira,16,7,0,175.26,57.14,172.72,4.33,37.0,3.42,46.0,0.47,60.0,40.0,1.1,16,0,0,170.18,57.14,177.8,3.56,66.0,1.7,47.0,2.35,47.0,63.0,2.09,1.0,"October 12, 2024"
Malcolm Wellmaker,Cameron Saaiman,1,0,0,,61.45,,8.05,67.0,7.65,55.0,0.0,0.0,100.0,0.0,9,2,0,172.72,66.67,170.18,5.32,47.0,4.18,52.0,0.91,29.0,47.0,0.69,1.0,"April 26, 2025"
Mana Martinez,Cameron Saaiman,10,3,0,177.8,61.68,177.8,4.43,52.0,4.03,49.0,0.95,43.0,27.0,0.63,7,0,0,172.72,61.22,170.18,4.06,47.0,1.81,60.0,0.55,33.0,40.0,0.55,0.0,"March 04, 2023"
Zhalgas Zhumagulov,Joshua Van,14,8,0,162.56,57.14,168.91,4.87,46.0,5.37,53.0,1.36,19.0,67.0,0.23,7,1,0,165.1,56.69,162.48,,,,,,,,,0.0,"June 24, 2023"
Payton Talbott,Nick Aguirre,1,0,0,177.8,66.21,179.07,9.67,51.0,5.07,51.0,0.0,0.0,94.0,0.0,7,1,0,175.26,64.4,187.96,0.93,32.0,3.13,45.0,0.0,,33.0,1.0,1.0,"November 18, 2023"
Diego Sanchez,Michel Pereira,32,12,0,177.8,66.21,184.15,2.7,38.0,3.1,57.0,1.41,22.0,46.0,0.71,23,9,0,185.42,77.1,185.42,3.36,55.0,1.12,50.0,0.0,,,0.0,1.0,"February 15, 2020"
Terrance McKinney,Damir Hadzovic,15,7,0,177.8,70.29,186.69,4.53,51.0,2.63,46.0,3.45,37.0,86.0,0.99,14,7,0,175.26,70.75,177.8,3.36,48.0,3.26,63.0,0.78,56.0,35.0,0.16,1.0,"February 01, 2025"
Jhonata Diniz,Alvin Hines,8,1,0,193.04,114.83,201.93,3.36,53.0,2.96,50.0,0.0,,69.0,0.0,0,0,0,,,,,,,,,,,,1.0,"June 28, 2025"
Marc Diakiese,Damir Hadzovic,15,5,0,177.8,70.75,185.42,2.84,40.0,2.56,54.0,3.17,43.0,63.0,0.0,14,6,0,175.26,70.52,177.8,3.42,48.0,2.97,68.0,0.59,50.0,32.0,0.29,1.0,"July 23, 2022"
Renato Moicano,Damir Hadzovic,13,2,1,,,182.88,,,,,1.16,,,,13,4,0,175.26,70.29,177.8,3.42,48.0,2.97,68.0,0.59,50.0,32.0,0.29,1.0,"March 14, 2020"
Yancy Medeiros,Damir Hadzovic,15,7,0,177.8,70.29,191.77,4.16,35.0,6.13,47.0,0.14,25.0,76.0,0.56,13,6,0,175.26,70.29,177.8,3.42,48.0,2.97,68.0,0.59,50.0,32.0,0.29,0.0,"June 26, 2021"
Terrance McKinney,Mike Breeden,13,6,0,177.8,74.83,186.69,3.17,48.0,2.6,44.0,3.74,41.0,83.0,1.07,10,5,0,177.8,70.52,177.8,5.43,42.0,6.38,42.0,1.44,38.0,59.0,0.0,1.0,"August 12, 2023"
Isaac Dulgarian,Brendon Marotte,6,1,0,,,180.34,,,,,6.06,,,,12,1,1,175.26,70.52,182.88,3.0,100.0,42.0,33.0,0.0,,,0.0,1.0,"September 07, 2024"
Jhonata Diniz,Karl Williams,7,0,0,193.04,117.91,201.93,4.31,49.0,3.92,45.0,0.0,,80.0,0.0,10,1,0,190.5,108.62,200.66,2.87,53.0,1.7,61.0,4.75,50.0,100.0,0.25,1.0,"August 10, 2024"
Alexander Hernandez,Mike Breeden,12,4,0,175.26,75.65,182.88,3.93,48.0,4.22,50.0,2.46,33.0,57.0,0.0,10,3,0,,79.09,,,,,,,,,,1.0,"October 02, 2021"
Terrance McKinney,Fares Ziam,11,3,0,177.8,73.47,186.69,1.73,57.0,0.58,67.0,4.33,33.0,,0.0,12,3,0,185.42,70.29,190.5,2.13,40.0,1.67,65.0,0.33,11.0,69.0,0.0,1.0,"February 26, 2022"
Natan Levy,Mike Breeden,6,1,0,175.26,70.29,180.34,,,,,,,,,10,3,0,,79.09,,,,,,,,,,1.0,"April 30, 2022"
Terrance McKinney,Erick Gonzalez,12,4,0,177.8,70.75,186.69,4.11,59.0,1.77,56.0,4.84,44.0,100.0,1.21,0,1,0,180.34,70.29,190.5,2.68,38.0,6.11,33.0,2.87,50.0,50.0,0.0,1.0,"August 06, 2022"
Jai Herbert,Fares Ziam,12,4,1,185.42,70.75,195.58,2.55,43.0,2.92,45.0,0.25,25.0,52.0,0.0,13,4,0,185.42,70.75,190.5,2.52,45.0,1.7,66.0,0.96,25.0,71.0,0.0,0.0,"July 22, 2023"
Jamie Mullarkey,Fares Ziam,12,3,0,182.88,70.29,187.96,,,,,,,,,0,1,0,185.42,70.29,190.5,,,,,,,,,0.0,"October 17, 2020"
