r_name,b_name,winner_id,date
Benoit Saint Denis,Mauricio Ruffy,1.0,"September 06, 2025"
King Green,Mauricio Ruffy,0.0,"March 08, 2025"
Benoit Saint Denis,Kyle Prepolec,1.0,"May 10, 2025"
Nordine Taleb,Kyle Prepolec,1.0,"May 04, 2019"
Benoit Saint Denis,Thiago Moises,1.0,"September 02, 2023"
Michael Johnson,Thiago Moises,0.0,"May 13, 2020"
Jared Gordon,Thiago Moises,1.0,"May 17, 2025"
Alexander Hernandez,Thiago Moises,0.0,"February 27, 2021"
King Green,Thiago Moises,0.0,"October 31, 2020"
Islam Makhachev,Thiago Moises,1.0,"July 17, 2021"
Damir Ismagulov,Thiago Moises,1.0,"August 31, 2019"
Benoit Saint Denis,Gabriel Miranda,1.0,"September 03, 2022"
Jamall Emmers,Gabriel Miranda,1.0,"March 29, 2025"
Morgan Charriere,Gabriel Miranda,1.0,"September 28, 2024"
Shane Young,Gabriel Miranda,0.0,"September 09, 2023"
Nassourdine Imavov,Caio Borralho,1.0,"September 06, 2025"
Jared Cannonier,Caio Borralho,0.0,"August 24, 2024"
Paul Craig,Caio Borralho,0.0,"May 04, 2024"
Makhmud Muradov,Caio Borralho,0.0,"October 22, 2022"
Nassourdine Imavov,Brendan Allen,1.0,"September 28, 2024"
Marvin Vettori,Brendan Allen,0.0,"July 19, 2025"
Punahele Soriano,Brendan Allen,0.0,"July 24, 2021"
Andre Muniz,Brendan Allen,0.0,"February 25, 2023"
Krzysztof Jotko,Brendan Allen,0.0,"October 01, 2022"
Sam Alvey,Brendan Allen,0.0,"February 05, 2022"
Karl Roberson,Brendan Allen,0.0,"April 24, 2021"
Nassourdine Imavov,Chris Curtis,0.0,"June 10, 2023"
Max Griffin,Chris Curtis,0.0,"July 12, 2025"
Jack Hermansson,Chris Curtis,1.0,"July 23, 2022"
Brendan Allen,Chris Curtis,1.0,"April 06, 2024"
Brendan Allen,Chris Curtis,0.0,"December 04, 2021"
Phil Hawes,Chris Curtis,0.0,"November 06, 2021"
Nassourdine Imavov,Joaquin Buckley,1.0,"September 03, 2022"
Kevin Holland,Joaquin Buckley,1.0,"August 08, 2020"
Stephen Thompson,Joaquin Buckley,0.0,"October 05, 2024"
Kamaru Usman,Joaquin Buckley,1.0,"June 14, 2025"
Vicente Luque,Joaquin Buckley,0.0,"March 30, 2024"
Alex Morono,Joaquin Buckley,0.0,"October 07, 2023"
Chris Curtis,Joaquin Buckley,1.0,"December 10, 2022"
Colby Covington,Joaquin Buckley,0.0,"December 14, 2024"
Andre Fialho,Joaquin Buckley,0.0,"May 20, 2023"
Impa Kasanganay,Joaquin Buckley,0.0,"October 10, 2020"
Nassourdine Imavov,Ian Heinisch,1.0,"July 24, 2021"
Kelvin Gastelum,Ian Heinisch,1.0,"February 13, 2021"
Derek Brunson,Ian Heinisch,1.0,"August 17, 2019"
Antonio Carlos Junior,Ian Heinisch,0.0,"May 18, 2019"
Modestas Bukauskas,Paul Craig,1.0,"September 06, 2025"
Nikita Krylov,Paul Craig,0.0,"March 19, 2022"
Kennedy Nzechukwu,Paul Craig,0.0,"March 30, 2019"
Alonzo Menifield,Paul Craig,1.0,"June 29, 2019"
Brendan Allen,Paul Craig,1.0,"November 18, 2023"
Bo Nickal,Paul Craig,1.0,"November 16, 2024"
Mauricio Rua,Paul Craig,0.0,"November 21, 2020"
Mauricio Rua,Paul Craig,0.0,"November 16, 2019"
Vinicius Moreira,Paul Craig,0.0,"September 21, 2019"
Modestas Bukauskas,Ion Cutelaba,1.0,"May 10, 2025"
Johnny Walker,Ion Cutelaba,1.0,"September 10, 2022"
Ryan Spann,Ion Cutelaba,1.0,"May 14, 2022"
Kennedy Nzechukwu,Ion Cutelaba,1.0,"November 19, 2022"
Magomed Ankalaev,Ion Cutelaba,1.0,"October 24, 2020"
Tanner Boser,Ion Cutelaba,0.0,"April 15, 2023"
Glover Teixeira,Ion Cutelaba,1.0,"April 27, 2019"
Modestas Bukauskas,Rafael Cerqueira,1.0,"February 22, 2025"
Julius Walker,Rafael Cerqueira,1.0,"August 09, 2025"
Ibo Aslan,Rafael Cerqueira,1.0,"October 26, 2024"
Modestas Bukauskas,Marcin Prachnio,1.0,"July 27, 2024"
Jimmy Crute,Marcin Prachnio,1.0,"July 19, 2025"
Vitor Petrino,Marcin Prachnio,1.0,"July 08, 2023"
Devin Clark,Marcin Prachnio,0.0,"February 10, 2024"
Khalil Rountree Jr.,Marcin Prachnio,0.0,"January 23, 2021"
William Knight,Marcin Prachnio,0.0,"February 18, 2023"
Modestas Bukauskas,Khalil Rountree Jr.,0.0,"September 04, 2021"
Eryk Anders,Khalil Rountree Jr.,0.0,"April 13, 2019"
Jamahal Hill,Khalil Rountree Jr.,0.0,"June 21, 2025"
Dustin Jacoby,Khalil Rountree Jr.,0.0,"October 29, 2022"
Anthony Smith,Khalil Rountree Jr.,0.0,"December 09, 2023"
Alex Pereira,Khalil Rountree Jr.,1.0,"October 05, 2024"
Ion Cutelaba,Khalil Rountree Jr.,1.0,"September 28, 2019"
Modestas Bukauskas,Michal Oleksiejczuk,0.0,"March 27, 2021"
Michel Pereira,Michal Oleksiejczuk,1.0,"March 09, 2024"
Gerald Meerschaert,Michal Oleksiejczuk,0.0,"August 16, 2025"
Cody Brundage,Michal Oleksiejczuk,0.0,"December 17, 2022"
Kevin Holland,Michal Oleksiejczuk,1.0,"June 01, 2024"
Jimmy Crute,Michal Oleksiejczuk,1.0,"February 22, 2020"
Shara Magomedov,Michal Oleksiejczuk,1.0,"August 03, 2024"
Dustin Jacoby,Michal Oleksiejczuk,1.0,"March 05, 2022"
Sedriques Dumas,Michal Oleksiejczuk,0.0,"April 12, 2025"
Chidi Njokuani,Michal Oleksiejczuk,0.0,"August 26, 2023"
Caio Borralho,Michal Oleksiejczuk,1.0,"April 29, 2023"
Sam Alvey,Michal Oleksiejczuk,0.0,"August 06, 2022"
Gian Villante,Michal Oleksiejczuk,0.0,"February 23, 2019"
Shamil Gamzatov,Michal Oleksiejczuk,0.0,"October 30, 2021"
Gadzhimurad Antigulov,Michal Oleksiejczuk,0.0,"April 20, 2019"
Modestas Bukauskas,Andreas Michailidis,1.0,"July 15, 2020"
Alex Pereira,Andreas Michailidis,1.0,"November 06, 2021"
Rinat Fakhretdinov,Andreas Michailidis,1.0,"June 04, 2022"
Bolaji Oki,Mason Jones,0.0,"September 06, 2025"
Jeremy Stephens,Mason Jones,0.0,"May 03, 2025"
Mike Davis,Mason Jones,1.0,"January 20, 2021"
Alan Patrick,Mason Jones,0.0,"June 05, 2021"
Bolaji Oki,Michael Aswell,1.0,"May 31, 2025"
Bolaji Oki,Chris Duncan,0.0,"September 28, 2024"
Mateusz Rebecki,Chris Duncan,0.0,"August 02, 2025"
Jordan Vucenic,Chris Duncan,0.0,"March 22, 2025"
Manuel Torres,Chris Duncan,1.0,"February 24, 2024"
Bolaji Oki,Timmy Cuamba,1.0,"February 10, 2024"
Axel Sola,Rhys McKee,1.0,"September 06, 2025"
Chidi Njokuani,Rhys McKee,1.0,"March 30, 2024"
Alex Morono,Rhys McKee,1.0,"November 14, 2020"
Ange Loosa,Rhys McKee,1.0,"September 02, 2023"
Khamzat Chimaev,Rhys McKee,1.0,"July 25, 2020"
Oumar Sy,Brendson Ribeiro,1.0,"September 06, 2025"
Azamat Murzakanov,Brendson Ribeiro,1.0,"June 07, 2025"
Diyar Nurgozhay,Brendson Ribeiro,0.0,"March 15, 2025"
Magomed Gadzhiyasulov,Brendson Ribeiro,1.0,"June 22, 2024"
Zhang Mingyang,Brendson Ribeiro,1.0,"February 17, 2024"
Caio Machado,Brendson Ribeiro,0.0,"November 02, 2024"
Oumar Sy,Da Woon Jung,1.0,"September 28, 2024"
Kennedy Nzechukwu,Da Woon Jung,0.0,"November 13, 2021"
Dustin Jacoby,Da Woon Jung,1.0,"July 16, 2022"
Carlos Ulberg,Da Woon Jung,1.0,"September 09, 2023"
Oumar Sy,Tuco Tokkos,1.0,"May 18, 2024"
Junior Tafa,Tuco Tokkos,0.0,"July 12, 2025"
Navajo Stirling,Tuco Tokkos,1.0,"December 14, 2024"
William Gomis,Robert Ruchala,1.0,"September 06, 2025"
William Gomis,Joanderson Brito,1.0,"September 28, 2024"
Andre Fili,Joanderson Brito,0.0,"April 30, 2022"
Pat Sabatini,Joanderson Brito,1.0,"April 05, 2025"
Jack Shore,Joanderson Brito,0.0,"May 04, 2024"
Jonathan Pearce,Joanderson Brito,0.0,"November 18, 2023"
Bill Algeo,Joanderson Brito,1.0,"January 15, 2022"
William Gomis,Yanis Ghemmouri,1.0,"September 02, 2023"
Payton Talbott,Yanis Ghemmouri,1.0,"June 29, 2024"
William Gomis,Jarno Errens,1.0,"September 03, 2022"
SeungWoo Choi,Jarno Errens,1.0,"August 26, 2023"
Youssef Zalal,Jarno Errens,1.0,"August 10, 2024"
Marcin Tybura,Ante Delija,0.0,"September 06, 2025"
Marcin Tybura,Mick Parkin,1.0,"March 22, 2025"
Mohammed Usman,Mick Parkin,0.0,"March 23, 2024"
Marcin Tybura,Jhonata Diniz,1.0,"November 16, 2024"
Austen Lane,Jhonata Diniz,0.0,"April 27, 2024"
Marcin Tybura,Serghei Spivac,0.0,"August 10, 2024"
Marcin Tybura,Serghei Spivac,1.0,"February 29, 2020"
Derrick Lewis,Serghei Spivac,0.0,"February 04, 2023"
Jailton Almeida,Serghei Spivac,1.0,"January 18, 2025"
Ciryl Gane,Serghei Spivac,1.0,"September 02, 2023"
Tai Tuivasa,Serghei Spivac,0.0,"October 05, 2019"
Tom Aspinall,Serghei Spivac,1.0,"September 04, 2021"
Augusto Sakai,Serghei Spivac,0.0,"August 06, 2022"
Aleksei Oleinik,Serghei Spivac,0.0,"June 19, 2021"
Walt Harris,Serghei Spivac,1.0,"May 04, 2019"
Carlos Felipe,Serghei Spivac,0.0,"July 18, 2020"
Marcin Tybura,Blagoy Ivanov,1.0,"February 04, 2023"
Derrick Lewis,Blagoy Ivanov,1.0,"November 02, 2019"
Alexandr Romanov,Blagoy Ivanov,1.0,"July 01, 2023"
Tai Tuivasa,Blagoy Ivanov,0.0,"June 08, 2019"
Marcin Tybura,Alexandr Romanov,1.0,"August 20, 2022"
Jailton Almeida,Alexandr Romanov,1.0,"June 01, 2024"
Alexander Volkov,Alexandr Romanov,1.0,"March 11, 2023"
Marcin Tybura,Greg Hardy,1.0,"December 19, 2020"
Serghei Spivac,Greg Hardy,1.0,"March 05, 2022"
Tai Tuivasa,Greg Hardy,1.0,"July 10, 2021"
Alexander Volkov,Greg Hardy,1.0,"November 09, 2019"
Maurice Greene,Greg Hardy,0.0,"October 31, 2020"
Marcin Tybura,Maxim Grishin,1.0,"July 11, 2020"
Dustin Jacoby,Maxim Grishin,1.0,"February 27, 2021"
Philipe Lins,Maxim Grishin,1.0,"June 03, 2023"
William Knight,Maxim Grishin,0.0,"February 12, 2022"
Gadzhimurad Antigulov,Maxim Grishin,0.0,"October 17, 2020"
Marcin Tybura,Augusto Sakai,0.0,"September 14, 2019"
Andrei Arlovski,Augusto Sakai,0.0,"April 27, 2019"
Jairzinho Rozenstruik,Augusto Sakai,1.0,"June 05, 2021"
Blagoy Ivanov,Augusto Sakai,0.0,"May 30, 2020"
Alistair Overeem,Augusto Sakai,1.0,"September 05, 2020"
Marcin Tybura,Shamil Abdurakhimov,0.0,"April 20, 2019"
Curtis Blaydes,Shamil Abdurakhimov,1.0,"September 07, 2019"
Harry Hardwick,Kaue Fernandes,0.0,"September 06, 2025"
Mohammad Yahya,Kaue Fernandes,0.0,"August 03, 2024"
Guram Kutateladze,Kaue Fernandes,0.0,"March 22, 2025"
Andreas Gustafsson,Rinat Fakhretdinov,0.0,"September 06, 2025"
Bryan Battle,Rinat Fakhretdinov,0.0,"December 17, 2022"
Kevin Lee,Rinat Fakhretdinov,0.0,"July 01, 2023"
Sam Patterson,Trey Waters,1.0,"September 06, 2025"
Billy Ray Goff,Trey Waters,0.0,"May 11, 2024"
Josh Quinlan,Trey Waters,0.0,"April 29, 2023"
Sam Patterson,Kiefer Crosbie,1.0,"July 27, 2024"
Taiyilake Nueraji,Kiefer Crosbie,1.0,"August 23, 2025"
Kevin Jousset,Kiefer Crosbie,1.0,"September 09, 2023"
Sam Patterson,Yanal Ashmouz,0.0,"March 18, 2023"
Quillan Salkilld,Yanal Ashmouz,1.0,"June 07, 2025"
Trevor Peek,Yanal Ashmouz,0.0,"September 07, 2024"
Chris Duncan,Yanal Ashmouz,1.0,"July 22, 2023"
Brad Tavares,Robert Bryczek,0.0,"September 06, 2025"
Brad Tavares,Gerald Meerschaert,1.0,"April 05, 2025"
Eryk Anders,Gerald Meerschaert,1.0,"October 12, 2019"
Kevin Holland,Gerald Meerschaert,1.0,"March 30, 2019"
Edmen Shahbazyan,Gerald Meerschaert,0.0,"August 24, 2024"
Dustin Stoltzfus,Gerald Meerschaert,0.0,"December 18, 2021"
Andre Petroski,Gerald Meerschaert,1.0,"August 19, 2023"
Trevin Giles,Gerald Meerschaert,0.0,"August 03, 2019"
Makhmud Muradov,Gerald Meerschaert,0.0,"August 28, 2021"
Krzysztof Jotko,Gerald Meerschaert,1.0,"April 30, 2022"
Khamzat Chimaev,Gerald Meerschaert,1.0,"September 19, 2020"
Bruno Silva,Gerald Meerschaert,0.0,"August 13, 2022"
Bartosz Fabinski,Gerald Meerschaert,0.0,"April 17, 2021"
Ian Heinisch,Gerald Meerschaert,1.0,"June 06, 2020"
Brad Tavares,JunYong Park,0.0,"October 12, 2024"
Eryk Anders,JunYong Park,0.0,"May 21, 2022"
Ismail Naurdiev,JunYong Park,0.0,"June 21, 2025"
Albert Duraev,JunYong Park,0.0,"July 15, 2023"
Joseph Holmes,JunYong Park,0.0,"October 29, 2022"
Brad Tavares,Gregory Rodrigues,0.0,"February 10, 2024"
Jared Cannonier,Gregory Rodrigues,1.0,"February 15, 2025"
Jack Hermansson,Gregory Rodrigues,0.0,"June 28, 2025"
Christian Leroy Duncan,Gregory Rodrigues,0.0,"July 27, 2024"
Chidi Njokuani,Gregory Rodrigues,0.0,"September 17, 2022"
Julian Marquez,Gregory Rodrigues,0.0,"June 18, 2022"
JunYong Park,Gregory Rodrigues,0.0,"October 23, 2021"
Armen Petrosyan,Gregory Rodrigues,1.0,"February 26, 2022"
Dusko Todorovic,Gregory Rodrigues,0.0,"June 05, 2021"
Brad Tavares,Bruno Silva,0.0,"April 22, 2023"
Shara Magomedov,Bruno Silva,1.0,"October 21, 2023"
Ismail Naurdiev,Bruno Silva,1.0,"October 26, 2024"
Marc-Andre Barriault,Bruno Silva,1.0,"May 10, 2025"
Alex Pereira,Bruno Silva,1.0,"March 12, 2022"
Brendan Allen,Bruno Silva,1.0,"June 24, 2023"
Chris Weidman,Bruno Silva,1.0,"March 30, 2024"
Wellington Turman,Bruno Silva,0.0,"June 19, 2021"
Jordan Wright,Bruno Silva,0.0,"December 11, 2021"
Andrew Sanchez,Bruno Silva,0.0,"October 16, 2021"
Brad Tavares,Dricus Du Plessis,0.0,"July 02, 2022"
Robert Whittaker,Dricus Du Plessis,0.0,"July 08, 2023"
Sean Strickland,Dricus Du Plessis,0.0,"January 20, 2024"
Trevin Giles,Dricus Du Plessis,0.0,"July 10, 2021"
Derek Brunson,Dricus Du Plessis,0.0,"March 04, 2023"
Darren Till,Dricus Du Plessis,0.0,"December 10, 2022"
Markus Perez,Dricus Du Plessis,0.0,"October 10, 2020"
Brad Tavares,Antonio Carlos Junior,1.0,"January 23, 2021"
Uriah Hall,Antonio Carlos Junior,1.0,"September 14, 2019"
Brad Tavares,Edmen Shahbazyan,0.0,"November 02, 2019"
Jack Hermansson,Edmen Shahbazyan,1.0,"May 22, 2021"
Derek Brunson,Edmen Shahbazyan,1.0,"August 01, 2020"
Dricus Du Plessis,Israel Adesanya,1.0,"August 17, 2024"
Robert Whittaker,Israel Adesanya,0.0,"October 05, 2019"
Kelvin Gastelum,Israel Adesanya,0.0,"April 13, 2019"
Jan Blachowicz,Israel Adesanya,1.0,"March 06, 2021"
Alex Pereira,Israel Adesanya,0.0,"April 08, 2023"
Derek Brunson,Elias Theodorou,1.0,"May 04, 2019"
Israel Adesanya,Robert Whittaker,1.0,"February 12, 2022"
Israel Adesanya,Yoel Romero,1.0,"March 07, 2020"
Johnny Walker,Zhang Mingyang,1.0,"August 23, 2025"
Anthony Smith,Zhang Mingyang,0.0,"April 26, 2025"
Johnny Walker,Volkan Oezdemir,0.0,"June 22, 2024"
Paul Craig,Volkan Oezdemir,0.0,"July 23, 2022"
Magomed Ankalaev,Volkan Oezdemir,1.0,"October 30, 2021"
Johnny Walker,Jamahal Hill,0.0,"February 19, 2022"
Jimmy Crute,Jamahal Hill,0.0,"December 04, 2021"
Paul Craig,Jamahal Hill,1.0,"June 12, 2021"
Alex Pereira,Jamahal Hill,1.0,"April 13, 2024"
Jiri Prochazka,Jamahal Hill,1.0,"January 18, 2025"
Ovince Saint Preux,Jamahal Hill,0.0,"December 05, 2020"
Glover Teixeira,Jamahal Hill,0.0,"January 21, 2023"
Thiago Santos,Jamahal Hill,0.0,"August 06, 2022"
Johnny Walker,Ryan Spann,1.0,"September 19, 2020"
Nikita Krylov,Ryan Spann,1.0,"March 11, 2023"
Anthony Smith,Ryan Spann,1.0,"August 26, 2023"
Anthony Smith,Ryan Spann,1.0,"September 18, 2021"
Waldo Cortes-Acosta,Ryan Spann,1.0,"March 15, 2025"
Dominick Reyes,Ryan Spann,0.0,"November 12, 2022"
Misha Cirkunov,Ryan Spann,0.0,"March 13, 2021"
Rogerio Nogueira,Ryan Spann,0.0,"May 11, 2019"
Johnny Walker,Nikita Krylov,0.0,"March 14, 2020"
Volkan Oezdemir,Nikita Krylov,0.0,"October 22, 2022"
Ovince Saint Preux,Nikita Krylov,0.0,"April 13, 2019"
Glover Teixeira,Nikita Krylov,1.0,"September 14, 2019"
Johnny Walker,Justin Ledet,1.0,"February 02, 2019"
Dustin Jacoby,Justin Ledet,1.0,"October 31, 2020"
Aleksa Camur,Justin Ledet,1.0,"January 18, 2020"
Shauna Bannon,Sam Hughes,0.0,"September 06, 2025"
Piera Rodriguez,Sam Hughes,1.0,"October 15, 2022"
Elise Reed,Sam Hughes,0.0,"May 21, 2022"
Tecia Pennington,Sam Hughes,1.0,"December 12, 2020"
Jaqueline Amorim,Sam Hughes,0.0,"April 08, 2023"
Loma Lookboonmee,Sam Hughes,1.0,"May 01, 2021"
Stephanie Luciano,Sam Hughes,0.0,"March 15, 2025"
Luana Pinheiro,Sam Hughes,1.0,"November 20, 2021"
Yazmin Jauregui,Sam Hughes,1.0,"February 24, 2024"
Viktoriia Dudakova,Sam Hughes,0.0,"August 03, 2024"
Istela Nunes,Sam Hughes,0.0,"April 16, 2022"
Shauna Bannon,Puja Tomar,1.0,"March 22, 2025"
Rayanne dos Santos,Puja Tomar,0.0,"June 08, 2024"
Shauna Bannon,Alice Ardelean,1.0,"July 27, 2024"
Rayanne dos Santos,Alice Ardelean,0.0,"May 31, 2025"
Melissa Martinez,Alice Ardelean,1.0,"October 19, 2024"
Shauna Bannon,Bruna Brasil,0.0,"July 22, 2023"
Loma Lookboonmee,Bruna Brasil,1.0,"February 10, 2024"
Molly McCann,Bruna Brasil,0.0,"July 27, 2024"
Wang Cong,Bruna Brasil,1.0,"February 08, 2025"
Brian Ortega,Aljamain Sterling,0.0,"August 23, 2025"
Petr Yan,Aljamain Sterling,0.0,"March 06, 2021"
Calvin Kattar,Aljamain Sterling,0.0,"April 13, 2024"
Movsar Evloev,Aljamain Sterling,1.0,"December 07, 2024"
Jimmie Rivera,Aljamain Sterling,0.0,"February 17, 2019"
Brian Ortega,Diego Lopes,0.0,"September 14, 2024"
Dan Ige,Diego Lopes,0.0,"June 29, 2024"
Sodiq Yusuff,Diego Lopes,0.0,"April 13, 2024"
Alexander Volkanovski,Diego Lopes,1.0,"April 12, 2025"
Movsar Evloev,Diego Lopes,1.0,"May 06, 2023"
Brian Ortega,Yair Rodriguez,0.0,"July 16, 2022"
Max Holloway,Yair Rodriguez,1.0,"November 13, 2021"
Alexander Volkanovski,Yair Rodriguez,1.0,"July 08, 2023"
Brian Ortega,Chan Sung Jung,1.0,"October 17, 2020"
Max Holloway,Chan Sung Jung,1.0,"August 26, 2023"
Alexander Volkanovski,Chan Sung Jung,1.0,"April 09, 2022"
Renato Moicano,Chan Sung Jung,0.0,"June 22, 2019"
Frankie Edgar,Chan Sung Jung,0.0,"December 21, 2019"
Beneil Dariush,Renato Moicano,1.0,"June 28, 2025"
Jose Aldo,Renato Moicano,1.0,"February 02, 2019"
Alexander Hernandez,Renato Moicano,0.0,"February 12, 2022"
Jalin Turner,Renato Moicano,0.0,"April 13, 2024"
Islam Makhachev,Renato Moicano,1.0,"January 18, 2025"
Brad Riddell,Renato Moicano,0.0,"November 12, 2022"
Rafael Dos Anjos,Renato Moicano,1.0,"March 05, 2022"
Michael Johnson,Clay Guida,0.0,"February 06, 2021"
Jim Miller,Clay Guida,1.0,"August 03, 2019"
BJ Penn,Clay Guida,0.0,"May 11, 2019"
Sergei Pavlovich,Waldo Cortes-Acosta,1.0,"August 23, 2025"
Serghei Spivac,Waldo Cortes-Acosta,0.0,"June 07, 2025"
Andrei Arlovski,Waldo Cortes-Acosta,0.0,"January 13, 2024"
Marcos Rogerio de Lima,Waldo Cortes-Acosta,1.0,"April 29, 2023"
Chase Sherman,Waldo Cortes-Acosta,0.0,"November 19, 2022"
Sergei Pavlovich,Jairzinho Rozenstruik,1.0,"February 01, 2025"
Curtis Blaydes,Jairzinho Rozenstruik,1.0,"September 25, 2021"
Tai Tuivasa,Jairzinho Rozenstruik,0.0,"August 17, 2024"
Andrei Arlovski,Jairzinho Rozenstruik,0.0,"November 02, 2019"
Alexander Volkov,Jairzinho Rozenstruik,1.0,"June 04, 2022"
Francis Ngannou,Jairzinho Rozenstruik,1.0,"May 09, 2020"
Alistair Overeem,Jairzinho Rozenstruik,0.0,"December 07, 2019"
Junior Dos Santos,Jairzinho Rozenstruik,0.0,"August 15, 2020"
Allen Crowder,Jairzinho Rozenstruik,0.0,"June 22, 2019"
Junior Albini,Jairzinho Rozenstruik,0.0,"February 02, 2019"
Sergei Pavlovich,Alexander Volkov,0.0,"June 22, 2024"
Curtis Blaydes,Alexander Volkov,1.0,"June 20, 2020"
Ciryl Gane,Alexander Volkov,1.0,"December 07, 2024"
Ciryl Gane,Alexander Volkov,1.0,"June 26, 2021"
Tai Tuivasa,Alexander Volkov,0.0,"September 09, 2023"
Alistair Overeem,Alexander Volkov,0.0,"February 06, 2021"
Sergei Pavlovich,Tom Aspinall,0.0,"November 11, 2023"
Curtis Blaydes,Tom Aspinall,1.0,"July 23, 2022"
Andrei Arlovski,Tom Aspinall,0.0,"February 20, 2021"
Alexander Volkov,Tom Aspinall,0.0,"March 19, 2022"
Sergei Pavlovich,Curtis Blaydes,1.0,"April 22, 2023"
Tom Aspinall,Curtis Blaydes,1.0,"July 27, 2024"
Sergei Pavlovich,Marcelo Golm,1.0,"April 20, 2019"
Sumudaerji,Kevin Borjas,1.0,"August 23, 2025"
Ronaldo Rodriguez,Kevin Borjas,0.0,"March 29, 2025"
Joshua Van,Kevin Borjas,1.0,"November 11, 2023"
Alessandro Costa,Kevin Borjas,1.0,"May 04, 2024"
Sumudaerji,Mitch Raposo,1.0,"April 12, 2025"
Sumudaerji,Zarrukh Adashev,1.0,"January 20, 2021"
Ode Osbourne,Zarrukh Adashev,1.0,"June 04, 2022"
Tyson Nam,Zarrukh Adashev,1.0,"June 13, 2020"
Ryan Benoit,Zarrukh Adashev,0.0,"July 31, 2021"
Sumudaerji,Malcolm Gordon,1.0,"November 28, 2020"
Jake Hadley,Malcolm Gordon,1.0,"March 18, 2023"
Muhammad Mokaev,Malcolm Gordon,1.0,"October 22, 2022"
Francisco Figueiredo,Malcolm Gordon,0.0,"July 17, 2021"
Sumudaerji,Andre Soukhamthath,1.0,"August 31, 2019"
Montel Jackson,Andre Soukhamthath,1.0,"April 13, 2019"
Davey Grant,Louis Smolka,1.0,"May 14, 2022"
Maheshate,Gauge Young,0.0,"August 23, 2025"
Evan Elder,Gauge Young,1.0,"April 26, 2025"
Maheshate,Nikolas Motta,0.0,"November 23, 2024"
Nazim Sadykhov,Nikolas Motta,1.0,"June 21, 2025"
Jim Miller,Nikolas Motta,1.0,"February 19, 2022"
Manuel Torres,Nikolas Motta,1.0,"June 17, 2023"
Trey Ogden,Nikolas Motta,0.0,"November 18, 2023"
Maheshate,Viacheslav Borshchev,0.0,"May 20, 2023"
Chase Hooper,Viacheslav Borshchev,1.0,"May 11, 2024"
Terrance McKinney,Viacheslav Borshchev,1.0,"June 28, 2025"
Nazim Sadykhov,Viacheslav Borshchev,0.0,"November 11, 2023"
Tom Nolan,Viacheslav Borshchev,1.0,"February 08, 2025"
Marc Diakiese,Viacheslav Borshchev,1.0,"March 26, 2022"
Mike Davis,Viacheslav Borshchev,1.0,"October 01, 2022"
Dakota Bush,Viacheslav Borshchev,0.0,"January 15, 2022"
Maheshate,Steve Garcia,1.0,"June 11, 2022"
Chase Hooper,Steve Garcia,0.0,"October 29, 2022"
Calvin Kattar,Steve Garcia,0.0,"July 12, 2025"
Shayilan Nuerdanbieke,Steve Garcia,0.0,"April 08, 2023"
Luis Pena,Steve Garcia,1.0,"February 29, 2020"
Rongzhu,Austin Hubbard,1.0,"August 23, 2025"
MarQuel Mederos,Austin Hubbard,1.0,"March 29, 2025"
Kurt Holobaugh,Austin Hubbard,1.0,"August 19, 2023"
Vinc Pichel,Austin Hubbard,1.0,"August 21, 2021"
Davi Ramos,Austin Hubbard,1.0,"May 18, 2019"
Mark Madsen,Austin Hubbard,1.0,"March 07, 2020"
Kyle Prepolec,Austin Hubbard,0.0,"September 14, 2019"
Rongzhu,Kody Steele,1.0,"February 08, 2025"
Rongzhu,Chris Padilla,0.0,"September 07, 2024"
Jai Herbert,Chris Padilla,0.0,"March 22, 2025"
James Llontop,Chris Padilla,0.0,"April 27, 2024"
Rongzhu,Ignacio Bahamondes,0.0,"February 26, 2022"
Rafael Fiziev,Ignacio Bahamondes,1.0,"June 21, 2025"
Manuel Torres,Ignacio Bahamondes,0.0,"September 14, 2024"
Jalin Turner,Ignacio Bahamondes,0.0,"March 08, 2025"
John Makdessi,Ignacio Bahamondes,1.0,"April 10, 2021"
Roosevelt Roberts,Ignacio Bahamondes,0.0,"August 21, 2021"
Rongzhu,Brandon Jenkins,1.0,"September 18, 2021"
Drakkar Klose,Brandon Jenkins,1.0,"April 16, 2022"
Charles Johnson,Lone'er Kavanagh,1.0,"August 23, 2025"
Charles Johnson,Ramazan Temirov,0.0,"March 01, 2025"
CJ Vergara,Ramazan Temirov,0.0,"October 12, 2024"
Charles Johnson,Sumudaerji,1.0,"October 19, 2024"
Tim Elliott,Sumudaerji,1.0,"December 09, 2023"
Matt Schnell,Sumudaerji,1.0,"July 16, 2022"
Charles Johnson,Jake Hadley,1.0,"May 11, 2024"
Cody Durden,Jake Hadley,1.0,"August 05, 2023"
Carlos Candelario,Jake Hadley,0.0,"November 05, 2022"
Charles Johnson,Rafael Estevam,0.0,"November 18, 2023"
Charles Johnson,Jimmy Flick,1.0,"January 14, 2023"
Matt Schnell,Jimmy Flick,1.0,"April 26, 2025"
Malcolm Gordon,Jimmy Flick,0.0,"January 20, 2024"
Charles Johnson,Zhalgas Zhumagulov,1.0,"November 19, 2022"
Manel Kape,Zhalgas Zhumagulov,1.0,"December 04, 2021"
Amir Albazi,Zhalgas Zhumagulov,1.0,"January 23, 2021"
Raulian Paiva,Zhalgas Zhumagulov,1.0,"July 11, 2020"
Jeff Molina,Zhalgas Zhumagulov,1.0,"June 04, 2022"
Xiao Long,SuYoung You,0.0,"August 23, 2025"
Baergeng Jieleyisi,SuYoung You,0.0,"November 23, 2024"
Xiao Long,Quang Le,1.0,"November 23, 2024"
Gaston Bolanos,Quang Le,0.0,"May 03, 2025"
Chris Gutierrez,Quang Le,1.0,"August 10, 2024"
Xiao Long,ChangHo Lee,0.0,"June 22, 2024"
Cortavious Romious,ChangHo Lee,0.0,"April 05, 2025"
Michel Pereira,Kyle Daukaus,0.0,"August 23, 2025"
Roman Dolidze,Kyle Daukaus,1.0,"June 18, 2022"
Eryk Anders,Kyle Daukaus,1.0,"December 03, 2022"
Kevin Holland,Kyle Daukaus,0.0,"October 02, 2021"
Brendan Allen,Kyle Daukaus,1.0,"June 27, 2020"
Phil Hawes,Kyle Daukaus,1.0,"May 08, 2021"
Michel Pereira,Abus Magomedov,0.0,"April 26, 2025"
Sean Strickland,Abus Magomedov,1.0,"July 01, 2023"
Caio Borralho,Abus Magomedov,1.0,"November 04, 2023"
Michel Pereira,Ihor Potieria,1.0,"May 04, 2024"
Cesar Almeida,Ihor Potieria,1.0,"October 05, 2024"
Marco Tulio,Ihor Potieria,1.0,"January 11, 2025"
Robert Bryczek,Ihor Potieria,0.0,"February 10, 2024"
Rodolfo Bellato,Ihor Potieria,1.0,"December 02, 2023"
Carlos Ulberg,Ihor Potieria,1.0,"May 13, 2023"
Mauricio Rua,Ihor Potieria,0.0,"January 21, 2023"
Nicolae Negumereanu,Ihor Potieria,1.0,"July 30, 2022"
Michel Pereira,Andre Fialho,1.0,"January 22, 2022"
Miguel Baeza,Andre Fialho,0.0,"April 16, 2022"
Tim Means,Andre Fialho,1.0,"September 23, 2023"
Michel Pereira,Khaos Williams,1.0,"December 19, 2020"
Randy Brown,Khaos Williams,1.0,"May 07, 2022"
Alex Morono,Khaos Williams,0.0,"February 08, 2020"
Gabriel Bonfim,Khaos Williams,1.0,"February 15, 2025"
Abdul Razak Alhassan,Khaos Williams,0.0,"November 14, 2020"
Miguel Baeza,Khaos Williams,0.0,"November 13, 2021"
Michel Pereira,Zelim Imadaev,1.0,"September 05, 2020"
Max Griffin,Zelim Imadaev,1.0,"April 13, 2019"
Michel Pereira,Tristan Connelly,0.0,"September 14, 2019"
Pat Sabatini,Tristan Connelly,1.0,"April 24, 2021"
Darren Elkins,Tristan Connelly,1.0,"April 30, 2022"
Yizha,Westin Wilson,1.0,"August 23, 2025"
Jeka Saragih,Westin Wilson,0.0,"June 15, 2024"
Joanderson Brito,Westin Wilson,1.0,"July 01, 2023"
Yizha,Gabriel Santos,0.0,"September 07, 2024"
Lerone Murphy,Gabriel Santos,1.0,"March 18, 2023"
Jack Jenkins,Gabriel Santos,0.0,"February 08, 2025"
David Onama,Gabriel Santos,1.0,"June 24, 2023"
Dricus Du Plessis,Khamzat Chimaev,0.0,"August 16, 2025"
Robert Whittaker,Khamzat Chimaev,0.0,"October 26, 2024"
Kamaru Usman,Khamzat Chimaev,0.0,"October 21, 2023"
Gilbert Burns,Khamzat Chimaev,0.0,"April 09, 2022"
Li Jingliang,Khamzat Chimaev,0.0,"October 30, 2021"
John Phillips,Khamzat Chimaev,0.0,"July 15, 2020"
Dricus Du Plessis,Sean Strickland,1.0,"February 08, 2025"
Jared Cannonier,Sean Strickland,1.0,"December 17, 2022"
Jack Hermansson,Sean Strickland,0.0,"February 05, 2022"
Brendan Allen,Sean Strickland,0.0,"November 14, 2020"
Israel Adesanya,Sean Strickland,0.0,"September 09, 2023"
Uriah Hall,Sean Strickland,0.0,"July 31, 2021"
Uran Satybaldiev,Diyar Nurgozhay,1.0,"August 23, 2025"
Lerone Murphy,Aaron Pico,1.0,"August 16, 2025"
Lerone Murphy,Dan Ige,1.0,"October 26, 2024"
Bryce Mitchell,Dan Ige,1.0,"September 23, 2023"
Calvin Kattar,Dan Ige,1.0,"July 15, 2020"
Josh Emmett,Dan Ige,1.0,"December 11, 2021"
Chan Sung Jung,Dan Ige,1.0,"June 19, 2021"
Mirsad Bektic,Dan Ige,0.0,"February 08, 2020"
Danny Henry,Dan Ige,0.0,"March 16, 2019"
Lerone Murphy,Josh Culibao,1.0,"July 22, 2023"
SeungWoo Choi,Josh Culibao,0.0,"June 11, 2022"
Jalin Turner,Josh Culibao,1.0,"February 22, 2020"
Charles Jourdain,Josh Culibao,0.0,"October 03, 2020"
Lerone Murphy,Douglas Silva de Andrade,1.0,"January 20, 2021"
Cody Stamann,Douglas Silva de Andrade,0.0,"May 13, 2023"
Geoff Neal,Carlos Prates,0.0,"August 16, 2025"
Neil Magny,Carlos Prates,0.0,"November 09, 2024"
Ian Machado Garry,Carlos Prates,1.0,"April 26, 2025"
Li Jingliang,Carlos Prates,0.0,"August 17, 2024"
Charles Radtke,Carlos Prates,0.0,"June 08, 2024"
Trevin Giles,Carlos Prates,0.0,"February 10, 2024"
Geoff Neal,Rafael Dos Anjos,1.0,"October 26, 2024"
Vicente Luque,Rafael Dos Anjos,1.0,"August 12, 2023"
Mateusz Gamrot,Rafael Dos Anjos,1.0,"March 09, 2024"
Bryan Barberena,Rafael Dos Anjos,0.0,"December 03, 2022"
Paul Felder,Rafael Dos Anjos,0.0,"November 14, 2020"
Geoff Neal,Ian Machado Garry,0.0,"February 17, 2024"
Neil Magny,Ian Machado Garry,0.0,"August 19, 2023"
Shavkat Rakhmonov,Ian Machado Garry,1.0,"December 07, 2024"
Daniel Rodriguez,Ian Machado Garry,0.0,"May 13, 2023"
Geoff Neal,Shavkat Rakhmonov,0.0,"March 04, 2023"
Neil Magny,Shavkat Rakhmonov,0.0,"June 25, 2022"
Alex Oliveira,Shavkat Rakhmonov,0.0,"October 24, 2020"
Geoff Neal,Santiago Ponzinibbio,1.0,"December 11, 2021"
Kevin Holland,Santiago Ponzinibbio,1.0,"April 08, 2023"
Geoff Neal,Mike Perry,1.0,"December 14, 2019"
Vicente Luque,Mike Perry,1.0,"August 10, 2019"
Alex Oliveira,Mike Perry,0.0,"April 27, 2019"
Geoff Neal,Niko Price,1.0,"July 27, 2019"
Vicente Luque,Niko Price,1.0,"May 09, 2020"
Themba Gorimbo,Niko Price,1.0,"October 12, 2024"
Tim Means,Niko Price,0.0,"March 09, 2019"
Robbie Lawler,Niko Price,1.0,"July 08, 2023"
Alex Oliveira,Niko Price,0.0,"October 02, 2021"
Donald Cerrone,Niko Price,0.0,"September 19, 2020"
Nick Hein,Frank Camacho,0.0,"June 01, 2019"
Jared Cannonier,Michael Page,0.0,"August 16, 2025"
Kevin Holland,Michael Page,0.0,"March 09, 2024"
Shara Magomedov,Michael Page,0.0,"February 01, 2025"
Ian Machado Garry,Michael Page,1.0,"June 29, 2024"
Jared Cannonier,Nassourdine Imavov,0.0,"June 08, 2024"
Roman Dolidze,Nassourdine Imavov,0.0,"February 03, 2024"
Edmen Shahbazyan,Nassourdine Imavov,0.0,"November 06, 2021"
Israel Adesanya,Nassourdine Imavov,0.0,"February 01, 2025"
Sean Strickland,Nassourdine Imavov,1.0,"January 14, 2023"
Phil Hawes,Nassourdine Imavov,1.0,"February 20, 2021"
Jordan Williams,Nassourdine Imavov,0.0,"October 03, 2020"
Jared Cannonier,Derek Brunson,1.0,"February 12, 2022"
Jared Cannonier,Kelvin Gastelum,1.0,"August 21, 2021"
Robert Whittaker,Kelvin Gastelum,1.0,"April 17, 2021"
Jack Hermansson,Kelvin Gastelum,1.0,"July 18, 2020"
Chris Curtis,Kelvin Gastelum,0.0,"April 08, 2023"
Sean Brady,Kelvin Gastelum,1.0,"December 02, 2023"
Jared Cannonier,Anderson Silva,1.0,"May 11, 2019"
Israel Adesanya,Anderson Silva,1.0,"February 09, 2019"
Uriah Hall,Anderson Silva,1.0,"October 31, 2020"
Nikita Krylov,Dominick Reyes,0.0,"April 12, 2025"
Volkan Oezdemir,Dominick Reyes,0.0,"March 16, 2019"
Jon Jones,Dominick Reyes,1.0,"February 08, 2020"
Dominick Reyes,Jan Blachowicz,0.0,"September 26, 2020"
Corey Anderson,Jan Blachowicz,0.0,"February 15, 2020"
Tim Elliott,Kai Asakura,1.0,"August 16, 2025"
Alexandre Pantoja,Kai Asakura,1.0,"December 07, 2024"
Tim Elliott,Muhammad Mokaev,0.0,"October 21, 2023"
Alex Perez,Muhammad Mokaev,0.0,"March 02, 2024"
Tim Elliott,Victor Altamirano,1.0,"June 03, 2023"
Daniel Barez,Victor Altamirano,1.0,"September 28, 2024"
Daniel Lacerda,Victor Altamirano,0.0,"August 20, 2022"
Tim Elliott,Tagir Ulanbekov,1.0,"March 05, 2022"
Bruno Silva,Tagir Ulanbekov,0.0,"October 10, 2020"
Tim Elliott,Matheus Nicolau,0.0,"October 09, 2021"
Brandon Royval,Matheus Nicolau,1.0,"April 15, 2023"
Manel Kape,Matheus Nicolau,0.0,"March 13, 2021"
Tim Elliott,Jordan Espinosa,1.0,"March 06, 2021"
Eric Shelton,Jordan Espinosa,0.0,"March 23, 2019"
Tim Elliott,Ryan Benoit,1.0,"July 15, 2020"
Alatengheili,Ryan Benoit,1.0,"December 21, 2019"
Tim Elliott,Brandon Royval,0.0,"May 30, 2020"
Alexandre Pantoja,Brandon Royval,1.0,"December 16, 2023"
Alexandre Pantoja,Brandon Royval,1.0,"August 21, 2021"
Brandon Moreno,Brandon Royval,0.0,"February 24, 2024"
Brandon Moreno,Brandon Royval,1.0,"November 21, 2020"
Kai Kara-France,Brandon Royval,0.0,"September 26, 2020"
Tim Elliott,Askar Askarov,0.0,"January 18, 2020"
Alexandre Pantoja,Askar Askarov,0.0,"July 18, 2020"
Brandon Moreno,Askar Askarov,0.0,"September 21, 2019"
Joseph Benavidez,Askar Askarov,0.0,"March 06, 2021"
Kai Kara-France,Mark De La Rosa,1.0,"August 31, 2019"
Alex Perez,Mark De La Rosa,1.0,"March 30, 2019"
Jordan Espinosa,Mark De La Rosa,1.0,"June 13, 2020"
Baisangur Susurkaev,Eric Nolan,1.0,"August 16, 2025"
Gerald Meerschaert,Reinier de Ridder,0.0,"November 09, 2024"
Kevin Holland,Reinier de Ridder,0.0,"January 18, 2025"
Robert Whittaker,Reinier de Ridder,0.0,"July 26, 2025"
Gerald Meerschaert,Bryan Barberena,1.0,"March 16, 2024"
Vicente Luque,Bryan Barberena,1.0,"February 17, 2019"
Gunnar Nelson,Bryan Barberena,1.0,"March 18, 2023"
Makhmud Muradov,Bryan Barberena,1.0,"July 22, 2023"
Robbie Lawler,Bryan Barberena,0.0,"July 02, 2022"
Matt Brown,Bryan Barberena,0.0,"March 26, 2022"
Gerald Meerschaert,Joe Pyfer,0.0,"April 08, 2023"
Jack Hermansson,Joe Pyfer,1.0,"February 10, 2024"
Kelvin Gastelum,Joe Pyfer,0.0,"June 07, 2025"
Gerald Meerschaert,Deron Winn,1.0,"March 07, 2020"
Phil Hawes,Deron Winn,1.0,"June 18, 2022"
Jacare Souza,Jack Hermansson,0.0,"April 27, 2019"
David Branch,Jack Hermansson,0.0,"March 30, 2019"
Rodolfo Vieira,Oskar Piechota,1.0,"August 10, 2019"
Marc-Andre Barriault,Oskar Piechota,0.0,"June 20, 2020"
Punahele Soriano,Oskar Piechota,1.0,"December 14, 2019"
Jessica Andrade,Loopy Godinez,0.0,"August 16, 2025"
Loma Lookboonmee,Loopy Godinez,0.0,"November 20, 2021"
Angela Hill,Loopy Godinez,1.0,"August 13, 2022"
Mackenzie Dern,Loopy Godinez,1.0,"August 03, 2024"
Jessica Penne,Loopy Godinez,1.0,"April 17, 2021"
Tabatha Ricci,Loopy Godinez,0.0,"November 11, 2023"
Virna Jandiroba,Loopy Godinez,1.0,"March 30, 2024"
Emily Ducote,Loopy Godinez,0.0,"May 20, 2023"
Cynthia Calvillo,Loopy Godinez,0.0,"April 08, 2023"
Ariane Carnelossi,Loopy Godinez,0.0,"May 07, 2022"
Jessica Andrade,Jasmine Jasudavicius,0.0,"May 10, 2025"
Ariane da Silva,Jasmine Jasudavicius,0.0,"November 02, 2024"
Miranda Maverick,Jasmine Jasudavicius,0.0,"June 10, 2023"
Tracy Cortez,Jasmine Jasudavicius,1.0,"September 16, 2023"
Kay Hansen,Jasmine Jasudavicius,0.0,"January 22, 2022"
Jessica Andrade,Natalia Silva,0.0,"September 07, 2024"
Viviane Araujo,Natalia Silva,0.0,"February 03, 2024"
Alexa Grasso,Natalia Silva,0.0,"May 10, 2025"
Andrea Lee,Natalia Silva,0.0,"August 19, 2023"
Jasmine Jasudavicius,Natalia Silva,0.0,"June 18, 2022"
Jessica Andrade,Marina Rodriguez,1.0,"April 13, 2024"
Tecia Pennington,Marina Rodriguez,0.0,"August 10, 2019"
Mackenzie Dern,Marina Rodriguez,0.0,"October 09, 2021"
Carla Esparza,Marina Rodriguez,1.0,"July 25, 2020"
Jessica Andrade,Mackenzie Dern,1.0,"November 11, 2023"
Amanda Lemos,Mackenzie Dern,1.0,"February 17, 2024"
Nina Nunes,Mackenzie Dern,0.0,"April 10, 2021"
Jessica Andrade,Tatiana Suarez,0.0,"August 05, 2023"
Zhang Weili,Tatiana Suarez,1.0,"February 08, 2025"
Jessica Andrade,Yan Xiaonan,0.0,"May 06, 2023"
Marina Rodriguez,Yan Xiaonan,1.0,"March 05, 2022"
Zhang Weili,Yan Xiaonan,1.0,"April 13, 2024"
Mackenzie Dern,Yan Xiaonan,0.0,"October 01, 2022"
Karolina Kowalkiewicz,Yan Xiaonan,0.0,"February 22, 2020"
Claudia Gadelha,Yan Xiaonan,0.0,"November 07, 2020"
Jessica Andrade,Erin Blanchfield,0.0,"February 18, 2023"
Miranda Maverick,Erin Blanchfield,0.0,"December 11, 2021"
Jessica Andrade,Cynthia Calvillo,1.0,"September 25, 2021"
Marina Rodriguez,Cynthia Calvillo,0.0,"December 07, 2019"
Katlyn Cerminara,Cynthia Calvillo,1.0,"November 21, 2020"
Jessica Eye,Cynthia Calvillo,0.0,"June 13, 2020"
Cortney Casey,Cynthia Calvillo,0.0,"February 17, 2019"
Jessica Andrade,Rose Namajunas,0.0,"July 11, 2020"
Amanda Ribas,Rose Namajunas,0.0,"March 23, 2024"
Zhang Weili,Rose Namajunas,0.0,"April 24, 2021"
Erin Blanchfield,Rose Namajunas,1.0,"November 02, 2024"
Manon Fiorot,Rose Namajunas,1.0,"September 02, 2023"
Jessica Andrade,Zhang Weili,0.0,"August 31, 2019"
Rose Namajunas,Zhang Weili,1.0,"November 06, 2021"
Tecia Pennington,Zhang Weili,0.0,"March 02, 2019"
Carla Esparza,Zhang Weili,0.0,"November 12, 2022"
Felice Herrig,Karolina Kowalkiewicz,0.0,"June 04, 2022"
Mackenzie Dern,Tecia Pennington,1.0,"April 09, 2022"
Carla Esparza,Tecia Pennington,0.0,"October 05, 2024"
Tabatha Ricci,Tecia Pennington,1.0,"May 11, 2024"
Iasmin Lucindo,Angela Hill,1.0,"August 09, 2025"
Tecia Pennington,Angela Hill,1.0,"August 07, 2021"
Loma Lookboonmee,Angela Hill,0.0,"February 22, 2020"
Yan Xiaonan,Angela Hill,1.0,"June 08, 2019"
Amanda Lemos,Angela Hill,1.0,"December 18, 2021"
Mackenzie Dern,Angela Hill,1.0,"May 20, 2023"
Luana Pinheiro,Angela Hill,0.0,"May 18, 2024"
Michelle Waterson-Gomez,Angela Hill,1.0,"September 12, 2020"
Virna Jandiroba,Angela Hill,1.0,"May 14, 2022"
Ariane Carnelossi,Angela Hill,0.0,"September 21, 2019"
Randa Markos,Angela Hill,1.0,"March 23, 2019"
Claudia Gadelha,Angela Hill,1.0,"May 16, 2020"
Hannah Cifers,Angela Hill,0.0,"January 25, 2020"
Lauren Murphy,Joanne Wood,1.0,"June 12, 2021"
Katlyn Cerminara,Joanne Wood,1.0,"June 08, 2019"
Jessica Eye,Joanne Wood,0.0,"January 23, 2021"
Ketlen Vieira,Raquel Pennington,0.0,"January 14, 2023"
Holly Holm,Raquel Pennington,1.0,"January 18, 2020"
Pannie Kianzad,Raquel Pennington,0.0,"September 18, 2021"
Aspen Ladd,Raquel Pennington,0.0,"April 09, 2022"
Macy Chiasson,Sarah Moras,1.0,"May 04, 2019"
Sijara Eubanks,Sarah Moras,1.0,"May 13, 2020"
Liana Jojua,Sarah Moras,0.0,"September 07, 2019"
Raquel Pennington,Marion Reneau,1.0,"June 20, 2020"
Chase Hooper,Alexander Hernandez,0.0,"August 16, 2025"
Jim Miller,Alexander Hernandez,0.0,"February 18, 2023"
Austin Hubbard,Alexander Hernandez,0.0,"October 05, 2024"
Billy Quarantillo,Alexander Hernandez,1.0,"December 10, 2022"
Chris Gruetzemacher,Alexander Hernandez,0.0,"October 31, 2020"
Chase Hooper,Jordan Leavitt,1.0,"November 18, 2023"
Kurt Holobaugh,Jordan Leavitt,0.0,"May 31, 2025"
Claudio Puelles,Jordan Leavitt,1.0,"June 05, 2021"
Paddy Pimblett,Jordan Leavitt,1.0,"July 23, 2022"
Matt Wiman,Jordan Leavitt,0.0,"December 05, 2020"
Chase Hooper,Nick Fiore,1.0,"May 20, 2023"
Mateusz Rebecki,Nick Fiore,1.0,"January 14, 2023"
Chase Hooper,Felipe Colares,1.0,"May 21, 2022"
Montel Jackson,Felipe Colares,1.0,"January 25, 2020"
Chris Gutierrez,Felipe Colares,1.0,"October 09, 2021"
Luke Sanders,Felipe Colares,0.0,"May 01, 2021"
Geraldo de Freitas,Felipe Colares,1.0,"February 02, 2019"
Domingo Pilarte,Felipe Colares,0.0,"July 20, 2019"
Chase Hooper,Steven Peterson,0.0,"June 12, 2021"
Julian Erosa,Steven Peterson,1.0,"February 05, 2022"
Alex Caceres,Steven Peterson,1.0,"July 20, 2019"
Luis Pena,Steven Peterson,1.0,"March 23, 2019"
Martin Bravo,Steven Peterson,0.0,"September 21, 2019"
Chase Hooper,Peter Barrett,1.0,"December 12, 2020"
Youssef Zalal,Peter Barrett,1.0,"August 08, 2020"
Chase Hooper,Daniel Teymur,1.0,"December 14, 2019"
Edson Barboza,Drakkar Klose,0.0,"August 16, 2025"
Beneil Dariush,Drakkar Klose,1.0,"March 07, 2020"
Joel Alvarez,Drakkar Klose,1.0,"December 14, 2024"
Joaquim Silva,Drakkar Klose,0.0,"May 04, 2024"
Christos Giagos,Drakkar Klose,0.0,"August 17, 2019"
Edson Barboza,Lerone Murphy,0.0,"May 18, 2024"
Josh Emmett,Lerone Murphy,0.0,"April 05, 2025"
Ricardo Ramos,Lerone Murphy,0.0,"July 15, 2020"
Zubaira Tukhugov,Lerone Murphy,0.0,"September 07, 2019"
Makwan Amirkhani,Lerone Murphy,0.0,"October 30, 2021"
Edson Barboza,Billy Quarantillo,1.0,"April 15, 2023"
Cub Swanson,Billy Quarantillo,1.0,"December 14, 2024"
Gabriel Benitez,Billy Quarantillo,0.0,"July 17, 2021"
Shane Burgos,Billy Quarantillo,1.0,"November 06, 2021"
Gavin Tucker,Billy Quarantillo,1.0,"December 12, 2020"
Edson Barboza,Bryce Mitchell,0.0,"March 05, 2022"
Josh Emmett,Bryce Mitchell,1.0,"December 16, 2023"
Edson Barboza,Giga Chikadze,0.0,"August 28, 2021"
Calvin Kattar,Giga Chikadze,1.0,"January 15, 2022"
Arnold Allen,Giga Chikadze,1.0,"July 27, 2024"
Brandon Davis,Giga Chikadze,0.0,"September 28, 2019"
Edson Barboza,Makwan Amirkhani,1.0,"October 10, 2020"
Jack Shore,Makwan Amirkhani,1.0,"March 18, 2023"
Shane Burgos,Makwan Amirkhani,1.0,"November 02, 2019"
Mike Grundy,Makwan Amirkhani,0.0,"March 19, 2022"
Edson Barboza,Paul Felder,0.0,"September 07, 2019"
James Vick,Paul Felder,0.0,"February 17, 2019"
Edson Barboza,Justin Gaethje,0.0,"March 30, 2019"
Charles Oliveira,Justin Gaethje,1.0,"May 07, 2022"
Tony Ferguson,Justin Gaethje,0.0,"May 09, 2020"
Dustin Poirier,Justin Gaethje,0.0,"July 29, 2023"
Donald Cerrone,Justin Gaethje,0.0,"September 14, 2019"
Khabib Nurmagomedov,Justin Gaethje,1.0,"October 24, 2020"
Mateusz Gamrot,Dan Hooker,0.0,"August 17, 2024"
Jalin Turner,Dan Hooker,0.0,"July 08, 2023"
Islam Makhachev,Dan Hooker,1.0,"October 30, 2021"
Arnold Allen,Dan Hooker,1.0,"March 19, 2022"
Dustin Poirier,Dan Hooker,1.0,"June 27, 2020"
Al Iaquinta,Dan Hooker,0.0,"October 05, 2019"
Paul Felder,Dan Hooker,0.0,"February 22, 2020"
James Vick,Dan Hooker,0.0,"July 20, 2019"
Rafael Dos Anjos,Kevin Lee,1.0,"May 18, 2019"
Charles Oliveira,Beneil Dariush,1.0,"June 10, 2023"
Tony Ferguson,Beneil Dariush,0.0,"May 15, 2021"
Diego Ferreira,Beneil Dariush,0.0,"February 06, 2021"
Frank Camacho,Beneil Dariush,0.0,"October 26, 2019"
Michael Chandler,Tony Ferguson,1.0,"May 07, 2022"
Nate Diaz,Tony Ferguson,1.0,"September 10, 2022"
Josh Emmett,Michael Johnson,1.0,"March 30, 2019"
Diego Ferreira,Michael Johnson,1.0,"May 20, 2023"
Karine Silva,Dione Barbosa,1.0,"August 16, 2025"
Diana Belbita,Dione Barbosa,0.0,"April 05, 2025"
Miranda Maverick,Dione Barbosa,1.0,"July 20, 2024"
Karine Silva,Maryna Moroz,1.0,"August 19, 2023"
Mayra Bueno Silva,Maryna Moroz,0.0,"March 14, 2020"
Joanne Wood,Maryna Moroz,1.0,"March 09, 2024"
Jennifer Maia,Maryna Moroz,1.0,"November 19, 2022"
Sabina Mazo,Maryna Moroz,0.0,"March 30, 2019"
Karine Silva,Ketlen Souza,1.0,"June 03, 2023"
Piera Rodriguez,Ketlen Souza,1.0,"August 02, 2025"
Angela Hill,Ketlen Souza,1.0,"February 15, 2025"
Yazmin Jauregui,Ketlen Souza,0.0,"September 14, 2024"
Marnic Mann,Ketlen Souza,0.0,"April 27, 2024"
Karine Silva,Poliana Botelho,1.0,"June 04, 2022"
Gillian Robertson,Poliana Botelho,1.0,"October 17, 2020"
Lauren Mueller,Poliana Botelho,0.0,"April 13, 2019"
Alibi Idiris,Joseph Morales,0.0,"August 16, 2025"
Tatsuro Taira,HyunSung Park,1.0,"August 02, 2025"
SeungGuk Choi,HyunSung Park,0.0,"February 04, 2023"
Tatsuro Taira,Carlos Hernandez,1.0,"December 09, 2023"
HyunSung Park,Carlos Hernandez,1.0,"May 17, 2025"
Nyamjargal Tumendemberel,Carlos Hernandez,0.0,"November 23, 2024"
Rei Tsuruya,Carlos Hernandez,1.0,"June 29, 2024"
Victor Altamirano,Carlos Hernandez,0.0,"February 26, 2022"
Allan Nascimento,Carlos Hernandez,1.0,"January 14, 2023"
Tatsuro Taira,Edgar Chairez,1.0,"July 08, 2023"
Tatsuro Taira,Jesus Aguilar,1.0,"February 04, 2023"
Rafael Estevam,Jesus Aguilar,1.0,"February 15, 2025"
Stewart Nicoll,Jesus Aguilar,0.0,"August 17, 2024"
Shannon Ross,Jesus Aguilar,0.0,"July 08, 2023"
Tatsuro Taira,CJ Vergara,1.0,"October 15, 2022"
Edgar Chairez,CJ Vergara,1.0,"March 29, 2025"
Kleydson Rodrigues,CJ Vergara,0.0,"May 07, 2022"
Tatsuro Taira,Carlos Candelario,1.0,"May 14, 2022"
Mateusz Rebecki,Myktybek Orolbai,1.0,"October 26, 2024"
Elves Brener,Myktybek Orolbai,0.0,"May 04, 2024"
Uros Medic,Myktybek Orolbai,0.0,"November 18, 2023"
Tofiq Musayev,Myktybek Orolbai,0.0,"June 21, 2025"
Mateusz Rebecki,Roosevelt Roberts,1.0,"November 11, 2023"
Jim Miller,Roosevelt Roberts,1.0,"June 20, 2020"
Ludovit Klein,Roosevelt Roberts,1.0,"September 28, 2024"
Alexander Yakovlev,Roosevelt Roberts,0.0,"November 09, 2019"
Mateusz Rebecki,Loik Radzhabov,1.0,"June 24, 2023"
Abdul-Kareem Al-Selwady,Loik Radzhabov,0.0,"March 02, 2024"
Esteban Ribovics,Loik Radzhabov,0.0,"March 04, 2023"
Elves Brener,Esteban Ribovics,0.0,"August 02, 2025"
Terrance McKinney,Esteban Ribovics,0.0,"May 11, 2024"
Nasrat Haqparast,Esteban Ribovics,1.0,"March 01, 2025"
Daniel Zellhuber,Esteban Ribovics,0.0,"September 14, 2024"
Kamuela Kirk,Esteban Ribovics,0.0,"July 08, 2023"
Elves Brener,Kaynan Kruschewsky,1.0,"November 04, 2023"
Kurt Holobaugh,Kaynan Kruschewsky,1.0,"July 20, 2024"
Karol Rosa,Nora Cornolle,1.0,"August 02, 2025"
Melissa Mullins,Nora Cornolle,0.0,"April 06, 2024"
Karol Rosa,Ailin Perez,0.0,"January 18, 2025"
Lucie Pudilova,Ailin Perez,0.0,"November 18, 2023"
Ashlee Evans-Smith,Ailin Perez,0.0,"July 15, 2023"
Stephanie Egger,Ailin Perez,1.0,"September 03, 2022"
Karol Rosa,Pannie Kianzad,1.0,"August 10, 2024"
Ketlen Vieira,Pannie Kianzad,1.0,"July 22, 2023"
Julia Avila,Pannie Kianzad,1.0,"July 06, 2019"
Jessica-Rose Clark,Pannie Kianzad,0.0,"November 09, 2019"
Lina Lansberg,Pannie Kianzad,0.0,"April 16, 2022"
Sijara Eubanks,Pannie Kianzad,0.0,"December 19, 2020"
Bethe Correia,Pannie Kianzad,0.0,"July 25, 2020"
Karol Rosa,Norma Dumont,0.0,"April 22, 2023"
Irene Aldana,Norma Dumont,0.0,"September 14, 2024"
Ashlee Evans-Smith,Norma Dumont,0.0,"November 28, 2020"
Macy Chiasson,Norma Dumont,1.0,"May 07, 2022"
Aspen Ladd,Norma Dumont,0.0,"October 16, 2021"
Felicia Spencer,Norma Dumont,0.0,"May 22, 2021"
Megan Anderson,Norma Dumont,1.0,"February 29, 2020"
Karol Rosa,Lina Lansberg,1.0,"October 22, 2022"
Macy Chiasson,Lina Lansberg,0.0,"September 28, 2019"
Sara McMann,Lina Lansberg,1.0,"January 25, 2020"
Tonya Evinger,Lina Lansberg,0.0,"June 01, 2019"
Karol Rosa,Joselyne Edwards,1.0,"February 06, 2021"
Chelsea Chandler,Joselyne Edwards,0.0,"April 26, 2025"
Nora Cornolle,Joselyne Edwards,1.0,"September 02, 2023"
Ailin Perez,Joselyne Edwards,1.0,"June 01, 2024"
Jessica-Rose Clark,Joselyne Edwards,1.0,"October 23, 2021"
Wu Yanan,Joselyne Edwards,0.0,"January 16, 2021"
Ramona Pascual,Joselyne Edwards,0.0,"June 11, 2022"
Karol Rosa,Vanessa Melo,1.0,"July 11, 2020"
Irene Aldana,Vanessa Melo,1.0,"September 21, 2019"
Sarah Moras,Vanessa Melo,0.0,"January 16, 2021"
Karol Rosa,Lara Procopio,1.0,"August 31, 2019"
Molly McCann,Lara Procopio,0.0,"February 06, 2021"
Casey O'Neill,Lara Procopio,1.0,"June 19, 2021"
Neil Magny,Elizeu Zaleski dos Santos,1.0,"August 02, 2025"
Randy Brown,Elizeu Zaleski dos Santos,1.0,"June 01, 2024"
Chidi Njokuani,Elizeu Zaleski dos Santos,1.0,"March 15, 2025"
Rinat Fakhretdinov,Elizeu Zaleski dos Santos,0.0,"November 04, 2023"
Li Jingliang,Elizeu Zaleski dos Santos,1.0,"August 31, 2019"
Abubakar Nurmagomedov,Elizeu Zaleski dos Santos,0.0,"June 03, 2023"
Neil Magny,Michael Morales,0.0,"August 24, 2024"
Max Griffin,Michael Morales,0.0,"July 01, 2023"
Gilbert Burns,Michael Morales,0.0,"May 17, 2025"
Neil Magny,Mike Malott,1.0,"January 20, 2024"
Mickey Gall,Mike Malott,0.0,"April 09, 2022"
Neil Magny,Phil Rowe,1.0,"June 24, 2023"
Niko Price,Phil Rowe,0.0,"December 03, 2022"
Gabe Green,Phil Rowe,1.0,"February 13, 2021"
Jason Witt,Phil Rowe,0.0,"February 05, 2022"
Neil Magny,Daniel Rodriguez,1.0,"November 05, 2022"
Kevin Holland,Daniel Rodriguez,0.0,"July 19, 2025"
Kelvin Gastelum,Daniel Rodriguez,1.0,"June 22, 2024"
Santiago Ponzinibbio,Daniel Rodriguez,0.0,"May 03, 2025"
Li Jingliang,Daniel Rodriguez,0.0,"September 10, 2022"
Tim Means,Daniel Rodriguez,0.0,"February 15, 2020"
Kevin Lee,Daniel Rodriguez,0.0,"August 28, 2021"
Mike Perry,Daniel Rodriguez,0.0,"April 10, 2021"
Neil Magny,Max Griffin,1.0,"March 26, 2022"
Michael Chiesa,Max Griffin,1.0,"December 07, 2024"
Song Kenan,Max Griffin,0.0,"March 20, 2021"
Tim Means,Max Griffin,0.0,"October 29, 2022"
Alex Oliveira,Max Griffin,1.0,"March 07, 2020"
Carlos Condit,Max Griffin,0.0,"July 10, 2021"
Thiago Alves,Max Griffin,1.0,"February 02, 2019"
Neil Magny,Geoff Neal,1.0,"May 08, 2021"
Stephen Thompson,Geoff Neal,1.0,"December 19, 2020"
Vicente Luque,Geoff Neal,0.0,"August 06, 2022"
Belal Muhammad,Geoff Neal,0.0,"January 19, 2019"
Neil Magny,Anthony Rocco Martin,1.0,"June 06, 2020"
Demian Maia,Anthony Rocco Martin,1.0,"June 29, 2019"
Ramazan Emeev,Anthony Rocco Martin,0.0,"November 09, 2019"
Neil Magny,Li Jingliang,1.0,"March 07, 2020"
Santiago Ponzinibbio,Li Jingliang,0.0,"January 16, 2021"
Court McGee,Tim Means,1.0,"October 05, 2024"
Mike Perry,Tim Means,0.0,"November 21, 2020"
Thiago Alves,Tim Means,0.0,"December 07, 2019"
Danny Silva,Kevin Vallejos,0.0,"August 02, 2025"
SeungWoo Choi,Kevin Vallejos,0.0,"March 15, 2025"
Danny Silva,Lucas Almeida,1.0,"March 01, 2025"
Andre Fili,Lucas Almeida,1.0,"December 16, 2023"
Timmy Cuamba,Lucas Almeida,0.0,"June 15, 2024"
Pat Sabatini,Lucas Almeida,1.0,"June 17, 2023"
Michael Trizano,Lucas Almeida,0.0,"June 04, 2022"
Rinya Nakamura,Nathan Fletcher,1.0,"August 02, 2025"
Zygimantas Ramaska,Nathan Fletcher,0.0,"September 07, 2024"
Rinya Nakamura,Muin Gafurov,0.0,"January 18, 2025"
Said Nurmagomedov,Muin Gafurov,1.0,"October 21, 2023"
Kyung Ho Kang,Muin Gafurov,0.0,"June 22, 2024"
John Castaneda,Muin Gafurov,1.0,"June 03, 2023"
Rinya Nakamura,Carlos Vera,1.0,"February 17, 2024"
Rinya Nakamura,Fernie Garcia,1.0,"August 26, 2023"
Brady Hiestand,Fernie Garcia,1.0,"November 19, 2022"
Journey Newson,Fernie Garcia,1.0,"May 07, 2022"
Rodolfo Vieira,Tresean Gore,1.0,"August 02, 2025"
Cody Brundage,Tresean Gore,1.0,"July 09, 2022"
Josh Fremd,Tresean Gore,0.0,"October 29, 2022"
Rodolfo Vieira,Andre Petroski,0.0,"February 15, 2025"
Edmen Shahbazyan,Andre Petroski,1.0,"June 14, 2025"
Josh Fremd,Andre Petroski,0.0,"July 13, 2024"
Nick Maximov,Andre Petroski,0.0,"May 14, 2022"
Hu Yaozong,Andre Petroski,0.0,"October 30, 2021"
Rodolfo Vieira,Armen Petrosyan,1.0,"February 10, 2024"
Brunno Ferreira,Armen Petrosyan,1.0,"March 08, 2025"
Shara Magomedov,Armen Petrosyan,1.0,"October 26, 2024"
Caio Borralho,Armen Petrosyan,1.0,"July 09, 2022"
Rodolfo Vieira,Cody Brundage,1.0,"April 29, 2023"
Mansur Abdul-Malik,Cody Brundage,0.0,"June 14, 2025"
Zachary Reese,Cody Brundage,0.0,"December 02, 2023"
Bo Nickal,Cody Brundage,1.0,"April 13, 2024"
Abdul Razak Alhassan,Cody Brundage,0.0,"July 13, 2024"
Jacob Malkoun,Cody Brundage,0.0,"September 23, 2023"
Dalcha Lungiambula,Cody Brundage,0.0,"March 12, 2022"
Rodolfo Vieira,Dustin Stoltzfus,1.0,"July 17, 2021"
Brunno Ferreira,Dustin Stoltzfus,1.0,"June 08, 2024"
Marc-Andre Barriault,Dustin Stoltzfus,0.0,"November 02, 2024"
Punahele Soriano,Dustin Stoltzfus,0.0,"December 02, 2023"
Abus Magomedov,Dustin Stoltzfus,1.0,"September 03, 2022"
Dwight Grant,Dustin Stoltzfus,0.0,"July 16, 2022"
Kyle Daukaus,Dustin Stoltzfus,1.0,"November 21, 2020"
Rodolfo Vieira,Anthony Hernandez,0.0,"February 13, 2021"
Roman Dolidze,Anthony Hernandez,0.0,"August 09, 2025"
Edmen Shahbazyan,Anthony Hernandez,0.0,"May 20, 2023"
Brendan Allen,Anthony Hernandez,0.0,"February 22, 2025"
JunYong Park,Anthony Hernandez,0.0,"August 31, 2019"
Markus Perez,Anthony Hernandez,1.0,"February 02, 2019"
Rodolfo Vieira,Saparbeg Safarov,1.0,"March 07, 2020"
Nicolae Negumereanu,Saparbeg Safarov,0.0,"March 16, 2019"
Nick Klein,Andrey Pulyaev,0.0,"August 02, 2025"
Christian Leroy Duncan,Andrey Pulyaev,1.0,"March 22, 2025"
Austin Bashi,John Yannis,1.0,"August 02, 2025"
Rafael Estevam,Felipe Bunes,1.0,"August 02, 2025"
Joshua Van,Felipe Bunes,1.0,"January 13, 2024"
Jose Johnson,Felipe Bunes,0.0,"January 11, 2025"
Piera Rodriguez,Ariane Carnelossi,0.0,"May 18, 2024"
Liang Na,Ariane Carnelossi,0.0,"April 24, 2021"
Istela Nunes,Ariane Carnelossi,0.0,"October 16, 2021"
Piera Rodriguez,Kay Hansen,1.0,"April 09, 2022"
Roman Dolidze,Kevin Holland,1.0,"October 05, 2024"
Marvin Vettori,Kevin Holland,1.0,"April 10, 2021"
Stephen Thompson,Kevin Holland,1.0,"December 03, 2022"
Michael Chiesa,Kevin Holland,0.0,"July 29, 2023"
Vicente Luque,Kevin Holland,0.0,"June 07, 2025"
Gunnar Nelson,Kevin Holland,0.0,"March 22, 2025"
Brendan Allen,Kevin Holland,1.0,"October 18, 2019"
Anthony Hernandez,Kevin Holland,0.0,"May 16, 2020"
Tim Means,Kevin Holland,0.0,"June 18, 2022"
Derek Brunson,Kevin Holland,1.0,"March 20, 2021"
Khamzat Chimaev,Kevin Holland,1.0,"September 10, 2022"
Roman Dolidze,Laureano Staropoli,1.0,"June 05, 2021"
Muslim Salikhov,Laureano Staropoli,1.0,"October 26, 2019"
Tim Means,Laureano Staropoli,1.0,"August 08, 2020"
Jamie Pickett,Laureano Staropoli,1.0,"October 23, 2021"
Thiago Alves,Laureano Staropoli,0.0,"May 11, 2019"
Roman Dolidze,John Allan,1.0,"December 05, 2020"
Dustin Jacoby,John Allan,1.0,"November 06, 2021"
Mike Rodriguez,John Allan,0.0,"July 13, 2019"
Roman Dolidze,Khadis Ibragimov,1.0,"July 18, 2020"
Da Woon Jung,Khadis Ibragimov,1.0,"August 31, 2019"
Steve Erceg,Ode Osbourne,1.0,"August 09, 2025"
Jafel Filho,Ode Osbourne,1.0,"March 16, 2024"
Ronaldo Rodriguez,Ode Osbourne,1.0,"September 14, 2024"
Manel Kape,Ode Osbourne,1.0,"August 07, 2021"
CJ Vergara,Ode Osbourne,0.0,"November 06, 2021"
Brian Kelleher,Ode Osbourne,1.0,"January 18, 2020"
Steve Erceg,Alessandro Costa,1.0,"November 11, 2023"
Jimmy Flick,Alessandro Costa,0.0,"June 17, 2023"
Amir Albazi,Alessandro Costa,1.0,"December 17, 2022"
Iasmin Lucindo,Brogan Walker,1.0,"April 22, 2023"
Miles Johns,Jean Matsumoto,0.0,"August 09, 2025"
Brad Katona,Jean Matsumoto,0.0,"October 19, 2024"
Rob Font,Jean Matsumoto,1.0,"February 22, 2025"
Dan Argueta,Jean Matsumoto,0.0,"April 06, 2024"
Miles Johns,Felipe Lima,0.0,"December 14, 2024"
Payton Talbott,Felipe Lima,1.0,"June 28, 2025"
Muhammad Naimov,Felipe Lima,0.0,"June 22, 2024"
Miles Johns,Cody Gibson,1.0,"March 23, 2024"
Brad Katona,Cody Gibson,1.0,"August 19, 2023"
Da'Mon Blackshear,Cody Gibson,1.0,"March 15, 2025"
Chad Anheliger,Cody Gibson,0.0,"November 02, 2024"
Brian Kelleher,Cody Gibson,0.0,"July 20, 2024"
Miles Johns,John Castaneda,0.0,"February 05, 2022"
Chris Gutierrez,John Castaneda,1.0,"April 26, 2025"
Nathaniel Wood,John Castaneda,1.0,"July 25, 2020"
Eddie Wineland,John Castaneda,0.0,"February 20, 2021"
Miles Johns,Anderson Dos Santos,1.0,"August 07, 2021"
Andre Ewell,Anderson Dos Santos,1.0,"June 22, 2019"
Martin Day,Anderson Dos Santos,0.0,"November 28, 2020"
Miles Johns,Kevin Natividad,1.0,"October 31, 2020"
Ricky Turcios,Kevin Natividad,1.0,"November 19, 2022"
Batgerel Danaa,Kevin Natividad,1.0,"April 24, 2021"
Miles Johns,Mario Bautista,0.0,"February 08, 2020"
Ricky Simon,Mario Bautista,0.0,"January 13, 2024"
Jose Aldo,Mario Bautista,0.0,"October 05, 2024"
Cory Sandhagen,Mario Bautista,1.0,"January 19, 2019"
Da'Mon Blackshear,Mario Bautista,0.0,"August 19, 2023"
Brian Kelleher,Mario Bautista,0.0,"June 25, 2022"
Andre Fili,Christian Rodriguez,1.0,"August 09, 2025"
Julian Erosa,Christian Rodriguez,1.0,"July 13, 2024"
Raul Rosas Jr.,Christian Rodriguez,0.0,"April 08, 2023"
Jonathan Pearce,Christian Rodriguez,1.0,"February 19, 2022"
Andre Fili,Melquizael Costa,0.0,"February 22, 2025"
Julian Erosa,Melquizael Costa,0.0,"May 17, 2025"
Christian Rodriguez,Melquizael Costa,0.0,"March 29, 2025"
Thiago Moises,Melquizael Costa,1.0,"January 21, 2023"
Steve Garcia,Melquizael Costa,1.0,"December 09, 2023"
Austin Lingo,Melquizael Costa,0.0,"July 15, 2023"
Andre Fili,Bill Algeo,1.0,"September 17, 2022"
Alexander Hernandez,Bill Algeo,0.0,"October 07, 2023"
Ricardo Ramos,Bill Algeo,1.0,"May 22, 2021"
Dooho Choi,Bill Algeo,1.0,"July 20, 2024"
Spike Carlyle,Bill Algeo,0.0,"November 28, 2020"
Ricardo Lamas,Bill Algeo,1.0,"August 29, 2020"
Andre Fili,Daniel Pineda,0.0,"June 26, 2021"
Darren Elkins,Daniel Pineda,1.0,"October 19, 2024"
Nathaniel Wood,Daniel Pineda,1.0,"July 27, 2024"
Cub Swanson,Daniel Pineda,1.0,"December 12, 2020"
Alex Caceres,Daniel Pineda,1.0,"June 03, 2023"
Herbert Burns,Daniel Pineda,0.0,"August 15, 2020"
Andre Fili,Charles Jourdain,1.0,"June 13, 2020"
Julian Erosa,Charles Jourdain,1.0,"September 04, 2021"
Ricardo Ramos,Charles Jourdain,0.0,"September 23, 2023"
Dooho Choi,Charles Jourdain,0.0,"December 21, 2019"
Kron Gracie,Charles Jourdain,0.0,"May 06, 2023"
Lando Vannata,Charles Jourdain,0.0,"April 23, 2022"
Shane Burgos,Charles Jourdain,1.0,"July 16, 2022"
Desmond Green,Charles Jourdain,1.0,"May 18, 2019"
Andre Fili,Sodiq Yusuff,0.0,"January 18, 2020"
Arnold Allen,Sodiq Yusuff,1.0,"April 10, 2021"
Gabriel Benitez,Sodiq Yusuff,0.0,"August 17, 2019"
Andre Fili,Sheymon Moraes,1.0,"July 13, 2019"
Sodiq Yusuff,Sheymon Moraes,1.0,"March 30, 2019"
Andre Fili,Myles Jury,1.0,"February 17, 2019"
Max Holloway,Calvin Kattar,1.0,"January 16, 2021"
Jeremy Stephens,Calvin Kattar,0.0,"May 09, 2020"
Ricardo Lamas,Calvin Kattar,0.0,"June 08, 2019"
Zabit Magomedsharipov,Calvin Kattar,1.0,"November 09, 2019"
Eryk Anders,Christian Leroy Duncan,0.0,"August 09, 2025"
Armen Petrosyan,Christian Leroy Duncan,1.0,"June 17, 2023"
Eryk Anders,Jamie Pickett,1.0,"March 02, 2024"
Bo Nickal,Jamie Pickett,1.0,"March 04, 2023"
Josh Fremd,Jamie Pickett,1.0,"August 12, 2023"
Jordan Wright,Jamie Pickett,1.0,"May 15, 2021"
Denis Tiuliulin,Jamie Pickett,1.0,"September 10, 2022"
Tafon Nchukwi,Jamie Pickett,1.0,"December 19, 2020"
Kyle Daukaus,Jamie Pickett,1.0,"February 19, 2022"
Eryk Anders,Darren Stewart,1.0,"June 12, 2021"
Eryk Anders,Darren Stewart,0.0,"March 13, 2021"
Kevin Holland,Darren Stewart,1.0,"September 19, 2020"
Dustin Jacoby,Darren Stewart,1.0,"August 28, 2021"
Maki Pitolo,Darren Stewart,0.0,"August 08, 2020"
Deron Winn,Darren Stewart,0.0,"October 18, 2019"
Bevon Lewis,Darren Stewart,0.0,"June 08, 2019"
Eryk Anders,Krzysztof Jotko,0.0,"May 16, 2020"
Marc-Andre Barriault,Krzysztof Jotko,0.0,"July 27, 2019"
Sean Strickland,Krzysztof Jotko,1.0,"May 01, 2021"
Misha Cirkunov,Krzysztof Jotko,0.0,"October 02, 2021"
Eryk Anders,Vinicius Moreira,1.0,"June 29, 2019"
Alonzo Menifield,Vinicius Moreira,1.0,"January 19, 2019"
Ike Villanueva,Vinicius Moreira,1.0,"January 20, 2021"
Dalcha Lungiambula,Markus Perez,1.0,"January 20, 2021"
Elijah Smith,Toshiomi Kazama,1.0,"August 09, 2025"
Joselyne Edwards,Priscila Cachoeira,1.0,"August 09, 2025"
Molly McCann,Priscila Cachoeira,1.0,"March 16, 2019"
Josiane Nunes,Priscila Cachoeira,0.0,"March 15, 2025"
Jasmine Jasudavicius,Priscila Cachoeira,1.0,"January 20, 2024"
Miranda Maverick,Priscila Cachoeira,1.0,"July 29, 2023"
Luana Carolina,Priscila Cachoeira,1.0,"May 11, 2019"
Gillian Robertson,Priscila Cachoeira,1.0,"December 11, 2021"
Ji Yeon Kim,Priscila Cachoeira,0.0,"February 26, 2022"
Gina Mazany,Priscila Cachoeira,0.0,"May 15, 2021"
Joselyne Edwards,Tamires Vidal,1.0,"October 19, 2024"
Joselyne Edwards,Lucie Pudilova,1.0,"April 15, 2023"
Luana Carolina,Lucie Pudilova,1.0,"July 20, 2024"
Wu Yanan,Lucie Pudilova,0.0,"August 20, 2022"
Antonina Shevchenko,Lucie Pudilova,1.0,"August 03, 2019"
Justine Kish,Lucie Pudilova,1.0,"January 25, 2020"
Liz Carmouche,Lucie Pudilova,1.0,"February 23, 2019"
Joselyne Edwards,Ji Yeon Kim,1.0,"July 30, 2022"
Molly McCann,Ji Yeon Kim,1.0,"September 04, 2021"
Nadia Kassem,Ji Yeon Kim,0.0,"October 05, 2019"
Uros Medic,Gilbert Urbina,1.0,"August 09, 2025"
Bryan Battle,Gilbert Urbina,1.0,"August 28, 2021"
Orion Cosce,Gilbert Urbina,0.0,"May 20, 2023"
Uros Medic,Jalin Turner,0.0,"September 25, 2021"
Mateusz Gamrot,Jalin Turner,1.0,"March 04, 2023"
Brad Riddell,Jalin Turner,0.0,"July 02, 2022"
Brok Weaver,Jalin Turner,0.0,"September 12, 2020"
Callan Potter,Jalin Turner,0.0,"February 09, 2019"
Uros Medic,Aalon Cruz,1.0,"March 06, 2021"
Max Holloway,Dustin Poirier,1.0,"July 19, 2025"
Max Holloway,Dustin Poirier,0.0,"April 13, 2019"
Islam Makhachev,Dustin Poirier,1.0,"June 01, 2024"
Charles Oliveira,Dustin Poirier,1.0,"December 11, 2021"
Khabib Nurmagomedov,Dustin Poirier,1.0,"September 07, 2019"
Max Holloway,Arnold Allen,1.0,"April 15, 2023"
Calvin Kattar,Arnold Allen,0.0,"October 29, 2022"
Gilbert Melendez,Arnold Allen,0.0,"July 06, 2019"
Max Holloway,Alexander Volkanovski,0.0,"December 14, 2019"
Jose Aldo,Alexander Volkanovski,0.0,"May 11, 2019"
Islam Makhachev,Alexander Volkanovski,1.0,"October 21, 2023"
Islam Makhachev,Alexander Volkanovski,1.0,"February 11, 2023"
Max Holloway,Frankie Edgar,1.0,"July 27, 2019"
Cory Sandhagen,Frankie Edgar,1.0,"February 06, 2021"
Pedro Munhoz,Frankie Edgar,0.0,"August 22, 2020"
Alexander Volkanovski,Brian Ortega,1.0,"September 25, 2021"
Yair Rodriguez,Brian Ortega,0.0,"February 24, 2024"
Petr Yan,Jose Aldo,1.0,"July 11, 2020"
Rob Font,Jose Aldo,0.0,"December 04, 2021"
Marlon Moraes,Jose Aldo,1.0,"December 14, 2019"
Stephen Thompson,Anthony Pettis,0.0,"March 23, 2019"
Yair Rodriguez,Jeremy Stephens,1.0,"October 18, 2019"
Yair Rodriguez,Jeremy Stephens,0.0,"September 21, 2019"
Ilia Topuria,Charles Oliveira,1.0,"June 28, 2025"
Tony Ferguson,Charles Oliveira,0.0,"December 12, 2020"
Kevin Lee,Charles Oliveira,0.0,"March 14, 2020"
Dan Ige,Andre Fili,1.0,"February 10, 2024"
Bryce Mitchell,Andre Fili,1.0,"October 31, 2020"
Nathaniel Wood,Andre Fili,1.0,"July 22, 2023"
Cub Swanson,Andre Fili,0.0,"June 29, 2024"
Gabriella Fernandes,Julija Stoliarenko,1.0,"August 09, 2025"
Yana Santos,Julija Stoliarenko,1.0,"August 08, 2020"
Molly McCann,Julija Stoliarenko,0.0,"July 22, 2023"
Julia Avila,Julija Stoliarenko,1.0,"June 26, 2021"
Luana Carolina,Julija Stoliarenko,1.0,"February 03, 2024"
Jessica-Rose Clark,Julija Stoliarenko,0.0,"July 02, 2022"
Alexis Davis,Julija Stoliarenko,1.0,"February 05, 2022"
Cody Brundage,Eric McConico,0.0,"August 09, 2025"
Nursulton Ruziboev,Eric McConico,1.0,"February 22, 2025"
Cody Brundage,Julian Marquez,1.0,"March 01, 2025"
Sam Alvey,Julian Marquez,0.0,"April 10, 2021"
Maki Pitolo,Julian Marquez,0.0,"February 13, 2021"
Cody Brundage,Sedriques Dumas,0.0,"June 24, 2023"
Nursulton Ruziboev,Sedriques Dumas,1.0,"March 30, 2024"
Abu Azaitar,Sedriques Dumas,0.0,"October 21, 2023"
Cody Brundage,Nick Maximov,0.0,"September 25, 2021"
Punahele Soriano,Nick Maximov,0.0,"February 05, 2022"
Kevin Holland,Jack Della Maddalena,0.0,"September 16, 2023"
Gilbert Burns,Jack Della Maddalena,0.0,"March 09, 2024"
Belal Muhammad,Jack Della Maddalena,0.0,"May 10, 2025"
Kevin Holland,Alex Oliveira,1.0,"March 05, 2022"
Nicolas Dalby,Alex Oliveira,1.0,"September 28, 2019"
Kevin Holland,Jacare Souza,1.0,"December 12, 2020"
Jan Blachowicz,Jacare Souza,1.0,"November 16, 2019"
Kevin Holland,Charlie Ontiveros,1.0,"October 31, 2020"
Steve Garcia,Charlie Ontiveros,1.0,"October 09, 2021"
Gabriel Benitez,Charlie Ontiveros,1.0,"August 13, 2022"
Kevin Holland,Alessio Di Chirico,1.0,"June 22, 2019"
Joaquin Buckley,Alessio Di Chirico,0.0,"January 16, 2021"
JunYong Park,John Phillips,1.0,"October 17, 2020"
Alen Amedovski,John Phillips,0.0,"September 28, 2019"
Jack Marshman,John Phillips,1.0,"March 16, 2019"
Paulo Costa,Roman Kopylov,1.0,"July 19, 2025"
Chris Curtis,Roman Kopylov,0.0,"January 11, 2025"
Cesar Almeida,Roman Kopylov,0.0,"June 01, 2024"
Punahele Soriano,Roman Kopylov,0.0,"January 14, 2023"
Anthony Hernandez,Roman Kopylov,1.0,"February 17, 2024"
Albert Duraev,Roman Kopylov,1.0,"October 30, 2021"
Alessio Di Chirico,Roman Kopylov,0.0,"September 03, 2022"
Paulo Costa,Luke Rockhold,1.0,"August 20, 2022"
Jan Blachowicz,Luke Rockhold,1.0,"July 06, 2019"
Paulo Costa,Marvin Vettori,0.0,"October 23, 2021"
Robert Whittaker,Marvin Vettori,1.0,"September 03, 2022"
Jack Hermansson,Marvin Vettori,0.0,"December 05, 2020"
Israel Adesanya,Marvin Vettori,1.0,"June 12, 2021"
Karl Roberson,Marvin Vettori,0.0,"June 13, 2020"
Dan Ige,Patricio Freire,0.0,"July 19, 2025"
Yair Rodriguez,Patricio Freire,1.0,"April 12, 2025"
Dan Ige,Sean Woodson,1.0,"April 12, 2025"
Charles Jourdain,Sean Woodson,0.0,"January 20, 2024"
Alex Caceres,Sean Woodson,0.0,"May 11, 2024"
Kyle Bochniak,Sean Woodson,0.0,"October 18, 2019"
Dan Ige,Nate Landwehr,1.0,"June 10, 2023"
Darren Elkins,Nate Landwehr,0.0,"May 16, 2020"
Herbert Burns,Nate Landwehr,1.0,"January 25, 2020"
Dan Ige,Damon Jackson,1.0,"January 14, 2023"
Ilia Topuria,Damon Jackson,1.0,"December 05, 2020"
Jim Miller,Damon Jackson,1.0,"November 16, 2024"
Alexander Hernandez,Damon Jackson,0.0,"April 06, 2024"
Billy Quarantillo,Damon Jackson,1.0,"August 05, 2023"
Charles Rosa,Damon Jackson,0.0,"October 09, 2021"
Mirsad Bektic,Damon Jackson,0.0,"September 19, 2020"
Dan Ige,Movsar Evloev,0.0,"June 04, 2022"
Arnold Allen,Movsar Evloev,0.0,"January 20, 2024"
Nik Lentz,Movsar Evloev,0.0,"January 23, 2021"
Enrique Barzola,Movsar Evloev,0.0,"October 26, 2019"
Dan Ige,Gavin Tucker,1.0,"March 13, 2021"
Diego Lopes,Gavin Tucker,1.0,"August 05, 2023"
Dan Ige,Edson Barboza,1.0,"May 16, 2020"
Sodiq Yusuff,Edson Barboza,0.0,"October 14, 2023"
Shane Burgos,Edson Barboza,0.0,"May 15, 2021"
Dan Ige,Kevin Aguilar,1.0,"June 22, 2019"
Charles Rosa,Kevin Aguilar,1.0,"June 13, 2020"
Enrique Barzola,Kevin Aguilar,0.0,"March 30, 2019"
Luis Saldana,Jordan Griffin,1.0,"April 10, 2021"
Chas Skelly,Jordan Griffin,1.0,"September 14, 2019"
Song Yadong,Julio Arce,1.0,"November 13, 2021"
Michael Johnson,Daniel Zellhuber,1.0,"July 19, 2025"
Trey Ogden,Daniel Zellhuber,1.0,"September 17, 2022"
Lando Vannata,Daniel Zellhuber,0.0,"April 15, 2023"
Michael Johnson,Ottman Azaitar,1.0,"December 14, 2024"
Matt Frevola,Ottman Azaitar,1.0,"November 12, 2022"
Michael Johnson,Darrius Flowers,1.0,"February 10, 2024"
Jake Matthews,Darrius Flowers,1.0,"July 29, 2023"
Evan Elder,Darrius Flowers,1.0,"July 13, 2024"
Michael Johnson,Marc Diakiese,1.0,"December 03, 2022"
Kaue Fernandes,Marc Diakiese,0.0,"November 04, 2023"
Michael Johnson,Jamie Mullarkey,0.0,"July 09, 2022"
Jalin Turner,Jamie Mullarkey,1.0,"March 05, 2022"
Nasrat Haqparast,Jamie Mullarkey,1.0,"December 09, 2023"
Mauricio Ruffy,Jamie Mullarkey,1.0,"May 04, 2024"
Brad Riddell,Jamie Mullarkey,1.0,"October 05, 2019"
Devonte Smith,Jamie Mullarkey,0.0,"October 02, 2021"
Michael Johnson,Alan Patrick,1.0,"May 14, 2022"
King Green,Alan Patrick,1.0,"September 12, 2020"
Michael Johnson,Stevie Ray,0.0,"October 26, 2019"
Leon Edwards,Nate Diaz,1.0,"June 12, 2021"
Anthony Pettis,Nate Diaz,0.0,"August 17, 2019"
Jorge Masvidal,Nate Diaz,1.0,"November 02, 2019"
Kyler Phillips,Vinicius Oliveira,0.0,"July 19, 2025"
Ricky Simon,Vinicius Oliveira,0.0,"June 29, 2024"
Said Nurmagomedov,Vinicius Oliveira,0.0,"February 01, 2025"
Kyler Phillips,Raoni Barcelos,1.0,"August 05, 2023"
Payton Talbott,Raoni Barcelos,0.0,"January 18, 2025"
Cody Garbrandt,Raoni Barcelos,0.0,"June 14, 2025"
Umar Nurmagomedov,Raoni Barcelos,1.0,"January 14, 2023"
Cristian Quinonez,Raoni Barcelos,0.0,"February 24, 2024"
Kyler Phillips,Marcelo Rojo,1.0,"February 12, 2022"
Charles Jourdain,Marcelo Rojo,1.0,"March 13, 2021"
Kyler Phillips,Raulian Paiva,0.0,"July 24, 2021"
Kai Kara-France,Raulian Paiva,1.0,"February 09, 2019"
Rogerio Bontorin,Raulian Paiva,1.0,"August 10, 2019"
Mark De La Rosa,Raulian Paiva,0.0,"February 15, 2020"
Kyler Phillips,Cameron Else,1.0,"October 03, 2020"
Aoriqileng,Cameron Else,1.0,"April 23, 2022"
Marvin Vettori,Roman Dolidze,0.0,"March 15, 2025"
Marvin Vettori,Roman Dolidze,1.0,"March 18, 2023"
Jack Hermansson,Roman Dolidze,0.0,"December 03, 2022"
Anthony Smith,Roman Dolidze,0.0,"June 29, 2024"
Trevin Giles,Roman Dolidze,1.0,"March 20, 2021"
Phil Hawes,Roman Dolidze,0.0,"October 29, 2022"
Marvin Vettori,Jared Cannonier,0.0,"June 17, 2023"
Robert Whittaker,Jared Cannonier,1.0,"October 24, 2020"
Jack Hermansson,Jared Cannonier,0.0,"September 28, 2019"
Israel Adesanya,Jared Cannonier,1.0,"July 02, 2022"
Marvin Vettori,Andrew Sanchez,1.0,"October 12, 2019"
Marc-Andre Barriault,Andrew Sanchez,0.0,"May 04, 2019"
Marvin Vettori,Cezar Ferreira,1.0,"July 13, 2019"
Ian Heinisch,Omari Akhmedov,0.0,"December 14, 2019"
Tim Boetsch,Omari Akhmedov,0.0,"March 09, 2019"
Ateba Gautier,Robert Valentin,1.0,"July 19, 2025"
Torrez Finney,Robert Valentin,1.0,"April 05, 2025"
Francisco Prado,Nikolay Veretennikov,0.0,"July 19, 2025"
Danny Barlow,Nikolay Veretennikov,1.0,"August 10, 2024"
Adam Fugitt,Islam Dulatov,0.0,"July 19, 2025"
Jimmy Crute,Rodolfo Bellato,0.0,"February 08, 2025"
Paul Craig,Rodolfo Bellato,0.0,"June 14, 2025"
Jimmy Crute,Alonzo Menifield,0.0,"July 08, 2023"
Jimmy Crute,Alonzo Menifield,0.0,"February 11, 2023"
Azamat Murzakanov,Alonzo Menifield,1.0,"August 03, 2024"
Ovince Saint Preux,Alonzo Menifield,1.0,"September 05, 2020"
Misha Cirkunov,Alonzo Menifield,0.0,"October 15, 2022"
Jimmy Crute,Modestas Bukauskas,1.0,"October 17, 2020"
Vitor Petrino,Modestas Bukauskas,1.0,"November 04, 2023"
Zac Pauga,Modestas Bukauskas,0.0,"June 17, 2023"
Tyson Pedro,Modestas Bukauskas,0.0,"February 11, 2023"
Jimmy Crute,Sam Alvey,1.0,"February 09, 2019"
Ryan Spann,Sam Alvey,1.0,"May 09, 2020"
Da Woon Jung,Sam Alvey,0.0,"October 24, 2020"
Ryan Spann,Lukasz Brzeski,1.0,"July 19, 2025"
Martin Buday,Lukasz Brzeski,1.0,"August 13, 2022"
Kennedy Nzechukwu,Lukasz Brzeski,1.0,"December 07, 2024"
Waldo Cortes-Acosta,Lukasz Brzeski,1.0,"August 26, 2023"
Mick Parkin,Lukasz Brzeski,1.0,"July 27, 2024"
Valter Walker,Lukasz Brzeski,0.0,"April 06, 2024"
Karl Williams,Lukasz Brzeski,1.0,"March 11, 2023"
Ryan Spann,Ovince Saint Preux,1.0,"October 05, 2024"
Tanner Boser,Ovince Saint Preux,1.0,"June 26, 2021"
Mauricio Rua,Ovince Saint Preux,0.0,"May 07, 2022"
Ben Rothwell,Ovince Saint Preux,1.0,"May 13, 2020"
Michal Oleksiejczuk,Ovince Saint Preux,0.0,"September 28, 2019"
Ryan Spann,Bogdan Guskov,0.0,"April 27, 2024"
Nikita Krylov,Bogdan Guskov,0.0,"July 26, 2025"
Volkan Oezdemir,Bogdan Guskov,1.0,"September 02, 2023"
Zac Pauga,Bogdan Guskov,0.0,"February 10, 2024"
Ryan Spann,Devin Clark,1.0,"October 12, 2019"
Kennedy Nzechukwu,Devin Clark,1.0,"May 06, 2023"
Alonzo Menifield,Devin Clark,0.0,"June 06, 2020"
Anthony Smith,Devin Clark,1.0,"November 28, 2020"
Ion Cutelaba,Devin Clark,1.0,"September 18, 2021"
Da Woon Jung,Devin Clark,0.0,"February 04, 2023"
Darko Stosic,Devin Clark,0.0,"June 01, 2019"
Brunno Ferreira,Jackson McVey,1.0,"July 19, 2025"
Brunno Ferreira,Nursulton Ruziboev,0.0,"July 01, 2023"
Dustin Stoltzfus,Nursulton Ruziboev,0.0,"May 17, 2025"
Joaquin Buckley,Nursulton Ruziboev,1.0,"May 11, 2024"
Carli Judice,Nicolle Caliari,1.0,"July 19, 2025"
Ernesta Kareckaite,Nicolle Caliari,1.0,"January 11, 2025"
Carli Judice,Gabriella Fernandes,0.0,"June 15, 2024"
Wang Cong,Gabriella Fernandes,0.0,"November 23, 2024"
Jasmine Jasudavicius,Gabriella Fernandes,1.0,"February 25, 2023"
Tereza Bleda,Gabriella Fernandes,1.0,"June 17, 2023"
Robert Whittaker,Ikram Aliskerov,1.0,"June 22, 2024"
Phil Hawes,Ikram Aliskerov,0.0,"May 06, 2023"
Robert Whittaker,Paulo Costa,1.0,"February 17, 2024"
Israel Adesanya,Paulo Costa,1.0,"September 26, 2020"
Sean Strickland,Paulo Costa,1.0,"June 01, 2024"
Yoel Romero,Paulo Costa,0.0,"August 17, 2019"
Robert Whittaker,Darren Till,1.0,"July 25, 2020"
Kelvin Gastelum,Darren Till,0.0,"November 02, 2019"
Derek Brunson,Darren Till,1.0,"September 04, 2021"
Gilbert Burns,Stephen Thompson,1.0,"July 10, 2021"
Shavkat Rakhmonov,Stephen Thompson,1.0,"December 16, 2023"
Petr Yan,Marcus McGhee,1.0,"July 26, 2025"
Jonathan Martinez,Marcus McGhee,0.0,"November 16, 2024"
JP Buys,Marcus McGhee,0.0,"August 12, 2023"
Journey Newson,Marcus McGhee,0.0,"April 29, 2023"
Petr Yan,Deiveson Figueiredo,1.0,"November 23, 2024"
Alexandre Pantoja,Deiveson Figueiredo,0.0,"July 27, 2019"
Cory Sandhagen,Deiveson Figueiredo,1.0,"May 03, 2025"
Brandon Moreno,Deiveson Figueiredo,0.0,"January 22, 2022"
Rob Font,Deiveson Figueiredo,0.0,"December 02, 2023"
Marlon Vera,Deiveson Figueiredo,0.0,"August 03, 2024"
Joseph Benavidez,Deiveson Figueiredo,0.0,"February 29, 2020"
Jussier Formiga,Deiveson Figueiredo,1.0,"March 23, 2019"
Petr Yan,Song Yadong,1.0,"March 09, 2024"
Cory Sandhagen,Song Yadong,1.0,"September 17, 2022"
Henry Cejudo,Song Yadong,0.0,"February 22, 2025"
Cody Stamann,Song Yadong,0.0,"December 07, 2019"
Marlon Moraes,Song Yadong,0.0,"March 12, 2022"
Alejandro Perez,Song Yadong,0.0,"July 06, 2019"
Petr Yan,Merab Dvalishvili,0.0,"March 11, 2023"
Jose Aldo,Merab Dvalishvili,0.0,"August 20, 2022"
Brad Katona,Merab Dvalishvili,0.0,"May 04, 2019"
Sean O'Malley,Merab Dvalishvili,0.0,"September 14, 2024"
Marlon Moraes,Merab Dvalishvili,0.0,"September 25, 2021"
Casey Kenney,Merab Dvalishvili,0.0,"February 15, 2020"
John Dodson,Merab Dvalishvili,0.0,"August 15, 2020"
Petr Yan,Sean O'Malley,0.0,"October 22, 2022"
Merab Dvalishvili,Sean O'Malley,1.0,"June 07, 2025"
Pedro Munhoz,Sean O'Malley,0.0,"July 02, 2022"
Aljamain Sterling,Sean O'Malley,0.0,"August 19, 2023"
Eddie Wineland,Sean O'Malley,0.0,"June 06, 2020"
Raulian Paiva,Sean O'Malley,0.0,"December 11, 2021"
Petr Yan,Cory Sandhagen,1.0,"October 30, 2021"
Marlon Vera,Cory Sandhagen,0.0,"March 25, 2023"
Aljamain Sterling,Cory Sandhagen,1.0,"June 06, 2020"
Raphael Assuncao,Cory Sandhagen,0.0,"August 17, 2019"
Marlon Moraes,Cory Sandhagen,0.0,"October 10, 2020"
John Lineker,Cory Sandhagen,0.0,"April 27, 2019"
Petr Yan,Urijah Faber,1.0,"December 14, 2019"
Mario Bautista,Jin Soo Son,1.0,"July 20, 2019"
Shara Magomedov,Marc-Andre Barriault,1.0,"July 26, 2025"
Chidi Njokuani,Marc-Andre Barriault,1.0,"February 05, 2022"
Chris Curtis,Marc-Andre Barriault,1.0,"January 20, 2024"
Anthony Hernandez,Marc-Andre Barriault,1.0,"September 17, 2022"
Joe Pyfer,Marc-Andre Barriault,1.0,"June 29, 2024"
Julian Marquez,Marc-Andre Barriault,0.0,"March 04, 2023"
JunYong Park,Marc-Andre Barriault,1.0,"December 21, 2019"
Jordan Wright,Marc-Andre Barriault,0.0,"April 23, 2022"
Dalcha Lungiambula,Marc-Andre Barriault,0.0,"September 04, 2021"
Shara Magomedov,Antonio Trocoli,1.0,"June 22, 2024"
Tresean Gore,Antonio Trocoli,1.0,"November 09, 2024"
Asu Almabayev,Jose Ochoa,1.0,"July 26, 2025"
Cody Durden,Jose Ochoa,0.0,"June 14, 2025"
Lone'er Kavanagh,Jose Ochoa,1.0,"November 23, 2024"
Asu Almabayev,Jose Johnson,1.0,"June 15, 2024"
Da'Mon Blackshear,Jose Johnson,1.0,"August 12, 2023"
Chad Anheliger,Jose Johnson,0.0,"November 18, 2023"
Nikita Krylov,Alexander Gustafsson,1.0,"July 23, 2022"
Fabricio Werdum,Alexander Gustafsson,1.0,"July 25, 2020"
Nikita Krylov,Magomed Ankalaev,0.0,"February 27, 2021"
Jan Blachowicz,Magomed Ankalaev,0.0,"December 10, 2022"
Alex Pereira,Magomed Ankalaev,0.0,"March 08, 2025"
Ion Cutelaba,Magomed Ankalaev,0.0,"February 29, 2020"
Thiago Santos,Magomed Ankalaev,0.0,"March 12, 2022"
Alonzo Menifield,Ed Herman,1.0,"August 07, 2021"
Zak Cummings,Ed Herman,1.0,"April 15, 2023"
Khadis Ibragimov,Ed Herman,0.0,"November 09, 2019"
Patrick Cummins,Ed Herman,0.0,"May 18, 2019"
Bryce Mitchell,Said Nurmagomedov,1.0,"July 26, 2025"
Ricardo Ramos,Said Nurmagomedov,0.0,"February 02, 2019"
Cody Stamann,Said Nurmagomedov,0.0,"January 22, 2022"
Douglas Silva de Andrade,Said Nurmagomedov,0.0,"July 09, 2022"
Raoni Barcelos,Said Nurmagomedov,1.0,"December 21, 2019"
Bryce Mitchell,Jean Silva,0.0,"April 12, 2025"
Charles Jourdain,Jean Silva,0.0,"June 29, 2024"
Drew Dober,Jean Silva,0.0,"July 13, 2024"
Westin Wilson,Jean Silva,0.0,"January 13, 2024"
Bryce Mitchell,Kron Gracie,1.0,"December 07, 2024"
Cub Swanson,Kron Gracie,1.0,"October 12, 2019"
Alex Caceres,Kron Gracie,0.0,"February 17, 2019"
Bryce Mitchell,Ilia Topuria,0.0,"December 10, 2022"
Josh Emmett,Ilia Topuria,0.0,"June 24, 2023"
Alexander Volkanovski,Ilia Topuria,0.0,"February 17, 2024"
Jai Herbert,Ilia Topuria,0.0,"March 19, 2022"
Youssef Zalal,Ilia Topuria,0.0,"October 10, 2020"
Ryan Hall,Ilia Topuria,0.0,"July 10, 2021"
Bryce Mitchell,Charles Rosa,1.0,"May 09, 2020"
Nathaniel Wood,Charles Rosa,1.0,"July 23, 2022"
TJ Brown,Charles Rosa,1.0,"January 15, 2022"
Bryce Mitchell,Matt Sayles,1.0,"December 07, 2019"
Kyle Nelson,Matt Sayles,0.0,"May 04, 2019"
Jordan Leavitt,Matt Sayles,1.0,"December 18, 2021"
Bryce Mitchell,Bobby Moffett,1.0,"March 23, 2019"
Enrique Barzola,Bobby Moffett,1.0,"August 10, 2019"
Muslim Salikhov,Carlos Leal,1.0,"July 26, 2025"
Alex Morono,Carlos Leal,0.0,"March 08, 2025"
Rinat Fakhretdinov,Carlos Leal,1.0,"October 26, 2024"
Davey Grant,Da'Mon Blackshear,1.0,"July 26, 2025"
Montel Jackson,Da'Mon Blackshear,1.0,"July 13, 2024"
Cody Stamann,Da'Mon Blackshear,0.0,"November 09, 2024"
Youssef Zalal,Da'Mon Blackshear,0.0,"August 13, 2022"
Davey Grant,Ramon Taveras,1.0,"December 14, 2024"
Serhiy Sidey,Ramon Taveras,0.0,"January 20, 2024"
Davey Grant,Daniel Marcos,0.0,"July 22, 2023"
Montel Jackson,Daniel Marcos,1.0,"May 03, 2025"
Adrian Yanez,Daniel Marcos,0.0,"December 14, 2024"
John Castaneda,Daniel Marcos,0.0,"June 08, 2024"
Saimon Oliveira,Daniel Marcos,0.0,"January 21, 2023"
Davey Grant,Adrian Yanez,0.0,"November 20, 2021"
Rob Font,Adrian Yanez,1.0,"April 08, 2023"
Jonathan Martinez,Adrian Yanez,1.0,"October 14, 2023"
Charles Rosa,Manny Bermudez,1.0,"October 18, 2019"
Benito Lopez,Manny Bermudez,0.0,"February 17, 2019"
Jose Aldo,Marlon Vera,1.0,"December 19, 2020"
Rob Font,Marlon Vera,0.0,"April 30, 2022"
Sean O'Malley,Marlon Vera,1.0,"March 09, 2024"
Sean O'Malley,Marlon Vera,0.0,"August 15, 2020"
Song Yadong,Marlon Vera,1.0,"May 16, 2020"
Frankie Edgar,Marlon Vera,0.0,"November 06, 2021"
Amanda Ribas,Tabatha Ricci,0.0,"July 26, 2025"
Yan Xiaonan,Tabatha Ricci,1.0,"November 23, 2024"
Angela Hill,Tabatha Ricci,0.0,"August 24, 2024"
Jessica Penne,Tabatha Ricci,0.0,"March 04, 2023"
Manon Fiorot,Tabatha Ricci,1.0,"June 05, 2021"
Polyana Viana,Tabatha Ricci,0.0,"May 21, 2022"
Amanda Ribas,Maycee Barber,0.0,"June 24, 2023"
Andrea Lee,Maycee Barber,0.0,"March 25, 2023"
Miranda Maverick,Maycee Barber,0.0,"July 24, 2021"
Katlyn Cerminara,Maycee Barber,0.0,"March 09, 2024"
Jessica Eye,Maycee Barber,0.0,"July 02, 2022"
Roxanne Modafferi,Maycee Barber,1.0,"January 18, 2020"
Amanda Ribas,Virna Jandiroba,1.0,"October 30, 2021"
Marina Rodriguez,Virna Jandiroba,0.0,"May 06, 2023"
Yan Xiaonan,Virna Jandiroba,0.0,"April 12, 2025"
Amanda Lemos,Virna Jandiroba,0.0,"July 20, 2024"
Mackenzie Dern,Virna Jandiroba,1.0,"December 12, 2020"
Carla Esparza,Virna Jandiroba,1.0,"April 27, 2019"
Felice Herrig,Virna Jandiroba,0.0,"August 15, 2020"
Kanako Murata,Virna Jandiroba,0.0,"June 19, 2021"
Amanda Ribas,Paige VanZant,1.0,"July 11, 2020"
Amanda Ribas,Randa Markos,1.0,"March 14, 2020"
Mackenzie Dern,Randa Markos,1.0,"September 19, 2020"
Livinha Souza,Randa Markos,0.0,"October 23, 2021"
Claudia Gadelha,Randa Markos,1.0,"July 06, 2019"
Ibo Aslan,Billy Elekana,0.0,"July 26, 2025"
Bogdan Guskov,Billy Elekana,1.0,"January 18, 2025"
Ibo Aslan,Anton Turkalj,1.0,"March 30, 2024"
Vitor Petrino,Anton Turkalj,1.0,"March 11, 2023"
Jailton Almeida,Anton Turkalj,1.0,"September 10, 2022"
Tyson Pedro,Anton Turkalj,1.0,"September 09, 2023"
Mohammad Yahya,Steven Nguyen,0.0,"July 26, 2025"
Jarno Errens,Steven Nguyen,1.0,"March 23, 2024"
Mohammad Yahya,Trevor Peek,0.0,"October 21, 2023"
Erick Gonzalez,Trevor Peek,0.0,"February 25, 2023"
Martin Buday,Marcus Buchecha,1.0,"July 26, 2025"
Martin Buday,Uran Satybaldiev,1.0,"April 05, 2025"
Martin Buday,Shamil Gaziev,0.0,"December 16, 2023"
Jairzinho Rozenstruik,Shamil Gaziev,1.0,"March 02, 2024"
Martin Buday,Jake Collier,1.0,"April 29, 2023"
Tom Aspinall,Jake Collier,1.0,"July 25, 2020"
Mohammed Usman,Jake Collier,1.0,"September 23, 2023"
Andrei Arlovski,Jake Collier,1.0,"April 30, 2022"
Gian Villante,Jake Collier,0.0,"December 05, 2020"
Carlos Felipe,Jake Collier,1.0,"June 12, 2021"
Derrick Lewis,Tallison Teixeira,1.0,"July 12, 2025"
Justin Tafa,Tallison Teixeira,0.0,"February 08, 2025"
Derrick Lewis,Rodrigo Nascimento,1.0,"May 11, 2024"
Alexandr Romanov,Rodrigo Nascimento,1.0,"November 02, 2024"
Tanner Boser,Rodrigo Nascimento,0.0,"September 17, 2022"
Ilir Latifi,Rodrigo Nascimento,0.0,"May 20, 2023"
Alan Baudot,Rodrigo Nascimento,0.0,"July 17, 2021"
Chris Daukaus,Rodrigo Nascimento,1.0,"October 10, 2020"
Derrick Lewis,Marcos Rogerio de Lima,1.0,"July 29, 2023"
Alexandr Romanov,Marcos Rogerio de Lima,1.0,"November 07, 2020"
Andrei Arlovski,Marcos Rogerio de Lima,0.0,"October 29, 2022"
Blagoy Ivanov,Marcos Rogerio de Lima,1.0,"May 07, 2022"
Ben Rothwell,Marcos Rogerio de Lima,0.0,"November 13, 2021"
Maurice Greene,Marcos Rogerio de Lima,0.0,"May 08, 2021"
Stefan Struve,Marcos Rogerio de Lima,1.0,"February 23, 2019"
Ben Sosoli,Marcos Rogerio de Lima,0.0,"February 22, 2020"
Derrick Lewis,Sergei Pavlovich,0.0,"July 30, 2022"
Tai Tuivasa,Sergei Pavlovich,0.0,"December 03, 2022"
Shamil Abdurakhimov,Sergei Pavlovich,0.0,"March 19, 2022"
Maurice Greene,Sergei Pavlovich,0.0,"October 26, 2019"
Derrick Lewis,Tai Tuivasa,0.0,"February 12, 2022"
Ciryl Gane,Tai Tuivasa,1.0,"September 03, 2022"
Augusto Sakai,Tai Tuivasa,0.0,"December 11, 2021"
Stefan Struve,Tai Tuivasa,0.0,"October 24, 2020"
Derrick Lewis,Chris Daukaus,1.0,"December 18, 2021"
Curtis Blaydes,Chris Daukaus,1.0,"March 26, 2022"
Jairzinho Rozenstruik,Chris Daukaus,1.0,"December 10, 2022"
Khalil Rountree Jr.,Chris Daukaus,1.0,"August 12, 2023"
Shamil Abdurakhimov,Chris Daukaus,0.0,"September 25, 2021"
Aleksei Oleinik,Chris Daukaus,0.0,"February 20, 2021"
Derrick Lewis,Ciryl Gane,0.0,"August 07, 2021"
Jon Jones,Ciryl Gane,1.0,"March 04, 2023"
Jairzinho Rozenstruik,Ciryl Gane,0.0,"February 27, 2021"
Francis Ngannou,Ciryl Gane,1.0,"January 22, 2022"
Junior Dos Santos,Ciryl Gane,0.0,"December 12, 2020"
Derrick Lewis,Aleksei Oleinik,1.0,"August 08, 2020"
Ilir Latifi,Aleksei Oleinik,1.0,"October 01, 2022"
Alistair Overeem,Aleksei Oleinik,1.0,"April 20, 2019"
Derrick Lewis,Ilir Latifi,1.0,"February 08, 2020"
Volkan Oezdemir,Ilir Latifi,1.0,"August 10, 2019"
Tanner Boser,Ilir Latifi,0.0,"June 05, 2021"
Derrick Lewis,Junior Dos Santos,0.0,"March 09, 2019"
Curtis Blaydes,Junior Dos Santos,1.0,"January 25, 2020"
Francis Ngannou,Junior Dos Santos,1.0,"June 29, 2019"
Tai Tuivasa,Marcin Tybura,0.0,"March 16, 2024"
Tom Aspinall,Marcin Tybura,1.0,"July 22, 2023"
Alexander Volkov,Marcin Tybura,1.0,"October 30, 2021"
Ben Rothwell,Marcin Tybura,0.0,"October 10, 2020"
Walt Harris,Marcin Tybura,0.0,"June 05, 2021"
Calvin Kattar,Youssef Zalal,0.0,"February 15, 2025"
SeungWoo Choi,Youssef Zalal,1.0,"February 06, 2021"
Sean Woodson,Youssef Zalal,1.0,"June 05, 2021"
Jack Shore,Youssef Zalal,0.0,"November 02, 2024"
Billy Quarantillo,Youssef Zalal,0.0,"March 23, 2024"
Austin Lingo,Youssef Zalal,0.0,"February 08, 2020"
Jordan Griffin,Youssef Zalal,0.0,"June 27, 2020"
Calvin Kattar,Josh Emmett,0.0,"June 18, 2022"
Yair Rodriguez,Josh Emmett,1.0,"February 11, 2023"
Jared Gordon,Chris Fishgold,1.0,"July 15, 2020"
Makwan Amirkhani,Chris Fishgold,1.0,"June 01, 2019"
Daniel Teymur,Chris Fishgold,0.0,"February 23, 2019"
Josh Emmett,Shane Burgos,1.0,"June 20, 2020"
Cub Swanson,Shane Burgos,0.0,"May 04, 2019"
Stephen Thompson,Gabriel Bonfim,0.0,"July 12, 2025"
Stephen Thompson,Belal Muhammad,0.0,"December 18, 2021"
Vicente Luque,Belal Muhammad,0.0,"April 16, 2022"
Leon Edwards,Belal Muhammad,0.0,"July 27, 2024"
Leon Edwards,Belal Muhammad,0.0,"March 13, 2021"
Demian Maia,Belal Muhammad,0.0,"June 12, 2021"
Curtis Millender,Belal Muhammad,0.0,"April 13, 2019"
Stephen Thompson,Vicente Luque,1.0,"November 02, 2019"
Michael Chiesa,Vicente Luque,0.0,"August 07, 2021"
Tyron Woodley,Vicente Luque,0.0,"March 27, 2021"
Kamaru Usman,Jorge Masvidal,1.0,"April 24, 2021"
Kamaru Usman,Jorge Masvidal,1.0,"July 11, 2020"
Gilbert Burns,Jorge Masvidal,1.0,"April 08, 2023"
Colby Covington,Jorge Masvidal,1.0,"March 05, 2022"
Darren Till,Jorge Masvidal,0.0,"March 16, 2019"
Nate Landwehr,Morgan Charriere,0.0,"July 12, 2025"
Nathaniel Wood,Morgan Charriere,1.0,"March 22, 2025"
Nate Landwehr,Dooho Choi,0.0,"December 07, 2024"
Nate Landwehr,Jamall Emmers,1.0,"March 30, 2024"
Giga Chikadze,Jamall Emmers,1.0,"March 07, 2020"
Dennis Buzukja,Jamall Emmers,0.0,"November 11, 2023"
Nate Landwehr,Austin Lingo,1.0,"March 25, 2023"
Jacob Kilburn,Austin Lingo,0.0,"January 16, 2021"
Nate Landwehr,David Onama,1.0,"August 13, 2022"
Giga Chikadze,David Onama,0.0,"April 26, 2025"
Jonathan Pearce,David Onama,0.0,"April 27, 2024"
Gabriel Benitez,David Onama,0.0,"February 19, 2022"
Mason Jones,David Onama,1.0,"October 23, 2021"
Nate Landwehr,Ludovit Klein,1.0,"October 16, 2021"
Mateusz Gamrot,Ludovit Klein,1.0,"May 31, 2025"
Jai Herbert,Ludovit Klein,0.0,"March 18, 2023"
Thiago Moises,Ludovit Klein,0.0,"June 08, 2024"
Ignacio Bahamondes,Ludovit Klein,0.0,"August 05, 2023"
Shane Young,Ludovit Klein,0.0,"September 26, 2020"
Mason Jones,Ludovit Klein,0.0,"July 23, 2022"
Devonte Smith,Ludovit Klein,0.0,"March 05, 2022"
Nate Landwehr,Julian Erosa,0.0,"February 20, 2021"
Darren Elkins,Julian Erosa,0.0,"April 12, 2025"
Ricardo Ramos,Julian Erosa,0.0,"March 23, 2024"
Grant Dawson,Julian Erosa,1.0,"March 09, 2019"
Sean Woodson,Julian Erosa,0.0,"June 27, 2020"
Alex Caceres,Julian Erosa,1.0,"December 17, 2022"
Julio Arce,Julian Erosa,1.0,"May 18, 2019"
Hakeem Dawodu,Julian Erosa,0.0,"September 10, 2022"
Vitor Petrino,Austen Lane,1.0,"July 12, 2025"
Justin Tafa,Austen Lane,1.0,"September 09, 2023"
Vitor Petrino,Dustin Jacoby,0.0,"December 14, 2024"
Alonzo Menifield,Dustin Jacoby,1.0,"December 16, 2023"
Ion Cutelaba,Dustin Jacoby,0.0,"May 01, 2021"
Dominick Reyes,Dustin Jacoby,1.0,"June 08, 2024"
Vitor Petrino,Tyson Pedro,1.0,"March 02, 2024"
Junior Tafa,Sean Sharaf,1.0,"October 12, 2024"
Junior Tafa,Valter Walker,0.0,"August 17, 2024"
Kennedy Nzechukwu,Valter Walker,0.0,"July 12, 2025"
Don'Tale Mayes,Valter Walker,0.0,"February 15, 2025"
Junior Tafa,Parker Porter,1.0,"August 26, 2023"
Justin Tafa,Parker Porter,1.0,"February 11, 2023"
Jailton Almeida,Parker Porter,1.0,"May 21, 2022"
Josh Parisian,Parker Porter,0.0,"November 28, 2020"
Braxton Smith,Parker Porter,0.0,"May 06, 2023"
Chris Daukaus,Parker Porter,1.0,"August 15, 2020"
Jake Matthews,Chidi Njokuani,1.0,"July 12, 2025"
Jake Matthews,Francisco Prado,1.0,"February 08, 2025"
Daniel Zellhuber,Francisco Prado,1.0,"February 24, 2024"
Jamie Mullarkey,Francisco Prado,1.0,"February 11, 2023"
Ottman Azaitar,Francisco Prado,0.0,"July 15, 2023"
Jake Matthews,Matthew Semelsberger,0.0,"December 17, 2022"
Khaos Williams,Matthew Semelsberger,1.0,"June 19, 2021"
Alex Morono,Matthew Semelsberger,1.0,"July 30, 2022"
Jeremiah Wells,Matthew Semelsberger,1.0,"April 22, 2023"
Carlton Minus,Matthew Semelsberger,0.0,"August 22, 2020"
Jake Matthews,Emil Meek,1.0,"February 22, 2020"
Jake Matthews,Rostem Akman,1.0,"October 05, 2019"
Niko Price,James Vick,1.0,"October 12, 2019"
Max Griffin,Jeremiah Wells,1.0,"February 10, 2024"
Court McGee,Jeremiah Wells,0.0,"June 18, 2022"
Warlley Alves,Jeremiah Wells,0.0,"June 26, 2021"
Max Griffin,Ramiz Brahimaj,1.0,"November 07, 2020"
Billy Ray Goff,Ramiz Brahimaj,0.0,"May 31, 2025"
Mickey Gall,Ramiz Brahimaj,0.0,"November 16, 2024"
Themba Gorimbo,Ramiz Brahimaj,1.0,"May 18, 2024"
Court McGee,Ramiz Brahimaj,1.0,"January 15, 2022"
Sasha Palatnikov,Ramiz Brahimaj,0.0,"August 21, 2021"
Max Griffin,Alex Morono,0.0,"October 12, 2019"
Niko Price,Alex Morono,1.0,"June 01, 2024"
Santiago Ponzinibbio,Alex Morono,1.0,"December 10, 2022"
Daniel Rodriguez,Alex Morono,1.0,"October 12, 2024"
Court McGee,Alex Morono,0.0,"April 06, 2024"
Tim Means,Alex Morono,0.0,"May 13, 2023"
Donald Cerrone,Alex Morono,0.0,"May 08, 2021"
Anthony Pettis,Alex Morono,1.0,"December 19, 2020"
Kennedy Nzechukwu,Chris Barnett,1.0,"October 26, 2024"
Jake Collier,Chris Barnett,0.0,"September 10, 2022"
Ben Rothwell,Chris Barnett,1.0,"May 22, 2021"
Gian Villante,Chris Barnett,0.0,"November 06, 2021"
Kennedy Nzechukwu,Karl Roberson,1.0,"July 09, 2022"
Roman Kopylov,Karl Roberson,0.0,"November 09, 2019"
Khalil Rountree Jr.,Karl Roberson,1.0,"March 12, 2022"
Glover Teixeira,Karl Roberson,1.0,"January 19, 2019"
Kennedy Nzechukwu,Danilo Marques,1.0,"June 26, 2021"
Jailton Almeida,Danilo Marques,1.0,"February 05, 2022"
Mike Rodriguez,Danilo Marques,0.0,"February 06, 2021"
Khadis Ibragimov,Danilo Marques,0.0,"September 26, 2020"
Kennedy Nzechukwu,Carlos Ulberg,1.0,"March 06, 2021"
Alonzo Menifield,Carlos Ulberg,0.0,"May 11, 2024"
Jan Blachowicz,Carlos Ulberg,0.0,"March 22, 2025"
Volkan Oezdemir,Carlos Ulberg,0.0,"November 23, 2024"
Lauren Murphy,Eduarda Moura,0.0,"July 12, 2025"
Veronica Hardy,Eduarda Moura,0.0,"November 16, 2024"
Lauren Murphy,Jessica Andrade,0.0,"January 21, 2023"
Rose Namajunas,Jessica Andrade,0.0,"May 11, 2019"
Valentina Shevchenko,Jessica Andrade,1.0,"April 24, 2021"
Amanda Lemos,Jessica Andrade,0.0,"April 23, 2022"
Katlyn Cerminara,Jessica Andrade,0.0,"October 17, 2020"
Lauren Murphy,Miesha Tate,1.0,"July 16, 2022"
Ketlen Vieira,Miesha Tate,1.0,"November 20, 2021"
Yana Santos,Miesha Tate,1.0,"May 03, 2025"
Marion Reneau,Miesha Tate,0.0,"July 17, 2021"
Lauren Murphy,Liliya Shakirova,1.0,"October 24, 2020"
Lauren Murphy,Andrea Lee,1.0,"February 08, 2020"
Viviane Araujo,Andrea Lee,1.0,"May 14, 2022"
Joanne Wood,Andrea Lee,1.0,"September 07, 2019"
Ashlee Evans-Smith,Andrea Lee,0.0,"February 17, 2019"
Cynthia Calvillo,Andrea Lee,0.0,"November 13, 2021"
Roxanne Modafferi,Andrea Lee,1.0,"September 12, 2020"
Lauren Murphy,Mara Romero Borella,1.0,"August 03, 2019"
Mayra Bueno Silva,Mara Romero Borella,1.0,"September 19, 2020"
Montana De La Rosa,Mara Romero Borella,1.0,"February 15, 2020"
Cortney Casey,Mara Romero Borella,1.0,"May 16, 2020"
Valentina Shevchenko,Katlyn Cerminara,1.0,"February 08, 2020"
Ilia Topuria,Max Holloway,1.0,"October 26, 2024"
Alexander Volkanovski,Max Holloway,1.0,"July 02, 2022"
Alexander Volkanovski,Max Holloway,1.0,"July 11, 2020"
Justin Gaethje,Max Holloway,0.0,"April 13, 2024"
Mitch Ramirez,Mike Davis,0.0,"July 12, 2025"
Gilbert Burns,Mike Davis,1.0,"April 27, 2019"
Fares Ziam,Mike Davis,1.0,"February 01, 2025"
Natan Levy,Mike Davis,0.0,"March 16, 2024"
Fatima Kline,Melissa Martinez,1.0,"July 12, 2025"
Fatima Kline,Viktoriia Dudakova,1.0,"January 11, 2025"
Beneil Dariush,Arman Tsarukyan,0.0,"December 02, 2023"
Islam Makhachev,Arman Tsarukyan,1.0,"April 20, 2019"
Charles Oliveira,Arman Tsarukyan,0.0,"April 13, 2024"
Davi Ramos,Arman Tsarukyan,0.0,"July 18, 2020"
Olivier Aubin-Mercier,Arman Tsarukyan,0.0,"July 27, 2019"
Beneil Dariush,Mateusz Gamrot,1.0,"October 22, 2022"
Rafael Fiziev,Mateusz Gamrot,0.0,"September 23, 2023"
Jeremy Stephens,Mateusz Gamrot,0.0,"July 17, 2021"
Diego Ferreira,Mateusz Gamrot,0.0,"December 18, 2021"
Arman Tsarukyan,Mateusz Gamrot,0.0,"June 25, 2022"
Scott Holtzman,Mateusz Gamrot,0.0,"April 10, 2021"
Beneil Dariush,Scott Holtzman,1.0,"August 08, 2020"
Jim Miller,Scott Holtzman,0.0,"February 15, 2020"
Clay Guida,Scott Holtzman,1.0,"December 03, 2022"
Beneil Dariush,Drew Dober,1.0,"March 09, 2019"
Alexander Hernandez,Drew Dober,0.0,"May 13, 2020"
Manuel Torres,Drew Dober,1.0,"March 29, 2025"
Islam Makhachev,Drew Dober,1.0,"March 06, 2021"
Renato Moicano,Drew Dober,1.0,"February 03, 2024"
Tony Ferguson,Michael Chiesa,0.0,"August 03, 2024"
Rafael Dos Anjos,Michael Chiesa,0.0,"January 25, 2020"
Diego Sanchez,Michael Chiesa,0.0,"July 06, 2019"
Alexandre Pantoja,Kai Kara-France,1.0,"June 28, 2025"
Brandon Moreno,Kai Kara-France,1.0,"July 30, 2022"
Brandon Moreno,Kai Kara-France,1.0,"December 14, 2019"
Askar Askarov,Kai Kara-France,0.0,"March 26, 2022"
Rogerio Bontorin,Kai Kara-France,0.0,"March 06, 2021"
Alexandre Pantoja,Steve Erceg,1.0,"May 04, 2024"
Matt Schnell,Steve Erceg,0.0,"March 02, 2024"
Brandon Moreno,Steve Erceg,1.0,"March 29, 2025"
Kai Kara-France,Steve Erceg,1.0,"August 17, 2024"
David Dvorak,Steve Erceg,0.0,"June 10, 2023"
Alexandre Pantoja,Alex Perez,1.0,"July 30, 2022"
Matheus Nicolau,Alex Perez,0.0,"April 27, 2024"
Deiveson Figueiredo,Alex Perez,1.0,"November 21, 2020"
Jordan Espinosa,Alex Perez,0.0,"January 25, 2020"
Jussier Formiga,Alex Perez,0.0,"June 06, 2020"
Alexandre Pantoja,Manel Kape,1.0,"February 06, 2021"
Muhammad Mokaev,Manel Kape,1.0,"July 27, 2024"
David Dvorak,Manel Kape,0.0,"December 17, 2022"
Alexandre Pantoja,Matt Schnell,1.0,"December 21, 2019"
Brandon Royval,Matt Schnell,1.0,"May 07, 2022"
Matheus Nicolau,Matt Schnell,1.0,"December 03, 2022"
Louis Smolka,Matt Schnell,0.0,"March 09, 2019"
Jordan Espinosa,Matt Schnell,0.0,"August 03, 2019"
Brandon Royval,Joshua Van,0.0,"June 28, 2025"
Cody Durden,Joshua Van,0.0,"December 07, 2024"
Bruno Silva,Joshua Van,0.0,"June 07, 2025"
Edgar Chairez,Joshua Van,0.0,"September 14, 2024"
Zhalgas Zhumagulov,Joshua Van,0.0,"June 24, 2023"
Brandon Royval,Tatsuro Taira,1.0,"October 12, 2024"
Alex Perez,Tatsuro Taira,0.0,"June 15, 2024"
Brandon Royval,Rogerio Bontorin,1.0,"January 15, 2022"
Matt Schnell,Rogerio Bontorin,0.0,"May 15, 2021"
Bibulatov Magomed,Rogerio Bontorin,0.0,"February 02, 2019"
Payton Talbott,Cameron Saaiman,1.0,"March 23, 2024"
Malcolm Wellmaker,Cameron Saaiman,1.0,"April 26, 2025"
Christian Rodriguez,Cameron Saaiman,1.0,"October 14, 2023"
Mana Martinez,Cameron Saaiman,0.0,"March 04, 2023"
Payton Talbott,Nick Aguirre,1.0,"November 18, 2023"
Dan Argueta,Nick Aguirre,1.0,"January 14, 2023"
Hyder Amil,Jose Delgado,0.0,"June 28, 2025"
Connor Matthews,Jose Delgado,0.0,"February 15, 2025"
Hyder Amil,William Gomis,1.0,"March 01, 2025"
Francis Marshall,William Gomis,0.0,"April 22, 2023"
Viviane Araujo,Tracy Cortez,0.0,"June 28, 2025"
Rose Namajunas,Tracy Cortez,1.0,"July 13, 2024"
Vanessa Melo,Tracy Cortez,0.0,"November 16, 2019"
Viviane Araujo,Karine Silva,1.0,"November 16, 2024"
Ariane da Silva,Karine Silva,0.0,"April 27, 2024"
Viviane Araujo,Amanda Ribas,0.0,"March 04, 2023"
Marina Rodriguez,Amanda Ribas,1.0,"January 23, 2021"
Mackenzie Dern,Amanda Ribas,1.0,"January 11, 2025"
Mackenzie Dern,Amanda Ribas,0.0,"October 12, 2019"
Luana Pinheiro,Amanda Ribas,0.0,"November 18, 2023"
Katlyn Cerminara,Amanda Ribas,1.0,"May 14, 2022"
Emily Whitmire,Amanda Ribas,0.0,"June 29, 2019"
Viviane Araujo,Montana De La Rosa,1.0,"September 05, 2020"
Andrea Lee,Montana De La Rosa,0.0,"June 08, 2024"
Andrea Lee,Montana De La Rosa,1.0,"June 22, 2019"
Tatiana Suarez,Montana De La Rosa,1.0,"February 25, 2023"
Maycee Barber,Montana De La Rosa,1.0,"April 23, 2022"
Niko Price,Jacobe Smith,0.0,"June 28, 2025"
Preston Parsons,Jacobe Smith,0.0,"January 11, 2025"
Niko Price,Michel Pereira,0.0,"July 10, 2021"
Santiago Ponzinibbio,Michel Pereira,0.0,"May 21, 2022"
Anthony Hernandez,Michel Pereira,1.0,"October 19, 2024"
Andre Petroski,Michel Pereira,0.0,"October 14, 2023"
Danny Roberts,Michel Pereira,0.0,"May 18, 2019"
Diego Sanchez,Michel Pereira,1.0,"February 15, 2020"
Jhonata Diniz,Alvin Hines,1.0,"June 28, 2025"
Jhonata Diniz,Karl Williams,1.0,"August 10, 2024"
Terrance McKinney,Damir Hadzovic,1.0,"February 01, 2025"
Renato Moicano,Damir Hadzovic,1.0,"March 14, 2020"
Marc Diakiese,Damir Hadzovic,1.0,"July 23, 2022"
Yancy Medeiros,Damir Hadzovic,0.0,"June 26, 2021"
Terrance McKinney,Brendon Marotte,1.0,"October 14, 2023"
Isaac Dulgarian,Brendon Marotte,1.0,"September 07, 2024"
Terrance McKinney,Mike Breeden,1.0,"August 12, 2023"
Alexander Hernandez,Mike Breeden,1.0,"October 02, 2021"
Natan Levy,Mike Breeden,1.0,"April 30, 2022"
Terrance McKinney,Erick Gonzalez,1.0,"August 06, 2022"
Jim Miller,Erick Gonzalez,1.0,"October 16, 2021"
Terrance McKinney,Fares Ziam,1.0,"February 26, 2022"
Jai Herbert,Fares Ziam,0.0,"July 22, 2023"
Claudio Puelles,Fares Ziam,0.0,"February 24, 2024"
Jamie Mullarkey,Fares Ziam,0.0,"October 17, 2020"
Don Madge,Fares Ziam,1.0,"September 07, 2019"
Curtis Blaydes,Rizvan Kuniev,1.0,"June 21, 2025"
Curtis Blaydes,Jailton Almeida,1.0,"March 09, 2024"
Jairzinho Rozenstruik,Jailton Almeida,0.0,"May 13, 2023"
Shamil Abdurakhimov,Jailton Almeida,0.0,"January 21, 2023"
Curtis Blaydes,Derrick Lewis,0.0,"February 20, 2021"
Jailton Almeida,Derrick Lewis,1.0,"November 04, 2023"
Curtis Blaydes,Justin Willis,1.0,"March 23, 2019"
Stipe Miocic,Francis Ngannou,0.0,"March 27, 2021"
Jamahal Hill,Klidson Abreu,0.0,"May 30, 2020"
Magomed Ankalaev,Klidson Abreu,1.0,"February 23, 2019"
Sam Alvey,Klidson Abreu,0.0,"July 20, 2019"
Shamil Gamzatov,Klidson Abreu,1.0,"November 09, 2019"
Jamahal Hill,Darko Stosic,1.0,"January 25, 2020"
Nazim Sadykhov,Terrance McKinney,1.0,"July 15, 2023"
Ismael Bonfim,Terrance McKinney,1.0,"January 21, 2023"
Drew Dober,Terrance McKinney,1.0,"March 12, 2022"
Matt Frevola,Terrance McKinney,0.0,"June 12, 2021"
Nazim Sadykhov,Evan Elder,1.0,"February 18, 2023"
Preston Parsons,Evan Elder,1.0,"April 23, 2022"
Muhammad Naimov,Bogdan Grad,1.0,"June 21, 2025"
Muhammad Naimov,Kaan Ofli,1.0,"February 01, 2025"
Seokhyeon Ko,Oban Elliott,1.0,"June 21, 2025"
Bassil Hafez,Oban Elliott,0.0,"November 16, 2024"
Daria Zhelezniakova,Melissa Mullins,1.0,"June 21, 2025"
Irina Alekseeva,Melissa Mullins,0.0,"October 14, 2023"
Ismail Naurdiev,Chance Rencountre,0.0,"July 06, 2019"
Lyman Good,Chance Rencountre,1.0,"November 02, 2019"
Kyle Stewart,Chance Rencountre,0.0,"January 19, 2019"
Irina Alekseeva,Klaudia Sygula,0.0,"June 21, 2025"
Melissa Mullins,Klaudia Sygula,1.0,"November 09, 2024"
Hamdy Abdelwahab,Mohammed Usman,0.0,"June 21, 2025"
Hamdy Abdelwahab,Jamal Pogues,1.0,"February 01, 2025"
Thomas Petersen,Jamal Pogues,0.0,"February 03, 2024"
Mick Parkin,Jamal Pogues,1.0,"July 22, 2023"
Josh Parisian,Jamal Pogues,0.0,"February 18, 2023"
Tagir Ulanbekov,Azat Maksum,1.0,"June 21, 2025"
Tyson Nam,Azat Maksum,0.0,"July 15, 2023"
Tagir Ulanbekov,Clayton Carpenter,1.0,"January 18, 2025"
Tagir Ulanbekov,Cody Durden,1.0,"December 16, 2023"
Matt Schnell,Cody Durden,0.0,"September 07, 2024"
Chris Gutierrez,Cody Durden,0.0,"August 01, 2020"
Muhammad Mokaev,Cody Durden,1.0,"March 19, 2022"
Jimmy Flick,Cody Durden,1.0,"December 19, 2020"
JP Buys,Cody Durden,0.0,"June 25, 2022"
Tagir Ulanbekov,Nate Maness,1.0,"November 05, 2022"
Jimmy Flick,Nate Maness,0.0,"June 15, 2024"
Johnny Munoz,Nate Maness,0.0,"August 01, 2020"
Luke Sanders,Nate Maness,0.0,"November 28, 2020"
Tagir Ulanbekov,Allan Nascimento,1.0,"October 30, 2021"
Jafel Filho,Allan Nascimento,0.0,"May 31, 2025"
Jake Hadley,Allan Nascimento,0.0,"May 14, 2022"
Edmen Shahbazyan,Dylan Budka,1.0,"February 15, 2025"
Andre Petroski,Dylan Budka,1.0,"September 07, 2024"
Edmen Shahbazyan,AJ Dobson,1.0,"March 23, 2024"
Armen Petrosyan,AJ Dobson,1.0,"October 22, 2022"
Edmen Shahbazyan,Dalcha Lungiambula,1.0,"December 10, 2022"
Punahele Soriano,Dalcha Lungiambula,1.0,"July 16, 2022"
Magomed Ankalaev,Dalcha Lungiambula,1.0,"November 09, 2019"
Edmen Shahbazyan,Jack Marshman,1.0,"July 06, 2019"
Sean Strickland,Jack Marshman,1.0,"October 31, 2020"
Edmen Shahbazyan,Charles Byrd,1.0,"March 02, 2019"
Kamaru Usman,Leon Edwards,0.0,"August 20, 2022"
Rafael Dos Anjos,Leon Edwards,0.0,"July 20, 2019"
Kamaru Usman,Colby Covington,1.0,"November 06, 2021"
Kamaru Usman,Colby Covington,1.0,"December 14, 2019"
Leon Edwards,Colby Covington,1.0,"December 16, 2023"
Kamaru Usman,Gilbert Burns,1.0,"February 13, 2021"
Belal Muhammad,Gilbert Burns,1.0,"May 06, 2023"
Gunnar Nelson,Gilbert Burns,0.0,"September 28, 2019"
Demian Maia,Gilbert Burns,0.0,"March 14, 2020"
Tyron Woodley,Gilbert Burns,0.0,"May 30, 2020"
Warlley Alves,Sergio Moraes,1.0,"May 11, 2019"
Anthony Rocco Martin,Sergio Moraes,1.0,"March 09, 2019"
Joel Alvarez,Alexander Yakovlev,1.0,"October 24, 2020"
Rose Namajunas,Miranda Maverick,1.0,"June 14, 2025"
Andrea Lee,Miranda Maverick,0.0,"February 17, 2024"
Gillian Robertson,Miranda Maverick,0.0,"March 27, 2021"
Sabina Mazo,Miranda Maverick,0.0,"March 12, 2022"
Liana Jojua,Miranda Maverick,0.0,"October 24, 2020"
Rose Namajunas,Carla Esparza,0.0,"May 07, 2022"
Yan Xiaonan,Carla Esparza,0.0,"May 22, 2021"
Zhang Weili,Joanna Jedrzejczyk,1.0,"June 11, 2022"
Zhang Weili,Joanna Jedrzejczyk,1.0,"March 07, 2020"
Marina Rodriguez,Michelle Waterson-Gomez,1.0,"September 23, 2023"
Marina Rodriguez,Michelle Waterson-Gomez,1.0,"May 08, 2021"
Karolina Kowalkiewicz,Michelle Waterson-Gomez,0.0,"March 30, 2019"
Carla Esparza,Michelle Waterson-Gomez,1.0,"May 09, 2020"
Joanna Jedrzejczyk,Michelle Waterson-Gomez,1.0,"October 12, 2019"
Mansur Abdul-Malik,Nick Klein,1.0,"February 22, 2025"
Mansur Abdul-Malik,Dusko Todorovic,1.0,"November 09, 2024"
Zachary Reese,Dusko Todorovic,1.0,"May 31, 2025"
Christian Leroy Duncan,Dusko Todorovic,1.0,"March 18, 2023"
Chidi Njokuani,Dusko Todorovic,1.0,"May 21, 2022"
Punahele Soriano,Dusko Todorovic,1.0,"January 16, 2021"
Jordan Wright,Dusko Todorovic,0.0,"October 15, 2022"
Maki Pitolo,Dusko Todorovic,0.0,"December 04, 2021"
Dequan Townsend,Dusko Todorovic,0.0,"October 03, 2020"
Cody Garbrandt,Brian Kelleher,1.0,"December 16, 2023"
Ricky Simon,Brian Kelleher,1.0,"February 13, 2021"
Cody Stamann,Brian Kelleher,1.0,"June 06, 2020"
Hunter Azure,Brian Kelleher,0.0,"May 13, 2020"
Cody Garbrandt,Trevin Jones,1.0,"March 04, 2023"
Mario Bautista,Trevin Jones,0.0,"March 06, 2021"
Raoni Barcelos,Trevin Jones,1.0,"October 01, 2022"
Timur Valiev,Trevin Jones,0.0,"August 22, 2020"
Cody Garbrandt,Pedro Munhoz,0.0,"March 02, 2019"
Jose Aldo,Pedro Munhoz,1.0,"August 07, 2021"
Aiemann Zahabi,Pedro Munhoz,1.0,"November 02, 2024"
Marlon Vera,Pedro Munhoz,1.0,"August 19, 2023"
Aljamain Sterling,Pedro Munhoz,1.0,"June 08, 2019"
Cory Sandhagen,TJ Dillashaw,0.0,"July 24, 2021"
Henry Cejudo,TJ Dillashaw,1.0,"January 19, 2019"
Aljamain Sterling,TJ Dillashaw,1.0,"October 22, 2022"
Alonzo Menifield,Oumar Sy,1.0,"June 14, 2025"
Alonzo Menifield,Julius Walker,1.0,"February 22, 2025"
Alonzo Menifield,Askar Mozharov,1.0,"June 04, 2022"
Alonzo Menifield,William Knight,0.0,"December 04, 2021"
Devin Clark,William Knight,1.0,"April 16, 2022"
Da Woon Jung,William Knight,1.0,"April 10, 2021"
Alonzo Menifield,Fabio Cherant,1.0,"March 27, 2021"
Carlos Ulberg,Fabio Cherant,1.0,"February 12, 2022"
William Knight,Fabio Cherant,1.0,"August 21, 2021"
Paul Craig,Andre Muniz,1.0,"July 22, 2023"
Ikram Aliskerov,Andre Muniz,1.0,"April 26, 2025"
JunYong Park,Andre Muniz,0.0,"December 09, 2023"
Uriah Hall,Andre Muniz,0.0,"July 02, 2022"
Jacare Souza,Andre Muniz,0.0,"May 15, 2021"
Antonio Arroyo,Andre Muniz,0.0,"November 16, 2019"
Paul Craig,Johnny Walker,0.0,"January 21, 2023"
Anthony Smith,Johnny Walker,0.0,"May 13, 2023"
Magomed Ankalaev,Johnny Walker,1.0,"January 13, 2024"
Magomed Ankalaev,Johnny Walker,0.0,"October 21, 2023"
Misha Cirkunov,Johnny Walker,0.0,"March 02, 2019"
Thiago Santos,Johnny Walker,1.0,"October 02, 2021"
Corey Anderson,Johnny Walker,1.0,"November 02, 2019"
Paul Craig,Gadzhimurad Antigulov,1.0,"July 25, 2020"
Malcolm Wellmaker,Kris Moutinho,1.0,"June 14, 2025"
Sean O'Malley,Kris Moutinho,1.0,"July 10, 2021"
Michael Chiesa,Court McGee,1.0,"June 14, 2025"
Matt Brown,Court McGee,1.0,"May 13, 2023"
Carlos Condit,Court McGee,1.0,"October 03, 2020"
Michael Chiesa,Sean Brady,0.0,"November 20, 2021"
Gilbert Burns,Sean Brady,0.0,"September 07, 2024"
Belal Muhammad,Sean Brady,1.0,"October 22, 2022"
Leon Edwards,Sean Brady,0.0,"March 22, 2025"
Court McGee,Sean Brady,0.0,"October 18, 2019"
Michael Chiesa,Neil Magny,1.0,"January 20, 2021"
Gilbert Burns,Neil Magny,1.0,"January 21, 2023"
Robbie Lawler,Neil Magny,0.0,"August 29, 2020"
Randy Brown,Francisco Trinaldo,1.0,"October 01, 2022"
Alexander Hernandez,Francisco Trinaldo,1.0,"July 20, 2019"
Cody Durden,Bruno Silva,0.0,"July 20, 2024"
Manel Kape,Bruno Silva,1.0,"December 14, 2024"
Tyson Nam,Bruno Silva,0.0,"March 11, 2023"
Khalid Taha,Bruno Silva,0.0,"October 05, 2019"
Cody Durden,Charles Johnson,1.0,"April 29, 2023"
Ode Osbourne,Charles Johnson,1.0,"February 25, 2023"
Joshua Van,Charles Johnson,0.0,"July 13, 2024"
Muhammad Mokaev,Charles Johnson,1.0,"July 23, 2022"
Azat Maksum,Charles Johnson,0.0,"February 03, 2024"
Cody Durden,Carlos Mota,1.0,"October 29, 2022"
Cody Durden,Aoriqileng,1.0,"November 20, 2021"
Raul Rosas Jr.,Aoriqileng,1.0,"September 14, 2024"
Aiemann Zahabi,Aoriqileng,1.0,"June 10, 2023"
Daniel Marcos,Aoriqileng,0.0,"February 10, 2024"
Ricky Simon,Cameron Smotherman,1.0,"June 14, 2025"
Jake Hadley,Cameron Smotherman,0.0,"October 19, 2024"
Ricky Simon,Javid Basharat,1.0,"February 22, 2025"
Aiemann Zahabi,Javid Basharat,1.0,"March 02, 2024"
Tony Gravely,Javid Basharat,0.0,"September 17, 2022"
Trevin Jones,Javid Basharat,0.0,"March 12, 2022"
Ricky Simon,Jack Shore,1.0,"July 16, 2022"
Hunter Azure,Jack Shore,0.0,"April 10, 2021"
Ricky Simon,Gaetano Pirrello,1.0,"January 20, 2021"
Douglas Silva de Andrade,Gaetano Pirrello,1.0,"October 02, 2021"
Ricky Simon,Ray Borg,1.0,"May 13, 2020"
Rogerio Bontorin,Ray Borg,0.0,"February 15, 2020"
Rani Yahya,Montel Jackson,0.0,"April 22, 2023"
Julio Arce,Montel Jackson,0.0,"November 12, 2022"
Brett Johns,Montel Jackson,1.0,"July 18, 2020"
Jamey-Lyn Horth,Vanessa Demopoulos,1.0,"June 14, 2025"
Jaqueline Amorim,Vanessa Demopoulos,1.0,"September 07, 2024"
Karolina Kowalkiewicz,Vanessa Demopoulos,1.0,"May 20, 2023"
JJ Aldrich,Vanessa Demopoulos,1.0,"August 28, 2021"
Silvana Gomez Juarez,Vanessa Demopoulos,0.0,"January 22, 2022"
Jamey-Lyn Horth,Ivana Petrovic,1.0,"November 02, 2024"
Juliana Miller,Ivana Petrovic,1.0,"May 03, 2025"
Phil Rowe,Ange Loosa,1.0,"June 14, 2025"
Gabriel Bonfim,Ange Loosa,1.0,"July 13, 2024"
Bryan Battle,Ange Loosa,0.0,"March 16, 2024"
AJ Fletcher,Ange Loosa,0.0,"August 20, 2022"
Mounir Lazzez,Ange Loosa,1.0,"April 16, 2022"
Phil Rowe,Jake Matthews,0.0,"June 01, 2024"
Sean Brady,Jake Matthews,1.0,"March 06, 2021"
Michael Morales,Jake Matthews,1.0,"November 18, 2023"
Andre Fialho,Jake Matthews,0.0,"June 11, 2022"
Diego Sanchez,Jake Matthews,0.0,"September 26, 2020"
Phil Rowe,Orion Cosce,1.0,"July 31, 2021"
Merab Dvalishvili,Umar Nurmagomedov,1.0,"January 18, 2025"
Cory Sandhagen,Umar Nurmagomedov,0.0,"August 03, 2024"
Brian Kelleher,Umar Nurmagomedov,0.0,"March 05, 2022"
Nate Maness,Umar Nurmagomedov,0.0,"June 25, 2022"
Merab Dvalishvili,Henry Cejudo,1.0,"February 17, 2024"
Aljamain Sterling,Henry Cejudo,1.0,"May 06, 2023"
Merab Dvalishvili,Cody Stamann,1.0,"May 01, 2021"
Luan Lacerda,Cody Stamann,0.0,"January 21, 2023"
Eddie Wineland,Cody Stamann,0.0,"June 18, 2022"
Jimmie Rivera,Cody Stamann,1.0,"July 15, 2020"
Merab Dvalishvili,Gustavo Lopez,1.0,"June 13, 2020"
Adrian Yanez,Gustavo Lopez,1.0,"March 20, 2021"
Rob Font,Ricky Simon,1.0,"December 07, 2019"
Rani Yahya,Ricky Simon,0.0,"February 09, 2019"
Song Yadong,Ricky Simon,1.0,"April 29, 2023"
Raphael Assuncao,Ricky Simon,0.0,"December 18, 2021"
Urijah Faber,Ricky Simon,1.0,"July 13, 2019"
Julianna Pena,Kayla Harrison,0.0,"June 07, 2025"
Ketlen Vieira,Kayla Harrison,0.0,"October 05, 2024"
Holly Holm,Kayla Harrison,0.0,"April 13, 2024"
Julianna Pena,Amanda Nunes,0.0,"July 30, 2022"
Julianna Pena,Sara McMann,1.0,"January 23, 2021"
Julianna Pena,Nicco Montano,1.0,"July 13, 2019"
Vicente Luque,Themba Gorimbo,1.0,"December 07, 2024"
Takashi Sato,Themba Gorimbo,0.0,"May 20, 2023"
AJ Fletcher,Themba Gorimbo,1.0,"February 18, 2023"
Vicente Luque,Randy Brown,1.0,"August 01, 2020"
Jack Della Maddalena,Randy Brown,1.0,"February 11, 2023"
Warlley Alves,Randy Brown,0.0,"November 16, 2019"
Bryan Barberena,Randy Brown,0.0,"June 22, 2019"
Alex Oliveira,Randy Brown,0.0,"April 24, 2021"
Vicente Luque,Derrick Krantz,1.0,"May 18, 2019"
Song Kenan,Derrick Krantz,1.0,"August 31, 2019"
Bruno Silva,Victor Rodriguez,1.0,"May 22, 2021"
Adrian Yanez,Victor Rodriguez,1.0,"October 31, 2020"
Bruno Silva,JP Buys,1.0,"March 20, 2021"
Montel Jackson,JP Buys,1.0,"September 18, 2021"
Bruno Silva,David Dvorak,0.0,"March 14, 2020"
Matheus Nicolau,David Dvorak,1.0,"March 26, 2022"
Jordan Espinosa,David Dvorak,0.0,"September 19, 2020"
Mario Bautista,Patchy Mix,1.0,"June 07, 2025"
Mario Bautista,Guido Cannetti,1.0,"March 11, 2023"
Mana Martinez,Guido Cannetti,1.0,"August 28, 2021"
Kris Moutinho,Guido Cannetti,0.0,"March 12, 2022"
Batgerel Danaa,Guido Cannetti,1.0,"March 07, 2020"
Mario Bautista,Benito Lopez,1.0,"November 05, 2022"
Mario Bautista,Jay Perrin,1.0,"February 19, 2022"
Raul Rosas Jr.,Jay Perrin,1.0,"December 10, 2022"
Aoriqileng,Jay Perrin,1.0,"August 20, 2022"
Serghei Spivac,Jared Vanderaa,1.0,"February 20, 2021"
Waldo Cortes-Acosta,Jared Vanderaa,1.0,"October 29, 2022"
Justin Tafa,Jared Vanderaa,0.0,"May 22, 2021"
Alexandr Romanov,Jared Vanderaa,1.0,"October 09, 2021"
Andrei Arlovski,Jared Vanderaa,1.0,"February 12, 2022"
Aleksei Oleinik,Jared Vanderaa,1.0,"April 09, 2022"
Khaos Williams,Andreas Gustafsson,0.0,"June 07, 2025"
Khaos Williams,Carlston Harris,1.0,"May 18, 2024"
Santiago Ponzinibbio,Carlston Harris,1.0,"January 11, 2025"
Shavkat Rakhmonov,Carlston Harris,1.0,"February 05, 2022"
Jeremiah Wells,Carlston Harris,0.0,"August 05, 2023"
Impa Kasanganay,Carlston Harris,0.0,"September 18, 2021"
Christian Aguilera,Carlston Harris,0.0,"May 08, 2021"
Khaos Williams,Rolando Bedoya,1.0,"May 06, 2023"
Jai Herbert,Rolando Bedoya,1.0,"August 03, 2024"
Song Kenan,Rolando Bedoya,1.0,"August 26, 2023"
Jeka Saragih,JooSang Yoo,0.0,"June 07, 2025"
Jeka Saragih,Lucas Alexander,1.0,"November 18, 2023"
Bogdan Grad,Lucas Alexander,1.0,"February 01, 2025"
Joanderson Brito,Lucas Alexander,1.0,"October 15, 2022"
Steven Peterson,Lucas Alexander,0.0,"March 25, 2023"
Jeka Saragih,Anshul Jubli,0.0,"February 04, 2023"
Quillan Salkilld,Anshul Jubli,1.0,"February 08, 2025"
Mike Breeden,Anshul Jubli,1.0,"October 21, 2023"
Ariane da Silva,Wang Cong,0.0,"June 07, 2025"
Ariane da Silva,Melissa Gatto,1.0,"July 01, 2023"
Tamires Vidal,Melissa Gatto,0.0,"May 18, 2024"
Tracy Cortez,Melissa Gatto,1.0,"May 07, 2022"
Sijara Eubanks,Melissa Gatto,0.0,"December 18, 2021"
Victoria Leonardo,Melissa Gatto,0.0,"August 07, 2021"
Ariane da Silva,JJ Aldrich,1.0,"March 11, 2023"
Andrea Lee,JJ Aldrich,0.0,"March 01, 2025"
Erin Blanchfield,JJ Aldrich,1.0,"June 04, 2022"
Montana De La Rosa,JJ Aldrich,0.0,"October 07, 2023"
Liang Na,JJ Aldrich,0.0,"August 26, 2023"
Maycee Barber,JJ Aldrich,1.0,"March 23, 2019"
Sabina Mazo,JJ Aldrich,1.0,"January 18, 2020"
Cortney Casey,JJ Aldrich,0.0,"March 13, 2021"
Ariane da Silva,Mandy Bohm,1.0,"September 18, 2021"
Ji Yeon Kim,Mandy Bohm,0.0,"May 13, 2023"
Ariane da Silva,Luana Carolina,1.0,"July 18, 2020"
Molly McCann,Luana Carolina,1.0,"March 19, 2022"
Loopy Godinez,Luana Carolina,0.0,"October 16, 2021"
Ivana Petrovic,Luana Carolina,0.0,"July 01, 2023"
Joanne Wood,Luana Carolina,1.0,"March 18, 2023"
Poliana Botelho,Luana Carolina,0.0,"May 01, 2021"
Ariane da Silva,Isabela de Padua,1.0,"November 16, 2019"
Ariane da Silva,Molly McCann,0.0,"June 22, 2019"
Erin Blanchfield,Molly McCann,1.0,"November 12, 2022"
MarQuel Mederos,Mark Choinski,1.0,"June 07, 2025"
Mateusz Gamrot,Guram Kutateladze,0.0,"October 17, 2020"
Damir Ismagulov,Guram Kutateladze,1.0,"June 18, 2022"
Dustin Jacoby,Bruno Lopes,1.0,"May 31, 2025"
Magomed Gadzhiyasulov,Bruno Lopes,0.0,"January 11, 2025"
Dustin Jacoby,Kennedy Nzechukwu,1.0,"August 05, 2023"
Ovince Saint Preux,Kennedy Nzechukwu,1.0,"March 16, 2024"
Nicolae Negumereanu,Kennedy Nzechukwu,1.0,"March 05, 2022"
Darko Stosic,Kennedy Nzechukwu,0.0,"August 03, 2019"
Dustin Jacoby,Azamat Murzakanov,0.0,"April 15, 2023"
Devin Clark,Azamat Murzakanov,0.0,"August 13, 2022"
Tafon Nchukwi,Azamat Murzakanov,0.0,"March 12, 2022"
Billy Ray Goff,Yusaku Kinoshita,1.0,"August 26, 2023"
Ketlen Vieira,Macy Chiasson,1.0,"May 31, 2025"
Raquel Pennington,Macy Chiasson,1.0,"December 18, 2021"
Irene Aldana,Macy Chiasson,1.0,"September 10, 2022"
Mayra Bueno Silva,Macy Chiasson,0.0,"June 29, 2024"
Pannie Kianzad,Macy Chiasson,0.0,"March 16, 2024"
Gina Mazany,Macy Chiasson,0.0,"March 02, 2019"
Marion Reneau,Macy Chiasson,0.0,"March 20, 2021"
Ketlen Vieira,Yana Santos,0.0,"February 20, 2021"
Irene Aldana,Yana Santos,1.0,"July 10, 2021"
Holly Holm,Yana Santos,1.0,"March 25, 2023"
Aspen Ladd,Yana Santos,1.0,"December 07, 2019"
Marion Reneau,Yana Santos,0.0,"March 09, 2019"
Ketlen Vieira,Sijara Eubanks,1.0,"September 26, 2020"
Julia Avila,Sijara Eubanks,0.0,"September 12, 2020"
Aspen Ladd,Sijara Eubanks,1.0,"May 18, 2019"
Ketlen Vieira,Irene Aldana,0.0,"December 14, 2019"
Raquel Pennington,Irene Aldana,1.0,"July 20, 2019"
Holly Holm,Irene Aldana,1.0,"October 03, 2020"
Amanda Nunes,Irene Aldana,1.0,"June 10, 2023"
Zachary Reese,Azamat Bekoev,0.0,"January 18, 2025"
Ryan Loder,Azamat Bekoev,0.0,"May 03, 2025"
Zachary Reese,Jose Medina,1.0,"August 24, 2024"
Jafel Filho,Daniel Barez,1.0,"July 22, 2023"
Kurt Holobaugh,Trey Ogden,0.0,"March 23, 2024"
Thiago Moises,Trey Ogden,1.0,"January 11, 2025"
Loik Radzhabov,Trey Ogden,0.0,"July 20, 2024"
Ignacio Bahamondes,Trey Ogden,1.0,"April 08, 2023"
Jordan Leavitt,Trey Ogden,1.0,"April 16, 2022"
Rayanne dos Santos,Talita Alencar,0.0,"December 09, 2023"
Vanessa Demopoulos,Talita Alencar,0.0,"April 05, 2025"
Stephanie Luciano,Talita Alencar,1.0,"August 10, 2024"
Gilbert Burns,Aleksei Kunchenko,1.0,"August 10, 2019"
Elizeu Zaleski dos Santos,Aleksei Kunchenko,1.0,"March 14, 2020"
Jared Gordon,Dan Moret,1.0,"June 29, 2019"
Alex White,Dan Moret,1.0,"March 09, 2019"
Shavkat Rakhmonov,Michel Prazeres,1.0,"June 26, 2021"
Thiago Moises,Christos Giagos,1.0,"June 25, 2022"
Daniel Zellhuber,Christos Giagos,1.0,"September 16, 2023"
Ignacio Bahamondes,Christos Giagos,1.0,"April 06, 2024"
Arman Tsarukyan,Christos Giagos,1.0,"September 18, 2021"
Ricky Glenn,Christos Giagos,0.0,"April 22, 2023"
Damir Hadzovic,Christos Giagos,0.0,"June 01, 2019"
Sodiq Yusuff,Mairon Santos,0.0,"May 17, 2025"
Kaan Ofli,Mairon Santos,0.0,"August 24, 2024"
Sodiq Yusuff,Don Shainis,1.0,"October 01, 2022"
Jack Jenkins,Don Shainis,1.0,"February 11, 2023"
Sodiq Yusuff,Alex Caceres,1.0,"March 12, 2022"
Giga Chikadze,Alex Caceres,1.0,"August 26, 2023"
Jared Gordon,Mark Madsen,1.0,"November 11, 2023"
Grant Dawson,Mark Madsen,1.0,"November 05, 2022"
Clay Guida,Mark Madsen,0.0,"August 21, 2021"
Vinc Pichel,Mark Madsen,0.0,"April 09, 2022"
Jared Gordon,Grant Dawson,0.0,"April 30, 2022"
Damir Ismagulov,Grant Dawson,0.0,"July 01, 2023"
Michael Trizano,Grant Dawson,0.0,"May 18, 2019"
Leonardo Santos,Grant Dawson,0.0,"March 20, 2021"
Jared Gordon,Danny Chavez,1.0,"February 20, 2021"
Ricardo Ramos,Danny Chavez,1.0,"June 18, 2022"
TJ Brown,Danny Chavez,0.0,"August 15, 2020"
Clay Guida,Joaquim Silva,0.0,"December 02, 2023"
Arman Tsarukyan,Joaquim Silva,1.0,"June 17, 2023"
Grant Dawson,Diego Ferreira,1.0,"January 18, 2025"
Anthony Pettis,Diego Ferreira,0.0,"January 18, 2020"
Rustam Khabilov,Diego Ferreira,0.0,"February 23, 2019"
Mairbek Taisumov,Diego Ferreira,0.0,"September 07, 2019"
Gabe Green,Matheus Camilo,1.0,"May 17, 2025"
Gabe Green,Yohan Lainesse,1.0,"April 30, 2022"
Mike Malott,Yohan Lainesse,1.0,"February 25, 2023"
Darian Weeks,Yohan Lainesse,0.0,"September 10, 2022"
Julian Erosa,Fernando Padilla,0.0,"April 29, 2023"
Sean Woodson,Fernando Padilla,1.0,"December 14, 2024"
Julian Erosa,SeungWoo Choi,0.0,"June 19, 2021"
Movsar Evloev,SeungWoo Choi,1.0,"April 20, 2019"
Steve Garcia,SeungWoo Choi,1.0,"July 20, 2024"
Alex Caceres,SeungWoo Choi,1.0,"October 23, 2021"
Michael Trizano,SeungWoo Choi,1.0,"November 12, 2022"
Gavin Tucker,SeungWoo Choi,1.0,"July 27, 2019"
Yadier del Valle,Connor Matthews,1.0,"May 17, 2025"
Dennis Buzukja,Connor Matthews,1.0,"March 30, 2024"
Elise Reed,Denise Gomes,0.0,"May 17, 2025"
Angela Hill,Denise Gomes,1.0,"November 04, 2023"
Karolina Kowalkiewicz,Denise Gomes,0.0,"November 09, 2024"
Yazmin Jauregui,Denise Gomes,0.0,"July 08, 2023"
Eduarda Moura,Denise Gomes,0.0,"June 08, 2024"
Bruna Brasil,Denise Gomes,0.0,"April 15, 2023"
Elise Reed,Jinh Yu Frey,1.0,"June 03, 2023"
Loma Lookboonmee,Jinh Yu Frey,1.0,"October 03, 2020"
Vanessa Demopoulos,Jinh Yu Frey,1.0,"June 25, 2022"
Viktoriia Dudakova,Jinh Yu Frey,1.0,"October 21, 2023"
Polyana Viana,Jinh Yu Frey,1.0,"November 05, 2022"
Kay Hansen,Jinh Yu Frey,1.0,"June 27, 2020"
Gloria de Paula,Jinh Yu Frey,0.0,"March 13, 2021"
Luana Santos,Tainara Lisboa,1.0,"May 17, 2025"
Jessica-Rose Clark,Tainara Lisboa,0.0,"May 13, 2023"
Luana Santos,Mariya Agapova,1.0,"July 13, 2024"
Sabina Mazo,Mariya Agapova,0.0,"October 09, 2021"
Maryna Moroz,Mariya Agapova,1.0,"March 05, 2022"
Luana Santos,Stephanie Egger,1.0,"December 09, 2023"
Mayra Bueno Silva,Stephanie Egger,1.0,"August 06, 2022"
Tracy Cortez,Stephanie Egger,1.0,"October 10, 2020"
Jessica-Rose Clark,Stephanie Egger,0.0,"February 19, 2022"
HyunSung Park,Shannon Ross,1.0,"December 09, 2023"
Valentina Shevchenko,Manon Fiorot,1.0,"May 10, 2025"
Erin Blanchfield,Manon Fiorot,0.0,"March 30, 2024"
Katlyn Cerminara,Manon Fiorot,0.0,"October 22, 2022"
Jennifer Maia,Manon Fiorot,0.0,"March 26, 2022"
Victoria Leonardo,Manon Fiorot,0.0,"January 20, 2021"
Valentina Shevchenko,Alexa Grasso,0.0,"March 04, 2023"
Karolina Kowalkiewicz,Alexa Grasso,0.0,"June 08, 2019"
Carla Esparza,Alexa Grasso,1.0,"September 21, 2019"
Joanne Wood,Alexa Grasso,0.0,"March 26, 2022"
Ji Yeon Kim,Alexa Grasso,0.0,"August 29, 2020"
Maycee Barber,Alexa Grasso,0.0,"February 13, 2021"
Valentina Shevchenko,Taila Santos,1.0,"June 11, 2022"
Molly McCann,Taila Santos,0.0,"July 15, 2020"
Erin Blanchfield,Taila Santos,1.0,"August 26, 2023"
Joanne Wood,Taila Santos,0.0,"November 20, 2021"
Gillian Robertson,Taila Santos,0.0,"December 19, 2020"
Roxanne Modafferi,Taila Santos,0.0,"September 25, 2021"
Mara Romero Borella,Taila Santos,1.0,"February 02, 2019"
Valentina Shevchenko,Lauren Murphy,1.0,"September 25, 2021"
Roxanne Modafferi,Lauren Murphy,0.0,"June 20, 2020"
Valentina Shevchenko,Jennifer Maia,1.0,"November 21, 2020"
Katlyn Cerminara,Jennifer Maia,1.0,"January 15, 2022"
Katlyn Cerminara,Jennifer Maia,1.0,"November 02, 2019"
Joanne Wood,Jennifer Maia,0.0,"August 01, 2020"
Roxanne Modafferi,Jennifer Maia,0.0,"July 20, 2019"
Alexis Davis,Jennifer Maia,0.0,"March 23, 2019"
Valentina Shevchenko,Liz Carmouche,1.0,"August 10, 2019"
Valentina Shevchenko,Jessica Eye,1.0,"June 08, 2019"
Jennifer Maia,Jessica Eye,1.0,"July 10, 2021"
Raquel Pennington,Julianna Pena,0.0,"October 05, 2024"
Amanda Nunes,Julianna Pena,0.0,"December 11, 2021"
Germaine de Randamie,Julianna Pena,1.0,"October 03, 2020"
Belal Muhammad,Dhiego Lima,1.0,"February 13, 2021"
Court McGee,Dhiego Lima,0.0,"April 27, 2019"
Matt Brown,Dhiego Lima,1.0,"June 19, 2021"
Luke Jumeau,Dhiego Lima,0.0,"October 05, 2019"
Belal Muhammad,Lyman Good,1.0,"June 20, 2020"
Demian Maia,Lyman Good,1.0,"February 02, 2019"
Belal Muhammad,Takashi Sato,1.0,"September 07, 2019"
Gunnar Nelson,Takashi Sato,1.0,"March 19, 2022"
Miguel Baeza,Takashi Sato,1.0,"November 28, 2020"
Bryan Battle,Takashi Sato,1.0,"August 06, 2022"
Ben Saunders,Takashi Sato,0.0,"April 27, 2019"
Tecia Pennington,Luana Pinheiro,1.0,"May 17, 2025"
Michelle Waterson-Gomez,Luana Pinheiro,0.0,"April 08, 2023"
Randa Markos,Luana Pinheiro,0.0,"May 01, 2021"
Tecia Pennington,Brianna Fortino,1.0,"June 20, 2020"
Livinha Souza,Brianna Fortino,0.0,"July 13, 2019"
Jose Aldo,Aiemann Zahabi,0.0,"May 10, 2025"
Jose Aldo,Jonathan Martinez,1.0,"May 04, 2024"
Said Nurmagomedov,Jonathan Martinez,0.0,"March 11, 2023"
Cub Swanson,Jonathan Martinez,0.0,"October 15, 2022"
Alejandro Perez,Jonathan Martinez,0.0,"February 26, 2022"
Andre Ewell,Jonathan Martinez,1.0,"February 08, 2020"
Thomas Almeida,Jonathan Martinez,0.0,"October 17, 2020"
Frankie Saenz,Jonathan Martinez,0.0,"August 01, 2020"
Pingyuan Liu,Jonathan Martinez,0.0,"July 13, 2019"
Wulijiburen,Jonathan Martinez,0.0,"February 09, 2019"
Dustin Poirier,Conor McGregor,1.0,"July 10, 2021"
Dustin Poirier,Conor McGregor,1.0,"January 23, 2021"
Alexa Grasso,Valentina Shevchenko,0.0,"September 14, 2024"
Alexa Grasso,Valentina Shevchenko,0.0,"September 16, 2023"
Alexa Grasso,Viviane Araujo,1.0,"October 15, 2022"
Katlyn Cerminara,Viviane Araujo,1.0,"May 15, 2021"
Jennifer Maia,Viviane Araujo,0.0,"October 14, 2023"
Jessica Eye,Viviane Araujo,1.0,"December 14, 2019"
Roxanne Modafferi,Viviane Araujo,0.0,"January 20, 2021"
Alexis Davis,Viviane Araujo,0.0,"July 27, 2019"
Talita Bernardo,Viviane Araujo,0.0,"May 11, 2019"
Mike Malott,Charles Radtke,1.0,"May 10, 2025"
Matthew Semelsberger,Charles Radtke,0.0,"November 09, 2024"
Gilbert Urbina,Charles Radtke,0.0,"February 03, 2024"
Blood Diamond,Charles Radtke,0.0,"September 09, 2023"
Mike Malott,Trevin Giles,1.0,"November 02, 2024"
Gabriel Bonfim,Trevin Giles,1.0,"July 29, 2023"
Michael Morales,Trevin Giles,1.0,"January 22, 2022"
Zak Cummings,Trevin Giles,1.0,"May 18, 2019"
Mike Malott,Adam Fugitt,1.0,"June 10, 2023"
Josh Quinlan,Adam Fugitt,0.0,"June 15, 2024"
Michael Morales,Adam Fugitt,1.0,"July 30, 2022"
Yusaku Kinoshita,Adam Fugitt,0.0,"February 04, 2023"
Navajo Stirling,Ivan Erslan,1.0,"May 10, 2025"
Ion Cutelaba,Ivan Erslan,1.0,"September 28, 2024"
Marc-Andre Barriault,Eryk Anders,1.0,"June 10, 2023"
Chris Weidman,Eryk Anders,0.0,"December 07, 2024"
Andre Muniz,Eryk Anders,1.0,"December 11, 2021"
Marc-Andre Barriault,Abu Azaitar,1.0,"March 27, 2021"
Daniel Santos,JeongYeong Lee,1.0,"May 10, 2025"
Daniel Santos,Johnny Munoz,1.0,"June 03, 2023"
Aoriqileng,Johnny Munoz,1.0,"October 07, 2023"
Liudvik Sholinian,Johnny Munoz,0.0,"November 05, 2022"
Brad Katona,Bekzat Almakhan,0.0,"May 10, 2025"
Umar Nurmagomedov,Bekzat Almakhan,1.0,"March 02, 2024"
Brad Katona,Jesse Butler,1.0,"June 08, 2024"
Jim Miller,Jesse Butler,1.0,"June 03, 2023"
Brad Katona,Garrett Armfield,0.0,"January 20, 2024"
David Onama,Garrett Armfield,1.0,"July 09, 2022"
Serhiy Sidey,Garrett Armfield,1.0,"November 02, 2024"
Toshiomi Kazama,Garrett Armfield,0.0,"August 26, 2023"
Brady Hiestand,Garrett Armfield,1.0,"June 15, 2024"
Brad Katona,Hunter Azure,0.0,"September 14, 2019"
Cole Smith,Hunter Azure,0.0,"September 05, 2020"
Cory Sandhagen,Rob Font,1.0,"August 05, 2023"
Marlon Moraes,Rob Font,0.0,"December 19, 2020"
Santiago Ponzinibbio,Muslim Salikhov,0.0,"July 13, 2024"
Randy Brown,Muslim Salikhov,1.0,"February 03, 2024"
Song Kenan,Muslim Salikhov,0.0,"November 23, 2024"
Elizeu Zaleski dos Santos,Muslim Salikhov,0.0,"July 11, 2020"
Li Jingliang,Muslim Salikhov,1.0,"July 16, 2022"
Nicolas Dalby,Muslim Salikhov,1.0,"June 17, 2023"
Andre Fialho,Muslim Salikhov,0.0,"November 19, 2022"
Francisco Trinaldo,Muslim Salikhov,0.0,"June 05, 2021"
Nordine Taleb,Muslim Salikhov,0.0,"September 07, 2019"
Santiago Ponzinibbio,Miguel Baeza,1.0,"June 05, 2021"
Matt Brown,Miguel Baeza,0.0,"May 16, 2020"
Alessio Di Chirico,Zak Cummings,0.0,"August 29, 2020"
Omari Akhmedov,Zak Cummings,1.0,"September 07, 2019"
Reinier de Ridder,Bo Nickal,1.0,"May 03, 2025"
Jeremy Stephens,Zabit Magomedsharipov,0.0,"March 02, 2019"
Montel Jackson,Jesse Strader,1.0,"March 20, 2021"
Chad Anheliger,Jesse Strader,1.0,"February 19, 2022"
Cameron Smotherman,Serhiy Sidey,0.0,"May 03, 2025"
Yana Santos,Chelsea Chandler,1.0,"August 10, 2024"
Josiane Nunes,Chelsea Chandler,0.0,"March 16, 2024"
Norma Dumont,Chelsea Chandler,1.0,"July 15, 2023"
Julija Stoliarenko,Chelsea Chandler,0.0,"October 01, 2022"
Yana Santos,Karol Rosa,0.0,"July 01, 2023"
Irene Aldana,Karol Rosa,1.0,"December 16, 2023"
Sara McMann,Karol Rosa,1.0,"March 26, 2022"
Bethe Correia,Karol Rosa,0.0,"October 02, 2021"
Marina Rodriguez,Gillian Robertson,0.0,"May 03, 2025"
Veronica Hardy,Gillian Robertson,0.0,"February 23, 2019"
Luana Pinheiro,Gillian Robertson,0.0,"November 09, 2024"
Michelle Waterson-Gomez,Gillian Robertson,0.0,"June 29, 2024"
Tabatha Ricci,Gillian Robertson,1.0,"June 24, 2023"
JJ Aldrich,Gillian Robertson,1.0,"March 12, 2022"
Mariya Agapova,Gillian Robertson,0.0,"September 17, 2022"
Maycee Barber,Gillian Robertson,1.0,"October 18, 2019"
Cortney Casey,Gillian Robertson,0.0,"June 20, 2020"
Marina Rodriguez,Iasmin Lucindo,0.0,"October 05, 2024"
Amanda Lemos,Iasmin Lucindo,1.0,"March 08, 2025"
Karolina Kowalkiewicz,Iasmin Lucindo,0.0,"May 04, 2024"
Yazmin Jauregui,Iasmin Lucindo,1.0,"August 13, 2022"
Polyana Viana,Iasmin Lucindo,0.0,"August 12, 2023"
Marina Rodriguez,Amanda Lemos,0.0,"November 05, 2022"
Zhang Weili,Amanda Lemos,1.0,"August 19, 2023"
Michelle Waterson-Gomez,Amanda Lemos,0.0,"July 16, 2022"
Livinha Souza,Amanda Lemos,0.0,"March 06, 2021"
Miranda Granger,Amanda Lemos,0.0,"December 21, 2019"
Marina Rodriguez,Jessica Aguilar,1.0,"March 30, 2019"
Thomas Petersen,Don'Tale Mayes,1.0,"May 03, 2025"
Shamil Gaziev,Don'Tale Mayes,1.0,"August 03, 2024"
Ciryl Gane,Don'Tale Mayes,1.0,"October 26, 2019"
Andrei Arlovski,Don'Tale Mayes,0.0,"June 03, 2023"
Rodrigo Nascimento,Don'Tale Mayes,1.0,"November 04, 2023"
Rodrigo Nascimento,Don'Tale Mayes,1.0,"May 16, 2020"
Augusto Sakai,Don'Tale Mayes,1.0,"February 25, 2023"
Gaston Bolanos,Cortavious Romious,1.0,"November 09, 2024"
Anthony Smith,Vitor Petrino,1.0,"May 04, 2024"
Anthony Smith,Jimmy Crute,1.0,"April 24, 2021"
Misha Cirkunov,Jimmy Crute,1.0,"September 14, 2019"
Anthony Smith,Aleksandar Rakic,0.0,"August 29, 2020"
Jan Blachowicz,Aleksandar Rakic,1.0,"May 14, 2022"
Jiri Prochazka,Aleksandar Rakic,1.0,"April 13, 2024"
Volkan Oezdemir,Aleksandar Rakic,1.0,"December 21, 2019"
Magomed Ankalaev,Aleksandar Rakic,1.0,"October 26, 2024"
Thiago Santos,Aleksandar Rakic,0.0,"March 06, 2021"
Jimi Manuwa,Aleksandar Rakic,0.0,"June 01, 2019"
Anthony Smith,Glover Teixeira,0.0,"May 13, 2020"
Jan Blachowicz,Glover Teixeira,0.0,"October 30, 2021"
Thiago Santos,Glover Teixeira,0.0,"November 07, 2020"
Juliana Miller,Luana Santos,0.0,"August 12, 2023"
Casey O'Neill,Luana Santos,1.0,"August 17, 2024"
Juliana Miller,Veronica Hardy,0.0,"March 18, 2023"
JJ Aldrich,Veronica Hardy,0.0,"May 11, 2024"
Ian Machado Garry,Song Kenan,1.0,"March 04, 2023"
Callan Potter,Song Kenan,0.0,"February 22, 2020"
Ian Machado Garry,Gabe Green,1.0,"July 02, 2022"
Daniel Rodriguez,Gabe Green,1.0,"May 30, 2020"
Bryan Battle,Gabe Green,1.0,"May 13, 2023"
Ian Machado Garry,Darian Weeks,1.0,"April 09, 2022"
Bryan Barberena,Darian Weeks,1.0,"December 04, 2021"
Ian Machado Garry,Jordan Williams,1.0,"November 06, 2021"
Mickey Gall,Jordan Williams,1.0,"July 24, 2021"
Giga Chikadze,Cub Swanson,1.0,"May 01, 2021"
Giga Chikadze,Jamey Simmons,1.0,"November 07, 2020"
Johnny Munoz,Jamey Simmons,1.0,"August 07, 2021"
Giga Chikadze,Omar Morales,1.0,"October 10, 2020"
Jonathan Pearce,Omar Morales,1.0,"September 25, 2021"
Gabriel Benitez,Omar Morales,0.0,"May 13, 2020"
Shane Young,Omar Morales,0.0,"March 27, 2021"
Chris Duncan,Omar Morales,1.0,"March 18, 2023"
Dong Hyun Ma,Omar Morales,0.0,"December 21, 2019"
Giga Chikadze,Irwin Rivera,1.0,"May 16, 2020"
Andre Ewell,Irwin Rivera,1.0,"September 19, 2020"
Randy Brown,Nicolas Dalby,1.0,"April 26, 2025"
Gabriel Bonfim,Nicolas Dalby,0.0,"November 04, 2023"
Rinat Fakhretdinov,Nicolas Dalby,1.0,"June 22, 2024"
Daniel Rodriguez,Nicolas Dalby,0.0,"November 21, 2020"
Tim Means,Nicolas Dalby,1.0,"June 26, 2021"
Warlley Alves,Nicolas Dalby,0.0,"January 21, 2023"
Claudio Silva,Nicolas Dalby,0.0,"July 23, 2022"
Randy Brown,Bryan Battle,0.0,"December 07, 2024"
Tresean Gore,Bryan Battle,0.0,"February 05, 2022"
Kevin Jousset,Bryan Battle,0.0,"September 28, 2024"
Randy Brown,Wellington Turman,1.0,"June 24, 2023"
Andre Petroski,Wellington Turman,1.0,"November 12, 2022"
Misha Cirkunov,Wellington Turman,0.0,"February 26, 2022"
Sam Alvey,Wellington Turman,0.0,"August 28, 2021"
Andrew Sanchez,Wellington Turman,1.0,"August 08, 2020"
Karl Roberson,Wellington Turman,1.0,"July 13, 2019"
Markus Perez,Wellington Turman,0.0,"November 16, 2019"
Randy Brown,Jared Gooden,1.0,"October 09, 2021"
Chidi Njokuani,Jared Gooden,1.0,"October 12, 2024"
Wellington Turman,Jared Gooden,0.0,"December 02, 2023"
Carlston Harris,Jared Gooden,1.0,"March 11, 2023"
Niklas Stolze,Jared Gooden,0.0,"July 31, 2021"
Alan Jouban,Jared Gooden,1.0,"November 21, 2020"
Alex Morono,Mickey Gall,1.0,"December 04, 2021"
Mike Perry,Mickey Gall,1.0,"June 27, 2020"
Diego Sanchez,Mickey Gall,1.0,"March 02, 2019"
Evan Elder,Genaro Valdez,1.0,"July 15, 2023"
Natan Levy,Genaro Valdez,1.0,"December 03, 2022"
Matt Frevola,Genaro Valdez,1.0,"January 22, 2022"
Ikram Aliskerov,Warlley Alves,1.0,"October 21, 2023"
Abus Magomedov,Warlley Alves,1.0,"May 18, 2024"
Matt Schnell,Tyson Nam,1.0,"January 20, 2021"
Ode Osbourne,Tyson Nam,0.0,"August 13, 2022"
Kai Kara-France,Tyson Nam,1.0,"February 22, 2020"
Sergio Pettis,Tyson Nam,1.0,"September 21, 2019"
Chris Gutierrez,Alatengheili,1.0,"October 14, 2023"
Da'Mon Blackshear,Alatengheili,1.0,"April 26, 2025"
Chad Anheliger,Alatengheili,0.0,"September 10, 2022"
Gustavo Lopez,Alatengheili,0.0,"September 18, 2021"
Casey Kenney,Alatengheili,1.0,"October 03, 2020"
Chris Gutierrez,Batgerel Danaa,1.0,"March 26, 2022"
Kyung Ho Kang,Batgerel Danaa,1.0,"June 11, 2022"
Brady Hiestand,Batgerel Danaa,1.0,"April 22, 2023"
Alatengheili,Batgerel Danaa,1.0,"August 31, 2019"
Chris Gutierrez,Vince Morales,1.0,"May 30, 2020"
Raul Rosas Jr.,Vince Morales,1.0,"March 29, 2025"
Jonathan Martinez,Vince Morales,1.0,"May 21, 2022"
Aiemann Zahabi,Vince Morales,0.0,"May 04, 2019"
Taylor Lapilus,Vince Morales,1.0,"September 28, 2024"
Louis Smolka,Vince Morales,0.0,"December 04, 2021"
Benito Lopez,Vince Morales,1.0,"July 13, 2019"
Da'Mon Blackshear,Luan Lacerda,1.0,"June 03, 2023"
Da'Mon Blackshear,Farid Basharat,0.0,"March 04, 2023"
Jaqueline Amorim,Polyana Viana,1.0,"April 26, 2025"
Veronica Hardy,Polyana Viana,1.0,"August 10, 2019"
Gillian Robertson,Polyana Viana,1.0,"January 20, 2024"
Jaqueline Amorim,Cory McKenna,1.0,"March 16, 2024"
Julia Polastri,Cory McKenna,1.0,"October 12, 2024"
Cheyanne Vlismas,Cory McKenna,0.0,"December 17, 2022"
Kay Hansen,Cory McKenna,0.0,"November 14, 2020"
Jaqueline Amorim,Montserrat Conejo Ruiz,1.0,"August 12, 2023"
Amanda Lemos,Montserrat Conejo Ruiz,1.0,"July 17, 2021"
Eduarda Moura,Montserrat Conejo Ruiz,1.0,"November 04, 2023"
Cheyanne Vlismas,Montserrat Conejo Ruiz,0.0,"March 20, 2021"
Timmy Cuamba,Roberto Romero,1.0,"April 26, 2025"
David Onama,Roberto Romero,1.0,"November 16, 2024"
Josh Emmett,Mirsad Bektic,1.0,"July 13, 2019"
Ross Pearson,Desmond Green,0.0,"March 30, 2019"
Pat Sabatini,TJ Laramie,1.0,"April 16, 2022"
Darrick Minner,TJ Laramie,1.0,"September 19, 2020"
Pat Sabatini,Tucker Lutz,1.0,"November 20, 2021"
Daniel Pineda,Tucker Lutz,1.0,"March 25, 2023"
Kevin Aguilar,Tucker Lutz,0.0,"May 15, 2021"
Ode Osbourne,Luis Gurule,1.0,"April 05, 2025"
Ode Osbourne,Asu Almabayev,0.0,"August 05, 2023"
Manel Kape,Asu Almabayev,1.0,"March 01, 2025"
Matheus Nicolau,Asu Almabayev,0.0,"October 19, 2024"
CJ Vergara,Asu Almabayev,0.0,"March 09, 2024"
Ode Osbourne,Jerome Rivera,1.0,"February 06, 2021"
Tyson Nam,Jerome Rivera,1.0,"September 19, 2020"
Zhalgas Zhumagulov,Jerome Rivera,1.0,"July 10, 2021"
Francisco Figueiredo,Jerome Rivera,1.0,"January 20, 2021"
Diana Belbita,Maria Oliveira,1.0,"June 10, 2023"
Vanessa Demopoulos,Maria Oliveira,1.0,"November 19, 2022"
Tabatha Ricci,Maria Oliveira,1.0,"October 23, 2021"
Diana Belbita,Gloria de Paula,0.0,"February 19, 2022"
Cheyanne Vlismas,Gloria de Paula,1.0,"July 31, 2021"
Maria Oliveira,Gloria de Paula,1.0,"June 18, 2022"
Diana Belbita,Hannah Goldy,1.0,"July 24, 2021"
Molly McCann,Hannah Goldy,1.0,"July 23, 2022"
Mizuki,Hannah Goldy,1.0,"September 23, 2023"
Emily Whitmire,Hannah Goldy,0.0,"September 18, 2021"
Miranda Granger,Hannah Goldy,1.0,"August 03, 2019"
Diana Belbita,Liana Jojua,0.0,"July 15, 2020"
Cortney Casey,Liana Jojua,1.0,"November 13, 2021"
Rhys McKee,Daniel Frunza,1.0,"April 05, 2025"
Loma Lookboonmee,Istela Nunes,1.0,"April 05, 2025"
Yazmin Jauregui,Istela Nunes,1.0,"December 03, 2022"
Viktoriia Dudakova,Istela Nunes,1.0,"July 15, 2023"
Loma Lookboonmee,Elise Reed,1.0,"February 11, 2023"
Loopy Godinez,Elise Reed,1.0,"September 16, 2023"
Jessica Penne,Elise Reed,0.0,"October 19, 2024"
Melissa Martinez,Elise Reed,0.0,"September 10, 2022"
Cory McKenna,Elise Reed,0.0,"March 19, 2022"
Sijara Eubanks,Elise Reed,1.0,"July 24, 2021"
Loma Lookboonmee,Aleksandra Albu,1.0,"October 26, 2019"
Victor Henry,Pedro Falcao,1.0,"April 05, 2025"
Victor Henry,Tony Gravely,1.0,"March 11, 2023"
Nate Maness,Tony Gravely,1.0,"September 18, 2021"
Johnny Munoz,Tony Gravely,0.0,"June 04, 2022"
Geraldo de Freitas,Tony Gravely,0.0,"November 14, 2020"
Brett Johns,Tony Gravely,1.0,"January 25, 2020"
Vanessa Demopoulos,Emily Ducote,1.0,"May 18, 2024"
Angela Hill,Emily Ducote,1.0,"December 03, 2022"
Jessica Penne,Emily Ducote,0.0,"July 16, 2022"
Ashley Yoder,Emily Ducote,0.0,"October 14, 2023"
Vanessa Demopoulos,Kanako Murata,1.0,"October 07, 2023"
Randa Markos,Kanako Murata,0.0,"November 14, 2020"
Michael Chandler,Paddy Pimblett,0.0,"April 12, 2025"
King Green,Paddy Pimblett,0.0,"July 27, 2024"
Tony Ferguson,Paddy Pimblett,0.0,"December 16, 2023"
Darren Elkins,TJ Brown,1.0,"October 14, 2023"
Bill Algeo,TJ Brown,1.0,"April 15, 2023"
Shayilan Nuerdanbieke,TJ Brown,1.0,"June 25, 2022"
Kai Kamaka,TJ Brown,0.0,"May 01, 2021"
Jordan Griffin,TJ Brown,1.0,"February 29, 2020"
Darren Elkins,Jonathan Pearce,0.0,"December 03, 2022"
Makwan Amirkhani,Jonathan Pearce,0.0,"July 23, 2022"
Joe Lauzon,Jonathan Pearce,1.0,"October 18, 2019"
Darren Elkins,Darrick Minner,1.0,"July 24, 2021"
Grant Dawson,Darrick Minner,1.0,"February 29, 2020"
Ryan Hall,Darrick Minner,1.0,"December 11, 2021"
Charles Rosa,Darrick Minner,0.0,"February 20, 2021"
Darren Elkins,Eduardo Garagorri,1.0,"November 07, 2020"
Ricardo Ramos,Eduardo Garagorri,1.0,"November 16, 2019"
Darren Elkins,Ryan Hall,0.0,"July 13, 2019"
Ashley Yoder,Syuri Kondo,1.0,"June 22, 2019"
Sedriques Dumas,Denis Tiuliulin,1.0,"August 03, 2024"
Christian Leroy Duncan,Denis Tiuliulin,1.0,"November 18, 2023"
Aliaskhab Khizriev,Denis Tiuliulin,1.0,"March 26, 2022"
JunYong Park,Denis Tiuliulin,1.0,"February 04, 2023"
Gregory Rodrigues,Denis Tiuliulin,1.0,"August 19, 2023"
Sedriques Dumas,Josh Fremd,0.0,"March 11, 2023"
Anthony Hernandez,Josh Fremd,1.0,"April 09, 2022"
Roman Kopylov,Josh Fremd,1.0,"September 16, 2023"
Jim Miller,Chase Hooper,0.0,"April 12, 2025"
Clay Guida,Chase Hooper,0.0,"December 07, 2024"
Alex Caceres,Chase Hooper,1.0,"June 06, 2020"
Jim Miller,Gabriel Benitez,1.0,"January 13, 2024"
Jim Miller,Donald Cerrone,1.0,"July 02, 2022"
Alexander Hernandez,Donald Cerrone,0.0,"January 19, 2019"
Tony Ferguson,Donald Cerrone,1.0,"June 08, 2019"
Al Iaquinta,Donald Cerrone,0.0,"May 04, 2019"
Anthony Pettis,Donald Cerrone,1.0,"May 09, 2020"
Conor McGregor,Donald Cerrone,1.0,"January 18, 2020"
Jim Miller,Joe Solecki,0.0,"April 10, 2021"
Grant Dawson,Joe Solecki,1.0,"June 01, 2024"
Nurullo Aliev,Joe Solecki,1.0,"January 11, 2025"
Austin Hubbard,Joe Solecki,0.0,"August 22, 2020"
Drakkar Klose,Joe Solecki,1.0,"December 02, 2023"
Jim Miller,Vinc Pichel,0.0,"August 15, 2020"
Rafa Garcia,Vinc Pichel,1.0,"March 29, 2025"
Ismael Bonfim,Vinc Pichel,1.0,"May 04, 2024"
Roosevelt Roberts,Vinc Pichel,0.0,"June 29, 2019"
Jim Miller,Jason Gonzalez,1.0,"April 27, 2019"
Lando Vannata,Yancy Medeiros,1.0,"February 15, 2020"
Gregor Gillespie,Yancy Medeiros,1.0,"January 19, 2019"
Joe Solecki,Matt Wiman,1.0,"December 07, 2019"
Tresean Gore,Marco Tulio,0.0,"April 12, 2025"
Nora Cornolle,Hailey Cowan,1.0,"April 12, 2025"
Nora Cornolle,Jacqueline Cavalcanti,0.0,"September 28, 2024"
Julia Avila,Jacqueline Cavalcanti,0.0,"February 15, 2025"
Zarah Fairn,Jacqueline Cavalcanti,0.0,"September 02, 2023"
Jan Blachowicz,Alex Pereira,0.0,"July 29, 2023"
Israel Adesanya,Alex Pereira,0.0,"November 12, 2022"
Jiri Prochazka,Alex Pereira,0.0,"November 11, 2023"
Sean Strickland,Alex Pereira,0.0,"July 02, 2022"
Jan Blachowicz,Thiago Santos,0.0,"February 23, 2019"
Jon Jones,Thiago Santos,1.0,"July 06, 2019"
Leon Edwards,Kamaru Usman,1.0,"March 18, 2023"
Tyron Woodley,Kamaru Usman,0.0,"March 02, 2019"
Leon Edwards,Gunnar Nelson,1.0,"March 16, 2019"
Alex Oliveira,Peter Sobotta,1.0,"July 25, 2020"
Molly McCann,Alexia Thainara,0.0,"March 22, 2025"
Molly McCann,Diana Belbita,1.0,"February 03, 2024"
Molly McCann,Diana Belbita,1.0,"October 18, 2019"
Karolina Kowalkiewicz,Diana Belbita,1.0,"October 07, 2023"
Nathaniel Wood,Muhammad Naimov,0.0,"October 21, 2023"
Erik Silva,Muhammad Naimov,0.0,"February 24, 2024"
Jamie Mullarkey,Muhammad Naimov,0.0,"June 03, 2023"
Nathaniel Wood,Casey Kenney,0.0,"October 24, 2020"
Song Yadong,Casey Kenney,1.0,"August 07, 2021"
Louis Smolka,Casey Kenney,0.0,"May 30, 2020"
Dominick Cruz,Casey Kenney,1.0,"March 06, 2021"
Manny Bermudez,Casey Kenney,0.0,"August 17, 2019"
Ray Borg,Casey Kenney,0.0,"March 30, 2019"
Nathaniel Wood,Jose Quinonez,1.0,"March 16, 2019"
Sean O'Malley,Jose Quinonez,1.0,"March 07, 2020"
Louis Smolka,Jose Quinonez,1.0,"December 05, 2020"
Charles Jourdain,Andre Ewell,1.0,"December 18, 2021"
Marlon Vera,Andre Ewell,1.0,"October 12, 2019"
Julio Arce,Andre Ewell,1.0,"July 24, 2021"
Lone'er Kavanagh,Felipe dos Santos,1.0,"March 22, 2025"
Manel Kape,Felipe dos Santos,1.0,"September 09, 2023"
Victor Altamirano,Felipe dos Santos,0.0,"February 24, 2024"
Jai Herbert,Kyle Nelson,1.0,"July 23, 2022"
Steve Garcia,Kyle Nelson,1.0,"September 07, 2024"
Dooho Choi,Kyle Nelson,0.0,"February 04, 2023"
Bill Algeo,Kyle Nelson,0.0,"March 30, 2024"
Fernando Padilla,Kyle Nelson,0.0,"September 16, 2023"
Billy Quarantillo,Kyle Nelson,1.0,"September 12, 2020"
Marco Polo Reyes,Kyle Nelson,0.0,"September 21, 2019"
Christian Leroy Duncan,Claudio Ribeiro,1.0,"March 02, 2024"
Roman Kopylov,Claudio Ribeiro,1.0,"July 29, 2023"
Joseph Holmes,Claudio Ribeiro,0.0,"May 06, 2023"
Nathan Fletcher,Caolan Loughran,0.0,"March 22, 2025"
Jake Hadley,Caolan Loughran,1.0,"July 27, 2024"
Taylor Lapilus,Caolan Loughran,1.0,"September 02, 2023"
Angel Pacheco,Caolan Loughran,0.0,"March 30, 2024"
Guram Kutateladze,Jordan Vucenic,1.0,"August 03, 2024"
Guram Kutateladze,Elves Brener,0.0,"July 01, 2023"
Joel Alvarez,Elves Brener,1.0,"August 03, 2024"
Zubaira Tukhugov,Elves Brener,0.0,"February 11, 2023"
Chidi Njokuani,Albert Duraev,0.0,"March 25, 2023"
Joaquin Buckley,Albert Duraev,1.0,"June 18, 2022"
Alexander Hernandez,Kurt Holobaugh,1.0,"March 15, 2025"
Thiago Moises,Kurt Holobaugh,1.0,"May 11, 2019"
SeungWoo Choi,Suman Mokhtarian,1.0,"December 21, 2019"
Waldo Cortes-Acosta,Robelis Despaigne,1.0,"May 11, 2024"
Austen Lane,Robelis Despaigne,1.0,"October 19, 2024"
SuYoung You,AJ Cunningham,1.0,"March 15, 2025"
Ludovit Klein,AJ Cunningham,1.0,"March 02, 2024"
Carlos Vera,Josias Musasa,1.0,"March 15, 2025"
Josiane Nunes,Zarah Fairn,1.0,"January 21, 2023"
Felicia Spencer,Zarah Fairn,1.0,"February 29, 2020"
Megan Anderson,Zarah Fairn,1.0,"October 05, 2019"
Josiane Nunes,Ramona Pascual,1.0,"February 26, 2022"
Tamires Vidal,Ramona Pascual,1.0,"November 05, 2022"
Daniel Barez,Andre Lima,0.0,"March 15, 2025"
Felipe dos Santos,Andre Lima,0.0,"September 07, 2024"
Mitch Raposo,Andre Lima,0.0,"June 01, 2024"
Igor Severino,Andre Lima,0.0,"March 23, 2024"
Yuneisy Duben,Carli Judice,0.0,"March 15, 2025"
Brandon Moreno,Amir Albazi,1.0,"November 02, 2024"
Kai Kara-France,Amir Albazi,0.0,"June 03, 2023"
Malcolm Gordon,Amir Albazi,0.0,"July 18, 2020"
Brandon Moreno,Alexandre Pantoja,0.0,"July 08, 2023"
Wilson Reis,Alexandre Pantoja,0.0,"April 13, 2019"
Edgar Chairez,Daniel Lacerda,1.0,"February 24, 2024"
Edgar Chairez,Daniel Lacerda,0.0,"September 16, 2023"
CJ Vergara,Daniel Lacerda,1.0,"March 25, 2023"
Jeff Molina,Daniel Lacerda,1.0,"October 23, 2021"
Raul Rosas Jr.,Ricky Turcios,1.0,"June 08, 2024"
Aiemann Zahabi,Ricky Turcios,1.0,"July 09, 2022"
Raul Rosas Jr.,Terrence Mitchell,1.0,"September 16, 2023"
Cameron Saaiman,Terrence Mitchell,1.0,"July 08, 2023"
David Martinez,Saimon Oliveira,1.0,"March 29, 2025"
Tony Gravely,Saimon Oliveira,1.0,"January 22, 2022"
Ronaldo Rodriguez,Denys Bondar,1.0,"February 24, 2024"
Malcolm Gordon,Denys Bondar,1.0,"February 05, 2022"
Carlos Hernandez,Denys Bondar,1.0,"June 17, 2023"
Christian Rodriguez,Austin Bashi,1.0,"January 11, 2025"
Christian Rodriguez,Isaac Dulgarian,1.0,"March 16, 2024"
Francis Marshall,Isaac Dulgarian,0.0,"August 12, 2023"
Christian Rodriguez,Joshua Weems,1.0,"October 29, 2022"
Jose Medina,Ateba Gautier,0.0,"March 29, 2025"
Loopy Godinez,Julia Polastri,1.0,"March 29, 2025"
Josefine Knutsson,Julia Polastri,1.0,"June 15, 2024"
Loopy Godinez,Silvana Gomez Juarez,1.0,"October 09, 2021"
Karolina Kowalkiewicz,Silvana Gomez Juarez,1.0,"November 12, 2022"
Liang Na,Silvana Gomez Juarez,0.0,"June 11, 2022"
Jamall Emmers,Jack Jenkins,0.0,"June 24, 2023"
Jamall Emmers,Khusein Askhabov,1.0,"February 18, 2023"
Jamall Emmers,Pat Sabatini,0.0,"August 28, 2021"
Jonathan Pearce,Pat Sabatini,0.0,"October 12, 2024"
Damon Jackson,Pat Sabatini,1.0,"September 17, 2022"
Diego Lopes,Pat Sabatini,1.0,"November 11, 2023"
Jamall Emmers,Vince Cachero,1.0,"August 01, 2020"
Rafa Garcia,Maheshate,1.0,"December 17, 2022"
Gabriel Benitez,Maheshate,0.0,"April 27, 2024"
Rafa Garcia,Jesse Ronson,1.0,"April 16, 2022"
Joaquim Silva,Jesse Ronson,1.0,"October 01, 2022"
Nicolas Dalby,Jesse Ronson,0.0,"July 25, 2020"
Rafa Garcia,Natan Levy,1.0,"November 20, 2021"
Justin Gaethje,Rafael Fiziev,1.0,"March 08, 2025"
Justin Gaethje,Rafael Fiziev,1.0,"March 18, 2023"
King Green,Rafael Fiziev,0.0,"August 07, 2021"
Renato Moicano,Rafael Fiziev,0.0,"December 12, 2020"
Marc Diakiese,Rafael Fiziev,0.0,"July 18, 2020"
Brad Riddell,Rafael Fiziev,0.0,"December 04, 2021"
Rafael Dos Anjos,Rafael Fiziev,0.0,"July 09, 2022"
Alex White,Rafael Fiziev,0.0,"October 26, 2019"
Magomed Mustafaev,Rafael Fiziev,1.0,"April 20, 2019"
Justin Gaethje,Michael Chandler,1.0,"November 06, 2021"
Charles Oliveira,Michael Chandler,1.0,"November 16, 2024"
Charles Oliveira,Michael Chandler,1.0,"May 15, 2021"
Dustin Poirier,Michael Chandler,1.0,"November 12, 2022"
Dan Hooker,Michael Chandler,0.0,"January 23, 2021"
Jalin Turner,King Green,1.0,"December 02, 2023"
Islam Makhachev,King Green,1.0,"February 26, 2022"
Grant Dawson,King Green,0.0,"October 07, 2023"
Clay Guida,King Green,0.0,"June 20, 2020"
Tony Ferguson,King Green,0.0,"July 29, 2023"
Drew Dober,King Green,1.0,"December 17, 2022"
Lando Vannata,King Green,0.0,"August 01, 2020"
Francisco Trinaldo,King Green,1.0,"November 16, 2019"
Al Iaquinta,King Green,0.0,"November 06, 2021"
Jalin Turner,Matt Frevola,0.0,"April 13, 2019"
Fares Ziam,Matt Frevola,1.0,"September 28, 2024"
Drew Dober,Matt Frevola,0.0,"May 06, 2023"
Arman Tsarukyan,Matt Frevola,1.0,"January 23, 2021"
Amanda Lemos,Mizuki,1.0,"August 22, 2020"
Wu Yanan,Mizuki,0.0,"August 31, 2019"
Alex Pereira,Jiri Prochazka,1.0,"June 29, 2024"
Volkan Oezdemir,Jiri Prochazka,0.0,"July 11, 2020"
Dominick Reyes,Jiri Prochazka,0.0,"May 01, 2021"
Glover Teixeira,Jiri Prochazka,0.0,"June 11, 2022"
King Green,Jim Miller,1.0,"April 13, 2024"
King Green,Jared Gordon,0.0,"April 22, 2023"
Nasrat Haqparast,Jared Gordon,1.0,"June 22, 2024"
Charles Oliveira,Jared Gordon,1.0,"November 16, 2019"
Joe Solecki,Jared Gordon,0.0,"October 02, 2021"
Paddy Pimblett,Jared Gordon,1.0,"December 10, 2022"
Leonardo Santos,Jared Gordon,0.0,"August 20, 2022"
King Green,Nasrat Haqparast,1.0,"February 12, 2022"
Drew Dober,Nasrat Haqparast,1.0,"January 18, 2020"
Joaquim Silva,Nasrat Haqparast,0.0,"August 03, 2019"
Dan Hooker,Nasrat Haqparast,1.0,"September 25, 2021"
John Makdessi,Nasrat Haqparast,0.0,"September 03, 2022"
Trevin Giles,James Krause,1.0,"February 08, 2020"
Claudio Silva,James Krause,0.0,"October 17, 2020"
Sergio Moraes,James Krause,0.0,"November 16, 2019"
Joshua Van,Rei Tsuruya,1.0,"March 08, 2025"
Alex Morono,David Zawada,1.0,"September 04, 2021"
Abubakar Nurmagomedov,David Zawada,0.0,"November 09, 2019"
Alex Morono,Zak Ottow,1.0,"March 09, 2019"
Mairon Santos,Francis Marshall,1.0,"March 08, 2025"
Dennis Buzukja,Francis Marshall,0.0,"August 24, 2024"
Marcelo Rojo,Francis Marshall,0.0,"December 03, 2022"
Djorden Santos,Ozzy Diaz,0.0,"March 08, 2025"
Zhang Mingyang,Ozzy Diaz,1.0,"November 23, 2024"
Nasrat Haqparast,Landon Quinones,1.0,"September 09, 2023"
Nasrat Haqparast,Rafa Garcia,1.0,"March 13, 2021"
Grant Dawson,Rafa Garcia,1.0,"October 12, 2024"
Clay Guida,Rafa Garcia,0.0,"April 15, 2023"
Drakkar Klose,Rafa Garcia,1.0,"July 30, 2022"
Chris Gruetzemacher,Rafa Garcia,1.0,"July 31, 2021"
Nasrat Haqparast,Alexander Munoz,1.0,"August 08, 2020"
Luis Pena,Alexander Munoz,1.0,"April 17, 2021"
Danny Barlow,Sam Patterson,0.0,"March 01, 2025"
Yohan Lainesse,Sam Patterson,0.0,"January 20, 2024"
Austen Lane,Mario Pinto,0.0,"March 01, 2025"
Austen Lane,Justin Tafa,0.0,"June 24, 2023"
Karl Williams,Justin Tafa,1.0,"March 23, 2024"
Carlos Felipe,Justin Tafa,1.0,"January 16, 2021"
Juan Adams,Justin Tafa,0.0,"February 08, 2020"
Ricardo Ramos,Chepe Mariscal,0.0,"March 01, 2025"
Jack Jenkins,Chepe Mariscal,0.0,"September 09, 2023"
Morgan Charriere,Chepe Mariscal,0.0,"April 06, 2024"
Trevor Peek,Chepe Mariscal,0.0,"June 24, 2023"
Damon Jackson,Chepe Mariscal,0.0,"August 10, 2024"
Ricardo Ramos,Zubaira Tukhugov,0.0,"October 30, 2021"
Hakeem Dawodu,Zubaira Tukhugov,1.0,"September 26, 2020"
Kevin Aguilar,Zubaira Tukhugov,0.0,"February 22, 2020"
Ricardo Ramos,Journey Newson,1.0,"June 29, 2019"
Sergey Morozov,Journey Newson,1.0,"December 17, 2022"
Domingo Pilarte,Journey Newson,0.0,"February 08, 2020"
John Castaneda,Kyung Ho Kang,1.0,"November 11, 2023"
Rani Yahya,Kyung Ho Kang,1.0,"November 20, 2021"
Teruto Ishihara,Kyung Ho Kang,0.0,"February 09, 2019"
Andrea Lee,Antonina Shevchenko,1.0,"May 15, 2021"
Katlyn Cerminara,Antonina Shevchenko,1.0,"May 30, 2020"
Roxanne Modafferi,Antonina Shevchenko,1.0,"April 20, 2019"
Henry Cejudo,Dominick Cruz,1.0,"May 09, 2020"
Marlon Vera,Dominick Cruz,1.0,"August 13, 2022"
Pedro Munhoz,Dominick Cruz,0.0,"December 11, 2021"
Henry Cejudo,Marlon Moraes,1.0,"June 08, 2019"
Raphael Assuncao,Marlon Moraes,0.0,"February 02, 2019"
Brendan Allen,Jacob Malkoun,1.0,"June 11, 2022"
Andre Petroski,Jacob Malkoun,0.0,"March 30, 2024"
Abdul Razak Alhassan,Jacob Malkoun,0.0,"April 17, 2021"
AJ Dobson,Jacob Malkoun,0.0,"February 12, 2022"
Nick Maximov,Jacob Malkoun,0.0,"October 15, 2022"
Brendan Allen,Tom Breese,1.0,"February 29, 2020"
Omari Akhmedov,Tom Breese,1.0,"January 20, 2021"
Rob Font,Kyler Phillips,1.0,"October 19, 2024"
Pedro Munhoz,Kyler Phillips,0.0,"March 09, 2024"
Song Yadong,Kyler Phillips,0.0,"March 06, 2021"
Gabriel Silva,Kyler Phillips,0.0,"February 29, 2020"
Rob Font,Cody Garbrandt,1.0,"May 22, 2021"
Kai Kara-France,Cody Garbrandt,1.0,"December 11, 2021"
Deiveson Figueiredo,Cody Garbrandt,1.0,"April 13, 2024"
Raphael Assuncao,Cody Garbrandt,0.0,"June 06, 2020"
Jean Silva,Melsik Baghdasaryan,1.0,"February 22, 2025"
Josh Culibao,Melsik Baghdasaryan,1.0,"February 11, 2023"
Tucker Lutz,Melsik Baghdasaryan,0.0,"July 15, 2023"
Collin Anglin,Melsik Baghdasaryan,0.0,"July 31, 2021"
Ion Cutelaba,Ibo Aslan,1.0,"February 22, 2025"
Ion Cutelaba,Philipe Lins,0.0,"March 09, 2024"
Andrei Arlovski,Philipe Lins,1.0,"May 13, 2020"
Ovince Saint Preux,Philipe Lins,0.0,"February 18, 2023"
Marcin Prachnio,Philipe Lins,0.0,"April 23, 2022"
Nikolay Veretennikov,Austin Vanderford,0.0,"February 22, 2025"
Ismael Bonfim,Nazim Sadykhov,0.0,"February 15, 2025"
Ismael Bonfim,Benoit Saint Denis,0.0,"July 01, 2023"
Elizeu Zaleski dos Santos,Benoit Saint Denis,1.0,"October 30, 2021"
Renato Moicano,Benoit Saint Denis,1.0,"September 28, 2024"
Dustin Poirier,Benoit Saint Denis,1.0,"March 09, 2024"
Matt Frevola,Benoit Saint Denis,0.0,"November 11, 2023"
Niklas Stolze,Benoit Saint Denis,0.0,"June 04, 2022"
Angela Hill,Ashley Yoder,1.0,"March 13, 2021"
Jinh Yu Frey,Ashley Yoder,1.0,"July 31, 2021"
Randa Markos,Ashley Yoder,1.0,"October 26, 2019"
Angela Hill,Jodie Esquibel,1.0,"April 27, 2019"
Hannah Cifers,Jodie Esquibel,1.0,"August 17, 2019"
Cynthia Calvillo,Nina Nunes,0.0,"August 13, 2022"
Tatiana Suarez,Nina Nunes,1.0,"June 08, 2019"
Gabriel Bonfim,Mounir Lazzez,1.0,"January 21, 2023"
Abdul Razak Alhassan,Mounir Lazzez,0.0,"July 15, 2020"
Warlley Alves,Mounir Lazzez,1.0,"January 20, 2021"
Vince Morales,Elijah Smith,0.0,"February 15, 2025"
Vince Morales,Miles Johns,0.0,"November 19, 2022"
Dan Argueta,Miles Johns,0.0,"September 23, 2023"
Douglas Silva de Andrade,Miles Johns,0.0,"June 15, 2024"
Cole Smith,Miles Johns,0.0,"September 14, 2019"
Vince Morales,Drako Rodriguez,1.0,"August 07, 2021"
Aiemann Zahabi,Drako Rodriguez,1.0,"February 20, 2021"
Don'Tale Mayes,Caio Machado,1.0,"April 27, 2024"
Mick Parkin,Caio Machado,1.0,"November 18, 2023"
Don'Tale Mayes,Hamdy Abdelwahab,0.0,"July 30, 2022"
Don'Tale Mayes,Josh Parisian,1.0,"December 18, 2021"
Robelis Despaigne,Josh Parisian,1.0,"March 09, 2024"
Don'Tale Mayes,Roque Martinez,1.0,"November 14, 2020"
Alexandr Romanov,Roque Martinez,1.0,"September 12, 2020"
Josh Parisian,Roque Martinez,1.0,"June 19, 2021"
Julia Avila,Gina Mazany,1.0,"June 13, 2020"
Justin Tafa,Harry Hunsucker,1.0,"December 18, 2021"
Tai Tuivasa,Harry Hunsucker,1.0,"March 20, 2021"
Tyson Pedro,Harry Hunsucker,1.0,"August 20, 2022"
Justin Tafa,Yorgan De Castro,0.0,"October 05, 2019"
Greg Hardy,Yorgan De Castro,1.0,"May 09, 2020"
Tom Nolan,Alex Reyes,1.0,"August 17, 2024"
Jack Jenkins,Herbert Burns,1.0,"August 17, 2024"
Bill Algeo,Herbert Burns,1.0,"July 16, 2022"
Julio Arce,Herbert Burns,1.0,"March 30, 2024"
Evan Dunham,Herbert Burns,0.0,"June 06, 2020"
Wang Cong,Victoria Leonardo,1.0,"August 24, 2024"
Natalia Silva,Victoria Leonardo,1.0,"May 20, 2023"
Mandy Bohm,Victoria Leonardo,0.0,"July 23, 2022"
Colby Thicknesse,Aleksandre Topuria,0.0,"February 08, 2025"
Jonathan Micallef,Kevin Jousset,1.0,"February 08, 2025"
Song Kenan,Kevin Jousset,0.0,"December 09, 2023"
Said Nurmagomedov,Saidyokub Kakhramonov,1.0,"December 17, 2022"
Ronnie Lawrence,Saidyokub Kakhramonov,0.0,"July 09, 2022"
Trevin Jones,Saidyokub Kakhramonov,0.0,"August 21, 2021"
Said Nurmagomedov,Mark Striegl,1.0,"October 17, 2020"
Chas Skelly,Mark Striegl,1.0,"February 19, 2022"
Fares Ziam,Michal Figlak,1.0,"September 03, 2022"
Austin Hubbard,Michal Figlak,1.0,"April 27, 2024"
Fares Ziam,Luigi Vendramini,1.0,"June 12, 2021"
Paddy Pimblett,Luigi Vendramini,1.0,"September 04, 2021"
Shamil Gaziev,Thomas Petersen,1.0,"February 01, 2025"
Mohammed Usman,Thomas Petersen,0.0,"July 20, 2024"
Jasmine Jasudavicius,Mayra Bueno Silva,1.0,"February 01, 2025"
Raquel Pennington,Mayra Bueno Silva,1.0,"January 20, 2024"
Holly Holm,Mayra Bueno Silva,0.0,"July 15, 2023"
Montana De La Rosa,Mayra Bueno Silva,0.0,"February 27, 2021"
Manon Fiorot,Mayra Bueno Silva,1.0,"October 16, 2021"
Lina Lansberg,Mayra Bueno Silva,0.0,"February 18, 2023"
Jasmine Jasudavicius,Fatima Kline,1.0,"July 13, 2024"
Islam Makhachev,Davi Ramos,1.0,"September 07, 2019"
Grant Dawson,Ricky Glenn,0.0,"October 23, 2021"
Song Kenan,Ricky Glenn,1.0,"August 17, 2024"
Drew Dober,Ricky Glenn,1.0,"October 07, 2023"
Joaquim Silva,Ricky Glenn,0.0,"June 19, 2021"
Grant Dawson,Nad Narimani,1.0,"July 18, 2020"
Mike Grundy,Nad Narimani,1.0,"March 16, 2019"
Mackenzie Dern,Hannah Cifers,1.0,"May 30, 2020"
Polyana Viana,Hannah Cifers,0.0,"March 02, 2019"
Mariya Agapova,Hannah Cifers,1.0,"June 13, 2020"
Mallory Martin,Hannah Cifers,1.0,"August 29, 2020"
Ricky Turcios,Benardo Sopaj,0.0,"January 18, 2025"
Vinicius Oliveira,Benardo Sopaj,1.0,"March 02, 2024"
Ricky Turcios,Brady Hiestand,1.0,"August 28, 2021"
Chris Curtis,Rodolfo Vieira,1.0,"June 25, 2022"
Cesar Almeida,Abdul Razak Alhassan,1.0,"January 11, 2025"
Joe Pyfer,Abdul Razak Alhassan,1.0,"October 07, 2023"
Joaquin Buckley,Abdul Razak Alhassan,1.0,"February 19, 2022"
Claudio Ribeiro,Abdul Razak Alhassan,0.0,"January 14, 2023"
Alessio Di Chirico,Abdul Razak Alhassan,0.0,"August 28, 2021"
Punahele Soriano,Uros Medic,1.0,"January 11, 2025"
Matthew Semelsberger,Uros Medic,0.0,"July 29, 2023"
Tim Means,Uros Medic,0.0,"April 27, 2024"
Omar Morales,Uros Medic,0.0,"May 21, 2022"
Thiago Moises,Mitch Ramirez,1.0,"March 16, 2024"
Thiago Moises,Joel Alvarez,0.0,"November 13, 2021"
Marc Diakiese,Joel Alvarez,0.0,"July 22, 2023"
Damir Ismagulov,Joel Alvarez,1.0,"February 23, 2019"
Arman Tsarukyan,Joel Alvarez,1.0,"February 26, 2022"
Joe Duffy,Joel Alvarez,0.0,"July 18, 2020"
Colby Covington,Tyron Woodley,1.0,"September 19, 2020"
Colby Covington,Robbie Lawler,1.0,"August 03, 2019"
Nick Diaz,Robbie Lawler,0.0,"September 25, 2021"
Cub Swanson,Hakeem Dawodu,1.0,"August 12, 2023"
Movsar Evloev,Hakeem Dawodu,1.0,"June 12, 2021"
Julio Arce,Hakeem Dawodu,0.0,"November 02, 2019"
Cub Swanson,Darren Elkins,1.0,"December 18, 2021"
Adrian Yanez,Vinicius Salvador,1.0,"May 18, 2024"
CJ Vergara,Vinicius Salvador,1.0,"July 29, 2023"
Victor Altamirano,Vinicius Salvador,1.0,"March 25, 2023"
Adrian Yanez,Tony Kelley,1.0,"June 18, 2022"
Randy Costa,Tony Kelley,0.0,"December 11, 2021"
Kai Kamaka,Tony Kelley,1.0,"August 15, 2020"
Ali AlQaisi,Tony Kelley,0.0,"October 10, 2020"
Adrian Yanez,Randy Costa,1.0,"July 24, 2021"
Journey Newson,Randy Costa,0.0,"September 19, 2020"
Guido Cannetti,Randy Costa,1.0,"October 01, 2022"
Brandon Davis,Randy Costa,1.0,"April 13, 2019"
Sean Woodson,Dennis Buzukja,1.0,"August 05, 2023"
Sean Woodson,Luis Saldana,0.0,"August 20, 2022"
Austin Lingo,Luis Saldana,1.0,"August 21, 2021"
Sean Woodson,Collin Anglin,1.0,"November 13, 2021"
Joel Alvarez,Danilo Belluardo,1.0,"June 01, 2019"
Mark Madsen,Danilo Belluardo,1.0,"September 28, 2019"
Miranda Maverick,Jamey-Lyn Horth,1.0,"December 14, 2024"
Veronica Hardy,Jamey-Lyn Horth,1.0,"December 02, 2023"
Hailey Cowan,Jamey-Lyn Horth,0.0,"April 29, 2023"
Miranda Maverick,Shanna Young,1.0,"November 05, 2022"
Stephanie Egger,Shanna Young,1.0,"October 02, 2021"
Gina Mazany,Shanna Young,0.0,"April 30, 2022"
Macy Chiasson,Shanna Young,1.0,"February 15, 2020"
Josefine Knutsson,Piera Rodriguez,0.0,"December 14, 2024"
Gillian Robertson,Piera Rodriguez,1.0,"April 15, 2023"
Josefine Knutsson,Marnic Mann,1.0,"September 16, 2023"
Miguel Baeza,Hector Aldana,1.0,"October 12, 2019"
Dominick Reyes,Anthony Smith,1.0,"December 07, 2024"
Jon Jones,Anthony Smith,1.0,"March 02, 2019"
Magomed Ankalaev,Anthony Smith,1.0,"July 30, 2022"
Alexander Gustafsson,Anthony Smith,0.0,"June 01, 2019"
Kiru Sahota,DongHun Choi,0.0,"November 23, 2024"
Shi Ming,Feng Xiaocan,1.0,"November 23, 2024"
Ciryl Gane,Tanner Boser,1.0,"December 21, 2019"
Andrei Arlovski,Tanner Boser,1.0,"November 07, 2020"
Philipe Lins,Tanner Boser,0.0,"June 27, 2020"
Daniel Spitz,Tanner Boser,0.0,"October 18, 2019"
Ciryl Gane,Raphael Pessoa,1.0,"August 10, 2019"
Tanner Boser,Raphael Pessoa,1.0,"July 25, 2020"
Dominick Reyes,Chris Weidman,1.0,"October 18, 2019"
Uriah Hall,Chris Weidman,1.0,"April 24, 2021"
Omari Akhmedov,Chris Weidman,0.0,"August 08, 2020"
Movsar Evloev,Mike Grundy,1.0,"July 25, 2020"
Lando Vannata,Mike Grundy,1.0,"May 15, 2021"
Chris Weidman,Brad Tavares,0.0,"August 19, 2023"
Omari Akhmedov,Brad Tavares,0.0,"July 10, 2021"
Clay Guida,Claudio Puelles,0.0,"April 23, 2022"
Dan Hooker,Claudio Puelles,1.0,"November 12, 2022"
Clay Guida,Leonardo Santos,1.0,"December 04, 2021"
Stevie Ray,Leonardo Santos,0.0,"June 01, 2019"
Jon Jones,Stipe Miocic,1.0,"November 16, 2024"
Daniel Cormier,Stipe Miocic,0.0,"August 17, 2019"
Stipe Miocic,Daniel Cormier,1.0,"August 15, 2020"
Bo Nickal,Val Woodburn,1.0,"July 08, 2023"
Oban Elliott,Val Woodburn,1.0,"February 17, 2024"
Charles Oliveira,Islam Makhachev,0.0,"October 22, 2022"
Charles Oliveira,Nik Lentz,1.0,"May 18, 2019"
Arnold Allen,Nik Lentz,1.0,"January 25, 2020"
Scott Holtzman,Nik Lentz,0.0,"February 17, 2019"
Charles Oliveira,David Teymur,1.0,"February 02, 2019"
Mauricio Ruffy,James Llontop,1.0,"November 16, 2024"
Viacheslav Borshchev,James Llontop,1.0,"August 24, 2024"
Jonathan Martinez,Zviad Lazishvili,1.0,"October 23, 2021"
Jonathan Martinez,Davey Grant,0.0,"March 13, 2021"
Marlon Vera,Davey Grant,1.0,"June 19, 2021"
Raphael Assuncao,Davey Grant,0.0,"March 11, 2023"
Martin Day,Davey Grant,0.0,"July 11, 2020"
Grigory Popov,Davey Grant,0.0,"November 09, 2019"
Mickey Gall,Bassil Hafez,0.0,"June 01, 2024"
Jack Della Maddalena,Bassil Hafez,1.0,"July 15, 2023"
Mickey Gall,Salim Touahri,1.0,"August 03, 2019"
Dean Barry,Mike Jackson,0.0,"April 23, 2022"
Veronica Hardy,Bea Malecki,0.0,"March 14, 2020"
Karolina Kowalkiewicz,Jessica Penne,0.0,"August 07, 2021"
Elizeu Zaleski dos Santos,Zachary Scroggin,1.0,"November 09, 2024"
Elizeu Zaleski dos Santos,Curtis Millender,1.0,"March 09, 2019"
Matthew Semelsberger,Preston Parsons,0.0,"January 13, 2024"
Daniel Rodriguez,Preston Parsons,1.0,"July 17, 2021"
Oban Elliott,Preston Parsons,1.0,"July 27, 2024"
Trevin Giles,Preston Parsons,1.0,"March 25, 2023"
Matthew Semelsberger,AJ Fletcher,1.0,"March 12, 2022"
Bryan Battle,AJ Fletcher,1.0,"September 23, 2023"
Matthew Semelsberger,Martin Sano,1.0,"September 25, 2021"
Matthew Semelsberger,Jason Witt,1.0,"March 13, 2021"
Takashi Sato,Jason Witt,1.0,"June 27, 2020"
Bryan Barberena,Jason Witt,0.0,"July 31, 2021"
Cole Williams,Jason Witt,0.0,"October 31, 2020"
Cody Stamann,Taylor Lapilus,0.0,"June 08, 2024"
Farid Basharat,Taylor Lapilus,1.0,"January 13, 2024"
Cody Stamann,Alejandro Perez,1.0,"March 02, 2019"
Erin Blanchfield,Sarah Alpar,1.0,"September 18, 2021"
Jessica-Rose Clark,Sarah Alpar,1.0,"September 19, 2020"
Josh Culibao,Ricardo Ramos,0.0,"August 17, 2024"
Charles Jourdain,Victor Henry,1.0,"November 02, 2024"
Rani Yahya,Victor Henry,0.0,"April 27, 2024"
Javid Basharat,Victor Henry,0.0,"October 21, 2023"
Raphael Assuncao,Victor Henry,1.0,"October 15, 2022"
Raoni Barcelos,Victor Henry,0.0,"January 22, 2022"
Charles Jourdain,Nathaniel Wood,0.0,"September 03, 2022"
John Dodson,Nathaniel Wood,1.0,"February 15, 2020"
Jack Shore,Timur Valiev,1.0,"March 19, 2022"
Raoni Barcelos,Timur Valiev,0.0,"June 26, 2021"
Jack Shore,Liudvik Sholinian,1.0,"September 04, 2021"
Jack Shore,Aaron Phillips,1.0,"July 15, 2020"
Jack Shore,Nohelin Hernandez,1.0,"September 28, 2019"
Marlon Vera,Nohelin Hernandez,1.0,"July 06, 2019"
Alexandr Romanov,Chase Sherman,1.0,"April 30, 2022"
Andrei Arlovski,Chase Sherman,1.0,"April 17, 2021"
Karl Williams,Chase Sherman,1.0,"May 13, 2023"
Jake Collier,Chase Sherman,1.0,"January 15, 2022"
Jared Vanderaa,Chase Sherman,0.0,"July 09, 2022"
Parker Porter,Chase Sherman,1.0,"August 21, 2021"
Alexandr Romanov,Juan Espino,1.0,"April 17, 2021"
Abus Magomedov,Brunno Ferreira,1.0,"October 26, 2024"
Phil Hawes,Brunno Ferreira,0.0,"January 13, 2024"
Gregory Rodrigues,Brunno Ferreira,0.0,"January 21, 2023"
Farid Basharat,Victor Hugo,1.0,"October 26, 2024"
Pedro Falcao,Victor Hugo,0.0,"April 06, 2024"
Farid Basharat,Kleydson Rodrigues,1.0,"September 02, 2023"
Alatengheili,Kleydson Rodrigues,1.0,"May 18, 2024"
Shannon Ross,Kleydson Rodrigues,0.0,"February 11, 2023"
Daniel Rodriguez,Dwight Grant,1.0,"August 22, 2020"
Francisco Trinaldo,Dwight Grant,1.0,"October 23, 2021"
Alan Jouban,Dwight Grant,0.0,"April 13, 2019"
Jonathan Pearce,Kai Kamaka,1.0,"November 28, 2020"
Danny Chavez,Kai Kamaka,0.0,"July 31, 2021"
Themba Gorimbo,Pete Rodriguez,1.0,"February 03, 2024"
Jack Della Maddalena,Pete Rodriguez,1.0,"January 22, 2022"
Mike Jackson,Pete Rodriguez,0.0,"October 15, 2022"
Renato Moicano,Jai Herbert,1.0,"June 26, 2021"
Francisco Trinaldo,Jai Herbert,1.0,"July 25, 2020"
Khama Worthy,Jai Herbert,0.0,"October 23, 2021"
Dan Argueta,Cody Haddon,0.0,"October 12, 2024"
Dan Argueta,Ronnie Lawrence,0.0,"June 17, 2023"
Mana Martinez,Ronnie Lawrence,0.0,"February 12, 2022"
Vince Cachero,Ronnie Lawrence,0.0,"February 27, 2021"
Clayton Carpenter,Lucas Rocha,1.0,"October 12, 2024"
Clayton Carpenter,Juancamilo Ronderos,1.0,"February 18, 2023"
David Dvorak,Juancamilo Ronderos,1.0,"May 22, 2021"
Morgan Charriere,Manolo Zecchini,1.0,"September 02, 2023"
Ludovit Klein,Michael Trizano,0.0,"May 08, 2021"
Hakeem Dawodu,Michael Trizano,1.0,"February 05, 2022"
Ailin Perez,Daria Zhelezniakova,1.0,"September 28, 2024"
Montse Rendon,Daria Zhelezniakova,0.0,"March 23, 2024"
Norma Dumont,Germaine de Randamie,1.0,"April 06, 2024"
Amanda Nunes,Germaine de Randamie,1.0,"December 14, 2019"
Amanda Nunes,Holly Holm,1.0,"July 06, 2019"
Austin Hubbard,Dakota Bush,1.0,"April 17, 2021"
Austin Hubbard,Max Rohskopf,1.0,"June 20, 2020"
Sean O'Malley,Thomas Almeida,1.0,"March 27, 2021"
Court McGee,Claudio Silva,1.0,"May 22, 2021"
Danny Roberts,Claudio Silva,0.0,"March 16, 2019"
Matt Brown,Ben Saunders,1.0,"December 14, 2019"
Irene Aldana,Bethe Correia,1.0,"May 11, 2019"
Sijara Eubanks,Bethe Correia,0.0,"September 21, 2019"
Robert Valentin,Ryan Loder,0.0,"August 24, 2024"
Jacqueline Cavalcanti,Josiane Nunes,1.0,"August 24, 2024"
Bea Malecki,Josiane Nunes,0.0,"August 21, 2021"
Trevor Peek,Charlie Campbell,0.0,"April 06, 2024"
Alex Reyes,Charlie Campbell,0.0,"September 16, 2023"
Andre Petroski,Micheal Gillmore,1.0,"August 28, 2021"
Ramiz Brahimaj,Micheal Gillmore,1.0,"February 26, 2022"
Josh Culibao,Danny Silva,0.0,"March 16, 2024"
Josh Culibao,Shayilan Nuerdanbieke,1.0,"May 22, 2021"
Melquizael Costa,Shayilan Nuerdanbieke,1.0,"June 15, 2024"
Darrick Minner,Shayilan Nuerdanbieke,0.0,"November 05, 2022"
Casey O'Neill,Ariane da Silva,0.0,"December 16, 2023"
Joanne Wood,Ariane da Silva,1.0,"January 19, 2019"
Montana De La Rosa,Ariane da Silva,1.0,"June 05, 2021"
Priscila Cachoeira,Ariane da Silva,1.0,"August 13, 2022"
Antonina Shevchenko,Ariane da Silva,1.0,"November 21, 2020"
Damon Jackson,Dan Argueta,1.0,"June 04, 2022"
Damon Jackson,Kamuela Kirk,1.0,"March 12, 2022"
Makwan Amirkhani,Kamuela Kirk,0.0,"June 05, 2021"
Toshiomi Kazama,Charalampos Grigoriou,1.0,"August 10, 2024"
Toshiomi Kazama,Rinya Nakamura,0.0,"February 04, 2023"
Marlon Vera,Frankie Saenz,1.0,"March 23, 2019"
Marc Diakiese,Lando Vannata,1.0,"September 28, 2019"
Tom Aspinall,Alan Baudot,1.0,"October 10, 2020"
Josh Parisian,Alan Baudot,1.0,"June 25, 2022"
Parker Porter,Alan Baudot,1.0,"February 19, 2022"
Arnold Allen,Jordan Rinaldi,1.0,"March 16, 2019"
Muhammad Mokaev,Jafel Filho,1.0,"March 18, 2023"
Brian Kelleher,Kevin Croom,1.0,"January 15, 2022"
Alatengheili,Kevin Croom,1.0,"April 16, 2022"
Alex Caceres,Kevin Croom,1.0,"February 27, 2021"
Roosevelt Roberts,Kevin Croom,0.0,"September 12, 2020"
Brian Kelleher,Domingo Pilarte,1.0,"August 21, 2021"
Brian Kelleher,Ray Rodriguez,1.0,"September 05, 2020"
Rani Yahya,Ray Rodriguez,1.0,"March 13, 2021"
JeongYeong Lee,Hyder Amil,0.0,"July 20, 2024"
Fernie Garcia,Hyder Amil,0.0,"February 10, 2024"
JeongYeong Lee,Blake Bilder,1.0,"February 03, 2024"
Shane Young,Blake Bilder,0.0,"February 11, 2023"
Kyle Nelson,Blake Bilder,1.0,"June 10, 2023"
JeongYeong Lee,Yizha,1.0,"February 04, 2023"
Mohammed Usman,Junior Tafa,1.0,"April 22, 2023"
Marcos Rogerio de Lima,Junior Tafa,1.0,"February 17, 2024"
Mohammed Usman,Zac Pauga,1.0,"August 06, 2022"
Jordan Wright,Zac Pauga,0.0,"February 18, 2023"
Mayra Bueno Silva,Wu Yanan,1.0,"April 16, 2022"
Joe Pyfer,Alen Amedovski,1.0,"September 17, 2022"
Joseph Holmes,Alen Amedovski,1.0,"May 21, 2022"
Krzysztof Jotko,Alen Amedovski,1.0,"April 20, 2019"
Antonina Shevchenko,Cortney Casey,1.0,"July 09, 2022"
Andrei Arlovski,Martin Buday,0.0,"June 29, 2024"
Josh Parisian,Martin Buday,0.0,"August 12, 2023"
Chris Barnett,Martin Buday,0.0,"April 16, 2022"
Andrei Arlovski,Carlos Felipe,1.0,"October 16, 2021"
Yorgan De Castro,Carlos Felipe,0.0,"October 03, 2020"
Andrei Arlovski,Ben Rothwell,1.0,"July 20, 2019"
Blagoy Ivanov,Ben Rothwell,1.0,"March 09, 2019"
Stefan Struve,Ben Rothwell,0.0,"December 07, 2019"
Alexander Volkov,Walt Harris,1.0,"October 24, 2020"
Aleksei Oleinik,Walt Harris,0.0,"July 20, 2019"
Alistair Overeem,Walt Harris,1.0,"May 16, 2020"
Aleksei Oleinik,Fabricio Werdum,1.0,"May 09, 2020"
Drew Dober,Rafael Alves,1.0,"July 30, 2022"
Marc Diakiese,Rafael Alves,0.0,"November 13, 2021"
Drew Dober,Brad Riddell,0.0,"June 12, 2021"
Drew Dober,Marco Polo Reyes,1.0,"June 29, 2019"
Damir Hadzovic,Marco Polo Reyes,1.0,"February 23, 2019"
Kyung Ho Kang,Cristian Quinonez,1.0,"June 17, 2023"
Khalid Taha,Cristian Quinonez,0.0,"September 03, 2022"
Kyung Ho Kang,Pingyuan Liu,1.0,"December 21, 2019"
Kyung Ho Kang,Brandon Davis,1.0,"August 17, 2019"
Mana Martinez,Brandon Davis,1.0,"October 15, 2022"
Batgerel Danaa,Brandon Davis,1.0,"October 16, 2021"
Douglas Silva de Andrade,Sergey Morozov,1.0,"February 12, 2022"
Umar Nurmagomedov,Sergey Morozov,1.0,"January 20, 2021"
Khalid Taha,Sergey Morozov,0.0,"July 17, 2021"
Raulian Paiva,Sergey Morozov,0.0,"June 25, 2022"
Douglas Silva de Andrade,Renan Barao,1.0,"November 16, 2019"
Aljamain Sterling,Petr Yan,1.0,"April 09, 2022"
John Dodson,Petr Yan,0.0,"February 23, 2019"
Jimmie Rivera,Petr Yan,0.0,"June 08, 2019"
Josh Quinlan,Danny Barlow,0.0,"February 17, 2024"
Julian Marquez,Zachary Reese,0.0,"June 08, 2024"
Miguel Baeza,Punahele Soriano,0.0,"June 08, 2024"
John Castaneda,Daniel Santos,0.0,"October 01, 2022"
Julio Arce,Daniel Santos,1.0,"April 09, 2022"
Victor Martinez,Tom Nolan,0.0,"May 18, 2024"
Nikolas Motta,Tom Nolan,1.0,"January 13, 2024"
Tamires Vidal,Montse Rendon,0.0,"September 23, 2023"
Dione Barbosa,Ernesta Kareckaite,1.0,"May 04, 2024"
Joaquin Buckley,Antonio Arroyo,1.0,"September 18, 2021"
Deron Winn,Antonio Arroyo,1.0,"December 19, 2020"
Joaquin Buckley,Jordan Wright,1.0,"November 21, 2020"
Ike Villanueva,Jordan Wright,0.0,"August 22, 2020"
Diego Ferreira,Mateusz Rebecki,1.0,"May 11, 2024"
Diego Ferreira,Gregor Gillespie,0.0,"May 08, 2021"
Kevin Lee,Gregor Gillespie,1.0,"November 02, 2019"
Alex Caceres,Austin Springer,1.0,"August 29, 2020"
JJ Aldrich,Lauren Mueller,1.0,"October 12, 2019"
Rani Yahya,Enrique Barzola,0.0,"March 14, 2020"
Renan Barao,Luke Sanders,0.0,"February 17, 2019"
Ivana Petrovic,Liang Na,1.0,"April 27, 2024"
Gabriel Benitez,Justin Jaynes,1.0,"December 05, 2020"
Frank Camacho,Justin Jaynes,0.0,"June 20, 2020"
Devonte Smith,Justin Jaynes,1.0,"February 06, 2021"
Charles Rosa,Justin Jaynes,1.0,"June 26, 2021"
Gavin Tucker,Justin Jaynes,1.0,"August 08, 2020"
Eduardo Garagorri,Humberto Bandenay,1.0,"August 10, 2019"
Holly Holm,Ketlen Vieira,0.0,"May 21, 2022"
Amanda Nunes,Megan Anderson,1.0,"March 06, 2021"
Deiveson Figueiredo,Brandon Moreno,0.0,"January 21, 2023"
Deiveson Figueiredo,Brandon Moreno,0.0,"June 12, 2021"
Deiveson Figueiredo,Brandon Moreno,0.0,"December 12, 2020"
Jussier Formiga,Brandon Moreno,0.0,"March 14, 2020"
Deiveson Figueiredo,Joseph Benavidez,1.0,"July 18, 2020"
Jussier Formiga,Joseph Benavidez,0.0,"June 29, 2019"
Deiveson Figueiredo,Tim Elliott,1.0,"October 12, 2019"
Norma Dumont,Danyelle Wolf,1.0,"September 10, 2022"
Dylan Budka,Cesar Almeida,0.0,"April 06, 2024"
Virna Jandiroba,Mallory Martin,1.0,"December 07, 2019"
Polyana Viana,Mallory Martin,1.0,"February 13, 2021"
Cheyanne Vlismas,Mallory Martin,1.0,"December 04, 2021"
Fernando Padilla,Luis Pajuelo,1.0,"March 23, 2024"
Billy Quarantillo,Spike Carlyle,1.0,"May 30, 2020"
Aalon Cruz,Spike Carlyle,0.0,"February 29, 2020"
Billy Quarantillo,Jacob Kilburn,1.0,"December 07, 2019"
Pannie Kianzad,Alexis Davis,1.0,"June 12, 2021"
Charalampos Grigoriou,Chad Anheliger,0.0,"March 16, 2024"
Marc Diakiese,Joe Duffy,1.0,"March 16, 2019"
Pedro Munhoz,Chris Gutierrez,1.0,"April 15, 2023"
Song Yadong,Chris Gutierrez,1.0,"December 09, 2023"
Frankie Edgar,Chris Gutierrez,0.0,"November 12, 2022"
Andre Ewell,Chris Gutierrez,0.0,"February 13, 2021"
Geraldo de Freitas,Chris Gutierrez,0.0,"August 10, 2019"
Ryan MacDonald,Chris Gutierrez,0.0,"March 23, 2019"
Pedro Munhoz,Jimmie Rivera,1.0,"February 27, 2021"
Jesus Aguilar,Mateus Mendonca,1.0,"February 24, 2024"
Javid Basharat,Mateus Mendonca,1.0,"January 14, 2023"
Nate Maness,Mateus Mendonca,1.0,"October 07, 2023"
Claudio Puelles,Chris Gruetzemacher,1.0,"December 04, 2021"
Claudio Puelles,Marcos Mariano,1.0,"September 21, 2019"
Lando Vannata,Marcos Mariano,1.0,"February 09, 2019"
Trevin Giles,Louis Cosce,1.0,"September 17, 2022"
Trevin Giles,Bevon Lewis,1.0,"November 07, 2020"
Devin Clark,Dequan Townsend,1.0,"February 15, 2020"
Dalcha Lungiambula,Dequan Townsend,1.0,"June 29, 2019"
Bevon Lewis,Dequan Townsend,1.0,"January 25, 2020"
Da Woon Jung,Mike Rodriguez,1.0,"December 21, 2019"
Marcin Prachnio,Mike Rodriguez,0.0,"August 22, 2020"
Ed Herman,Mike Rodriguez,1.0,"September 12, 2020"
Aliaskhab Khizriev,Makhmud Muradov,0.0,"February 03, 2024"
Alessio Di Chirico,Makhmud Muradov,0.0,"September 28, 2019"
Andrew Sanchez,Makhmud Muradov,0.0,"January 23, 2021"
Landon Quinones,MarQuel Mederos,0.0,"February 03, 2024"
Marcus McGhee,Gaston Bolanos,1.0,"January 13, 2024"
Aaron Phillips,Gaston Bolanos,0.0,"April 15, 2023"
Nikolas Motta,Cameron VanCamp,1.0,"September 17, 2022"
Andre Fialho,Cameron VanCamp,1.0,"May 07, 2022"
Gillian Robertson,Sarah Frota,1.0,"July 27, 2019"
Livinha Souza,Sarah Frota,1.0,"February 02, 2019"
Polyana Viana,Emily Whitmire,1.0,"August 29, 2020"
Aleksandra Albu,Emily Whitmire,0.0,"February 17, 2019"
JunYong Park,Tafon Nchukwi,1.0,"May 08, 2021"
Carlos Ulberg,Tafon Nchukwi,1.0,"June 25, 2022"
AJ Dobson,Tafon Nchukwi,1.0,"August 12, 2023"
Mike Rodriguez,Tafon Nchukwi,0.0,"September 18, 2021"
Sean Brady,Christian Aguilera,1.0,"August 29, 2020"
Anthony Ivy,Christian Aguilera,0.0,"June 13, 2020"
Sean Brady,Ismail Naurdiev,1.0,"February 29, 2020"
Siyar Bahadurzada,Ismail Naurdiev,0.0,"September 28, 2019"
Michel Prazeres,Ismail Naurdiev,0.0,"February 23, 2019"
Miesha Tate,Julia Avila,1.0,"December 02, 2023"
Matt Frevola,Luis Pena,1.0,"October 12, 2019"
Matt Wiman,Luis Pena,0.0,"June 22, 2019"
Caio Borralho,Gadzhi Omargadzhiev,1.0,"April 16, 2022"
Abubakar Nurmagomedov,Gadzhi Omargadzhiev,1.0,"October 22, 2022"
Jennifer Maia,Casey O'Neill,1.0,"March 18, 2023"
Antonina Shevchenko,Casey O'Neill,0.0,"October 02, 2021"
Roxanne Modafferi,Casey O'Neill,0.0,"February 12, 2022"
Shana Dobson,Casey O'Neill,0.0,"February 20, 2021"
Tainara Lisboa,Ravena Oliveira,1.0,"October 14, 2023"
Ashley Yoder,Miranda Granger,1.0,"November 14, 2020"
Cory McKenna,Miranda Granger,1.0,"August 06, 2022"
Ashley Yoder,Livinha Souza,0.0,"August 15, 2020"
Montana De La Rosa,Nadia Kassem,1.0,"February 09, 2019"
Gina Mazany,Rachael Ostovich,1.0,"November 28, 2020"
Paige VanZant,Rachael Ostovich,1.0,"January 19, 2019"
Aoriqileng,Jeff Molina,0.0,"April 24, 2021"
Jacob Malkoun,Phil Hawes,0.0,"October 24, 2020"
Tracy Cortez,Justine Kish,1.0,"April 17, 2021"
Sabina Mazo,Justine Kish,1.0,"September 12, 2020"
Tyson Pedro,Ike Villanueva,1.0,"April 23, 2022"
Chase Sherman,Ike Villanueva,1.0,"May 13, 2020"
Nicolae Negumereanu,Ike Villanueva,1.0,"October 23, 2021"
Marcin Prachnio,Ike Villanueva,1.0,"June 26, 2021"
Carlos Ulberg,Nicolae Negumereanu,1.0,"November 12, 2022"
Aleksa Camur,Nicolae Negumereanu,0.0,"June 19, 2021"
Jamie Mullarkey,John Makdessi,1.0,"September 09, 2023"
Francisco Trinaldo,John Makdessi,1.0,"March 14, 2020"
Jamie Mullarkey,Khama Worthy,1.0,"March 27, 2021"
Ottman Azaitar,Khama Worthy,1.0,"September 12, 2020"
Devonte Smith,Khama Worthy,0.0,"August 17, 2019"
Luis Pena,Khama Worthy,0.0,"June 27, 2020"
Shane Young,Austin Arnett,1.0,"February 09, 2019"
Alejandro Perez,Johnny Eduardo,1.0,"October 02, 2021"
Tanner Boser,Aleksa Camur,1.0,"August 05, 2023"
William Knight,Aleksa Camur,1.0,"September 26, 2020"
Jeremiah Wells,Blood Diamond,1.0,"February 12, 2022"
Orion Cosce,Blood Diamond,1.0,"July 30, 2022"
Danny Roberts,Jonny Parsons,0.0,"July 22, 2023"
Danny Roberts,Ramazan Emeev,1.0,"October 16, 2021"
Jack Della Maddalena,Ramazan Emeev,1.0,"June 11, 2022"
David Zawada,Ramazan Emeev,0.0,"January 16, 2021"
Ottman Azaitar,Teemu Packalen,1.0,"September 07, 2019"
Makhmud Muradov,Trevor Smith,1.0,"December 07, 2019"
Robbie Lawler,Ben Askren,0.0,"March 02, 2019"
Demian Maia,Ben Askren,1.0,"October 26, 2019"
Jorge Masvidal,Ben Askren,1.0,"July 06, 2019"
Carlos Condit,Matt Brown,1.0,"January 16, 2021"
Cameron Saaiman,Steven Koslow,1.0,"December 10, 2022"
Jack Della Maddalena,Danny Roberts,1.0,"November 19, 2022"
Francisco Trinaldo,Danny Roberts,1.0,"May 07, 2022"
Zelim Imadaev,Danny Roberts,0.0,"November 09, 2019"
Alexander Munoz,Carl Deaton,1.0,"July 15, 2023"
Joe Solecki,Carl Deaton,1.0,"February 25, 2023"
Brad Riddell,Magomed Mustafaev,1.0,"February 22, 2020"
Arman Tsarukyan,Damir Ismagulov,1.0,"December 17, 2022"
Rafael Alves,Damir Ismagulov,0.0,"May 22, 2021"
Amanda Nunes,Felicia Spencer,1.0,"June 06, 2020"
Megan Anderson,Felicia Spencer,0.0,"May 18, 2019"
Cristiane Justino,Felicia Spencer,1.0,"July 27, 2019"
Natalia Silva,Tereza Bleda,1.0,"November 19, 2022"
Stephanie Egger,Irina Alekseeva,0.0,"April 29, 2023"
Shayilan Nuerdanbieke,Sean Soriano,1.0,"November 20, 2021"
Christos Giagos,Sean Soriano,1.0,"May 15, 2021"
Andre Muniz,Bartosz Fabinski,1.0,"September 05, 2020"
Jordan Leavitt,Victor Martinez,1.0,"February 25, 2023"
Joe Solecki,Alex Da Silva,1.0,"June 04, 2022"
Brad Riddell,Alex Da Silva,1.0,"September 26, 2020"
Kazula Vargas,Alex Da Silva,0.0,"August 10, 2019"
Alexander Yakovlev,Alex Da Silva,1.0,"April 20, 2019"
Rafael Alves,Nurullo Aliev,0.0,"February 25, 2023"
Germaine de Randamie,Aspen Ladd,1.0,"July 13, 2019"
Amir Albazi,Francisco Figueiredo,1.0,"August 20, 2022"
Daniel Lacerda,Francisco Figueiredo,0.0,"April 30, 2022"
Mauricio Rua,Rogerio Nogueira,1.0,"July 25, 2020"
Paddy Pimblett,Kazula Vargas,1.0,"March 19, 2022"
Brok Weaver,Kazula Vargas,1.0,"February 15, 2020"
Luigi Vendramini,Jessin Ayari,1.0,"October 03, 2020"
TJ Brown,Erik Silva,1.0,"December 10, 2022"
Bryan Barberena,Anthony Ivy,1.0,"September 12, 2020"
Raoni Barcelos,Khalid Taha,1.0,"November 07, 2020"
Boston Salmon,Khalid Taha,0.0,"April 13, 2019"
Raoni Barcelos,Carlos Huachin,1.0,"May 11, 2019"
Jose Quinonez,Carlos Huachin,1.0,"September 21, 2019"
Mike Davis,Thomas Gifford,1.0,"October 12, 2019"
Roosevelt Roberts,Thomas Gifford,1.0,"April 27, 2019"
Felicia Spencer,Leah Letson,1.0,"November 13, 2021"
Denise Gomes,Loma Lookboonmee,0.0,"September 17, 2022"
Mariya Agapova,Shana Dobson,0.0,"August 22, 2020"
Priscila Cachoeira,Shana Dobson,1.0,"February 22, 2020"
Sabina Mazo,Shana Dobson,1.0,"August 17, 2019"
Tony Gravely,Anthony Birchak,1.0,"April 17, 2021"
Gustavo Lopez,Anthony Birchak,1.0,"November 07, 2020"
Hakeem Dawodu,Yoshinori Horie,1.0,"July 27, 2019"
John Makdessi,Jesus Pinedo,1.0,"March 23, 2019"
Leonardo Santos,Roman Bogatov,1.0,"July 11, 2020"
Deron Winn,Eric Spicely,1.0,"June 22, 2019"
Brogan Walker,Juliana Miller,0.0,"August 06, 2022"
Jason Witt,Josh Quinlan,0.0,"August 13, 2022"
Dwight Grant,Sergey Khandozhko,0.0,"April 23, 2022"
Rustam Khabilov,Sergey Khandozhko,1.0,"November 09, 2019"
Rostem Akman,Sergey Khandozhko,0.0,"June 01, 2019"
Dwight Grant,Stefan Sekulic,1.0,"April 24, 2021"
Dwight Grant,Carlo Pedersoli Jr.,1.0,"February 23, 2019"
Makwan Amirkhani,Danny Henry,1.0,"July 11, 2020"
Claudio Silva,Cole Williams,1.0,"August 03, 2019"
Eddie Wineland,Grigory Popov,1.0,"June 08, 2019"
Frank Camacho,Manuel Torres,0.0,"May 14, 2022"
Aleksei Oleinik,Maurice Greene,1.0,"January 18, 2020"
Gian Villante,Maurice Greene,0.0,"June 27, 2020"
Maurice Greene,Junior Albini,1.0,"June 29, 2019"
Luis Saldana,Bruno Souza,1.0,"March 26, 2022"
Melsik Baghdasaryan,Bruno Souza,1.0,"November 06, 2021"
Devonte Smith,Dong Hyun Ma,1.0,"February 09, 2019"
Scott Holtzman,Dong Hyun Ma,1.0,"August 03, 2019"
Alexis Davis,Sabina Mazo,1.0,"February 27, 2021"
Francis Ngannou,Cain Velasquez,1.0,"February 17, 2019"
Jamie Pickett,Joseph Holmes,1.0,"January 15, 2022"
Randy Costa,Boston Salmon,1.0,"October 18, 2019"
Maki Pitolo,Impa Kasanganay,0.0,"August 29, 2020"
Louis Smolka,Ryan MacDonald,1.0,"September 14, 2019"
Impa Kasanganay,Sasha Palatnikov,1.0,"April 10, 2021"
Louis Cosce,Sasha Palatnikov,0.0,"November 21, 2020"
Bea Malecki,Duda Santana,1.0,"June 01, 2019"
Roosevelt Roberts,Brok Weaver,1.0,"May 30, 2020"
Maurice Greene,Jeff Hughes,1.0,"March 09, 2019"
Juan Espino,Jeff Hughes,1.0,"September 26, 2020"
Raphael Pessoa,Jeff Hughes,1.0,"October 26, 2019"
Todd Duffee,Jeff Hughes,0.0,"September 14, 2019"
Christos Giagos,Carlton Minus,1.0,"December 19, 2020"
Andreas Michailidis,KB Bhullar,1.0,"May 01, 2021"
Tom Breese,KB Bhullar,1.0,"October 10, 2020"
Kazula Vargas,Rongzhu,1.0,"April 24, 2021"
Jared Gooden,Abubakar Nurmagomedov,0.0,"March 27, 2021"
Yorgan De Castro,Jarjis Danho,0.0,"April 10, 2021"
Joseph Benavidez,Dustin Ortiz,1.0,"January 19, 2019"
Timur Valiev,Martin Day,1.0,"February 06, 2021"
Sultan Aliev,Keita Nakamura,1.0,"April 20, 2019"
Irwin Rivera,Ali AlQaisi,1.0,"August 08, 2020"
Ramazan Emeev,Niklas Stolze,1.0,"July 25, 2020"
Charles Byrd,Maki Pitolo,0.0,"June 06, 2020"
Callan Potter,Maki Pitolo,1.0,"October 05, 2019"
Greg Hardy,Ben Sosoli,0.0,"October 18, 2019"
Greg Hardy,Juan Adams,1.0,"July 20, 2019"
Arjan Bhullar,Juan Adams,1.0,"May 04, 2019"
Greg Hardy,Dmitrii Smoliakov,1.0,"April 27, 2019"
Greg Hardy,Allen Crowder,0.0,"January 19, 2019"
Erik Koch,Kyle Stewart,1.0,"July 27, 2019"
Ray Borg,Gabriel Silva,1.0,"July 20, 2019"
Daniel Teymur,Sung Bin Jo,1.0,"June 01, 2019"
Mitch Gagnon,Cole Smith,0.0,"May 04, 2019"
Dennis Bermudez,Te Edwards,1.0,"January 19, 2019"
Rafael Fiziev,Manuel Torres,1.0,"June 27, 2026"
Shara Magomedov,Michel Pereira,1.0,"June 27, 2026"
Matheus Camilo,Nazim Sadykhov,1.0,"June 27, 2026"
Asu Almabayev,Charles Johnson,1.0,"June 27, 2026"
Ikram Aliskerov,Brunno Ferreira,1.0,"June 27, 2026"
Abus Magomedov,Michal Oleksiejczuk,1.0,"June 27, 2026"
Farman Hasanov,Eric Nolan,1.0,"June 27, 2026"
Abdul Rakhman Yakhyaev,Julius Walker,1.0,"June 27, 2026"
Nursulton Ruziboev,Andrey Pulyaev,1.0,"June 27, 2026"
Kaan Ofli,Javier Reyes,1.0,"June 27, 2026"
Daniil Donchenko,Theodor Berggren,1.0,"June 27, 2026"
Jean Matsumoto,Bekzat Almakhan,1.0,"June 27, 2026"
Tahir Abdullayev,Jefferson Nascimento,1.0,"June 27, 2026"
Manel Kape,Kyoji Horiguchi,1.0,"June 20, 2026"
Navajo Stirling,Ion Cutelaba,1.0,"June 20, 2026"
Christian Rodriguez,Hyder Amil,1.0,"June 20, 2026"
Murtazali Magomedov,Melsik Baghdasaryan,1.0,"June 20, 2026"
Vinicius Oliveira,Andre Fili,1.0,"June 20, 2026"
Kevin Borjas,Andre Lima,1.0,"June 20, 2026"
Bia Mesquita,Melissa Mullins,1.0,"June 20, 2026"
Mitch Raposo,Allan Nascimento,1.0,"June 20, 2026"
Gaston Bolanos,Michael Aswell Jr.,1.0,"June 20, 2026"
Levan Chokheli,Leon Shahbazyan,1.0,"June 20, 2026"
Luana Santos,Karol Rosa,1.0,"June 20, 2026"
Shane Collins,Otari Tanzilovi,1.0,"June 20, 2026"
Justin Gaethje,Ilia Topuria,1.0,"June 14, 2026"
Ciryl Gane,Alex Pereira,1.0,"June 14, 2026"
Sean O'Malley,Aiemann Zahabi,1.0,"June 14, 2026"
Josh Hokit,Derrick Lewis,1.0,"June 14, 2026"
Mauricio Ruffy,Michael Chandler,1.0,"June 14, 2026"
Bo Nickal,Kyle Daukaus,1.0,"June 14, 2026"
Diego Lopes,Steve Garcia,1.0,"June 14, 2026"
Gabriel Bonfim,Belal Muhammad,1.0,"June 06, 2026"
Brendan Allen,Edmen Shahbazyan,1.0,"June 06, 2026"
Tom Nolan,Fares Ziam,1.0,"June 06, 2026"
Bryce Mitchell,Santiago Luna,1.0,"June 06, 2026"
Iwo Baraniewski,Junior Tafa,1.0,"June 06, 2026"
Alessandro Costa,Matt Schnell,1.0,"June 06, 2026"
Marcus McGhee,John Yannis,1.0,"June 06, 2026"
Edgar Chairez,Bruno Silva,1.0,"June 06, 2026"
Chelsea Chandler,Priscila Cachoeira,1.0,"June 06, 2026"
Joanderson Brito,Jordan Leavitt,1.0,"June 06, 2026"
Jeisla Chaves,Yuneisy Duben,1.0,"June 06, 2026"
Ketlen Souza,Ariane Carnelossi,1.0,"June 06, 2026"
Song Yadong,Deiveson Figueiredo,1.0,"May 30, 2026"
Alonzo Menifield,Zhang Mingyang,1.0,"May 30, 2026"
Sergei Pavlovich,Tallison Teixeira,1.0,"May 30, 2026"
Kai Asakura,Cameron Smotherman,1.0,"May 30, 2026"
Jake Matthews,Carlston Harris,1.0,"May 30, 2026"
Alex Perez,Sumudaerji,,"May 30, 2026"
Luis Felipe Dias,YiSak Lee,1.0,"May 30, 2026"
Jose Souza,Ding Meng,1.0,"May 30, 2026"
Cody Haddon,Aoriqileng,1.0,"May 30, 2026"
Rei Tsuruya,Luis Gurule,1.0,"May 30, 2026"
Angela Hill,Xiong Jingnan,1.0,"May 30, 2026"
Rodrigo Vera,Zhu Kangjie,1.0,"May 30, 2026"
Jaqueline Amorim,Loma Lookboonmee,1.0,"May 30, 2026"
Arnold Allen,Melquizael Costa,1.0,"May 16, 2026"
Dooho Choi,Daniel Santos,1.0,"May 16, 2026"
Juan Diaz,Malcolm Wellmaker,1.0,"May 16, 2026"
Modestas Bukauskas,Christian Edwards,1.0,"May 16, 2026"
Benardo Sopaj,Timmy Cuamba,1.0,"May 16, 2026"
Khaos Williams,Nikolay Veretennikov,1.0,"May 16, 2026"
Ivan Erslan,Tuco Tokkos,1.0,"May 16, 2026"
Tommy Gantt,Artur Minev,1.0,"May 16, 2026"
Ketlen Vieira,Jacqueline Cavalcanti,1.0,"May 16, 2026"
Cody Brundage,Andre Petroski,1.0,"May 16, 2026"
Alice Ardelean,Polyana Viana,1.0,"May 16, 2026"
Luis Gurule,Daniel Barez,1.0,"May 16, 2026"
Nicolle Caliari,Shauna Bannon,1.0,"May 16, 2026"
Sean Strickland,Khamzat Chimaev,1.0,"May 09, 2026"
Joshua Van,Tatsuro Taira,1.0,"May 09, 2026"
Alexander Volkov,Waldo Cortes Acosta,1.0,"May 09, 2026"
Sean Brady,Joaquin Buckley,1.0,"May 09, 2026"
King Green,Jeremy Stephens,1.0,"May 09, 2026"
Ateba Gautier,Ozzy Diaz,1.0,"May 09, 2026"
Yaroslav Amosov,Joel Alvarez,1.0,"May 09, 2026"
Grant Dawson,Mateusz Rebecki,1.0,"May 09, 2026"
Jim Miller,Jared Gordon,1.0,"May 09, 2026"
Roman Kopylov,Marco Tulio,1.0,"May 09, 2026"
Pat Sabatini,William Gomis,1.0,"May 09, 2026"
Baisangur Susurkaev,Djorden Santos,1.0,"May 09, 2026"
Jose Ochoa,Clayton Carpenter,1.0,"May 09, 2026"
Carlos Prates,Jack Della Maddalena,1.0,"May 02, 2026"
Quillan Salkilld,Beneil Dariush,1.0,"May 02, 2026"
Steve Erceg,Tim Elliott,1.0,"May 02, 2026"
Marwan Rahiki,Ollie Schmid,1.0,"May 02, 2026"
Brando Pericic,Shamil Gaziev,1.0,"May 02, 2026"
Louie Sutherland,Tai Tuivasa,1.0,"May 02, 2026"
Cam Rowston,Robert Bryczek,1.0,"May 02, 2026"
Junior Tafa,Kevin Christian,1.0,"May 02, 2026"
Jacob Malkoun,Gerald Meerschaert,1.0,"May 02, 2026"
Colby Thicknesse,Vince Morales,1.0,"May 02, 2026"
Wes Schultz,Ben Johnston,1.0,"May 02, 2026"
Jonathan Micallef,Themba Gorimbo,1.0,"May 02, 2026"
Kody Steele,Dom Mar Fan,1.0,"May 02, 2026"
Aljamain Sterling,Youssef Zalal,1.0,"April 25, 2026"
Joselyne Edwards,Norma Dumont,1.0,"April 25, 2026"
Rafa Garcia,Alexander Hernandez,1.0,"April 25, 2026"
Davey Grant,Adrian Luna Martinetti,1.0,"April 25, 2026"
Raoni Barcelos,Montel Jackson,1.0,"April 25, 2026"
Ryan Spann,Marcus Buchecha,1.0,"April 25, 2026"
Eric McConico,Rodolfo Vieira,1.0,"April 25, 2026"
Jackson McVey,Sedriques Dumas,1.0,"April 25, 2026"
Michelle Montague,Mayra Bueno Silva,1.0,"April 25, 2026"
Cody Durden,Jafel Filho,1.0,"April 25, 2026"
Francis Marshall,Lucas Brennan,1.0,"April 25, 2026"
Victor Valenzuela,Max Griffin,1.0,"April 25, 2026"
Talita Alencar,Julia Polastri,1.0,"April 25, 2026"
Mike Malott,Gilbert Burns,1.0,"April 18, 2026"
Charles Jourdain,Kyler Phillips,1.0,"April 18, 2026"
Jai Herbert,Mandel Nallo,1.0,"April 18, 2026"
Jasmine Jasudavicius,Karine Silva,1.0,"April 18, 2026"
Gauge Young,Thiago Moises,1.0,"April 18, 2026"
Marcio Barbosa,Dennis Buzukja,1.0,"April 18, 2026"
Robert Valentin,Julien Leblanc,1.0,"April 18, 2026"
Gokhan Saricam,Tanner Boser,1.0,"April 18, 2026"
Melissa Croden,Daria Zhelezniakova,1.0,"April 18, 2026"
JJ Aldrich,Jamey-Lyn Horth,1.0,"April 18, 2026"
John Castaneda,Mark Vologdin,,"April 18, 2026"
John Yannis,Jamie Siraj,1.0,"April 18, 2026"
Carlos Ulberg,Jiri Prochazka,1.0,"April 11, 2026"
Paulo Costa,Azamat Murzakanov,1.0,"April 11, 2026"
Josh Hokit,Curtis Blaydes,1.0,"April 11, 2026"
Dominick Reyes,Johnny Walker,1.0,"April 11, 2026"
Cub Swanson,Nate Landwehr,1.0,"April 11, 2026"
Aaron Pico,Patricio Pitbull,1.0,"April 11, 2026"
Kevin Holland,Randy Brown,1.0,"April 11, 2026"
Mateusz Gamrot,Esteban Ribovics,1.0,"April 11, 2026"
Tatiana Suarez,Loopy Godinez,1.0,"April 11, 2026"
Chris Padilla,MarQuel Mederos,,"April 11, 2026"
Vicente Luque,Kelvin Gastelum,1.0,"April 11, 2026"
Charles Radtke,Francisco Prado,1.0,"April 11, 2026"
Renato Moicano,Chris Duncan,1.0,"April 04, 2026"
Virna Jandiroba,Tabatha Ricci,1.0,"April 04, 2026"
Abdul Rakhman Yakhyaev,Brendson Ribeiro,1.0,"April 04, 2026"
Ethyn Ewing,Rafael Estevam,1.0,"April 04, 2026"
Tommy McMillen,Manolo Zecchini,1.0,"April 04, 2026"
Jose Delano,Robert Ruchala,1.0,"April 04, 2026"
Thomas Petersen,Guilherme Pat,1.0,"April 04, 2026"
Alessandro Costa,Stewart Nicoll,1.0,"April 04, 2026"
Darrius Flowers,Lando Vannata,1.0,"April 04, 2026"
Alice Pereira,Hailey Cowan,1.0,"April 04, 2026"
Tresean Gore,Azamat Bekoev,1.0,"April 04, 2026"
Dione Barbosa,Melissa Gatto,1.0,"April 04, 2026"
Kai Kamaka III,Dakota Hope,1.0,"April 04, 2026"
Joe Pyfer,Israel Adesanya,1.0,"March 28, 2026"
Alexa Grasso,Maycee Barber,1.0,"March 28, 2026"
Michael Chiesa,Niko Price,1.0,"March 28, 2026"
Lerryan Douglas,Julian Erosa,1.0,"March 28, 2026"
Yousri Belgaroui,Mansur Abdul-Malik,1.0,"March 28, 2026"
Terrance McKinney,Kyle Nelson,1.0,"March 28, 2026"
Tofiq Musayev,Ignacio Bahamondes,1.0,"March 28, 2026"
Lance Gibson Jr.,Chase Hooper,1.0,"March 28, 2026"
Tyrell Fortune,Marcin Tybura,1.0,"March 28, 2026"
Casey O'Neill,Gabriella Fernandes,1.0,"March 28, 2026"
Navajo Stirling,Bruno Lopes,1.0,"March 28, 2026"
Ricky Simon,Adrian Yanez,,"March 28, 2026"
Alexia Thainara,Bruna Brasil,1.0,"March 28, 2026"
Movsar Evloev,Lerone Murphy,1.0,"March 21, 2026"
Luke Riley,Michael Aswell Jr.,1.0,"March 21, 2026"
Michael Page,Sam Patterson,1.0,"March 21, 2026"
Iwo Baraniewski,Austen Lane,1.0,"March 21, 2026"
Christian Leroy Duncan,Roman Dolidze,1.0,"March 21, 2026"
Danny Silva,Kurtis Campbell,1.0,"March 21, 2026"
Mason Jones,Axel Sola,1.0,"March 21, 2026"
Nathaniel Wood,Losene Keita,1.0,"March 21, 2026"
Mario Pinto,Felipe Franco,1.0,"March 21, 2026"
Mantas Kondratavicius,Antonio Trocoli,1.0,"March 21, 2026"
Brando Pericic,Louie Sutherland,1.0,"March 21, 2026"
Abdul-Kareem Al-Selwady,Shem Rock,1.0,"March 21, 2026"
Shanelle Dyer,Ravena Oliveira,1.0,"March 21, 2026"
Kevin Vallejos,Josh Emmett,1.0,"March 14, 2026"
Gillian Robertson,Amanda Lemos,1.0,"March 14, 2026"
Jose Delgado,Andre Fili,1.0,"March 14, 2026"
Marwan Rahiki,Harry Hardwick,1.0,"March 14, 2026"
Ion Cutelaba,Oumar Sy,1.0,"March 14, 2026"
Charles Johnson,Bruno Silva,1.0,"March 14, 2026"
Myktybek Orolbai,Chris Curtis,1.0,"March 14, 2026"
Vitor Petrino,Steven Asplund,1.0,"March 14, 2026"
Elijah Smith,SuYoung You,1.0,"March 14, 2026"
Manoel Sousa,Bolaji Oki,1.0,"March 14, 2026"
Eryk Anders,Brad Tavares,1.0,"March 14, 2026"
Bia Mesquita,Montse Rendon,1.0,"March 14, 2026"
Hecher Sosa,Luan Lacerda,1.0,"March 14, 2026"
Piera Rodriguez,Sam Hughes,1.0,"March 14, 2026"
Charles Oliveira,Max Holloway,1.0,"March 07, 2026"
Caio Borralho,Reinier de Ridder,1.0,"March 07, 2026"
Raul Rosas Jr.,Rob Font,1.0,"March 07, 2026"
Drew Dober,Michael Johnson,1.0,"March 07, 2026"
Gregory Rodrigues,Brunno Ferreira,1.0,"March 07, 2026"
Cody Garbrandt,Xiao Long,1.0,"March 07, 2026"
Donte Johnson,Cody Brundage,1.0,"March 07, 2026"
Alberto Montes,Ricky Turcios,1.0,"March 07, 2026"
Nyamjargal Tumendemberel,Cody Durden,1.0,"March 07, 2026"
Sumudaerji,Jesus Aguilar,1.0,"March 07, 2026"
Diyar Nurgozhay,Rafael Tobias,1.0,"March 07, 2026"
Rodolfo Bellato,Luke Fernandez,1.0,"March 07, 2026"
Lone'er Kavanagh,Brandon Moreno,1.0,"February 28, 2026"
David Martinez,Marlon Vera,1.0,"February 28, 2026"
King Green,Daniel Zellhuber,1.0,"February 28, 2026"
Edgar Chairez,Felipe Bunes,1.0,"February 28, 2026"
Imanol Rodriguez,Kevin Borjas,1.0,"February 28, 2026"
Santiago Luna,Angel Pacheco,1.0,"February 28, 2026"
Ryan Gandra,Jose Daniel Medina,1.0,"February 28, 2026"
Ailin Perez,Macy Chiasson,1.0,"February 28, 2026"
Cristian Quinonez,Kris Moutinho,1.0,"February 28, 2026"
Javier Reyes,Douglas Silva de Andrade,1.0,"February 28, 2026"
Regina Tarin,Ernesta Kareckaite,1.0,"February 28, 2026"
Francis Marshall,Erik Silva,1.0,"February 28, 2026"
Damian Pinas,Wes Schultz,1.0,"February 28, 2026"
Sean Strickland,Anthony Hernandez,1.0,"February 21, 2026"
Uros Medic,Geoff Neal,1.0,"February 21, 2026"
Melquizael Costa,Dan Ige,1.0,"February 21, 2026"
Serghei Spivac,Ante Delija,1.0,"February 21, 2026"
Jacobe Smith,Josiah Harrell,1.0,"February 21, 2026"
Michel Pereira,Zach Reese,1.0,"February 21, 2026"
Carlos Leal,Chidi Njokuani,1.0,"February 21, 2026"
Ode Osbourne,Alibi Idiris,,"February 21, 2026"
Alden Coria,Luis Gurule,1.0,"February 21, 2026"
Joselyne Edwards,Nora Cornolle,1.0,"February 21, 2026"
Punahele Soriano,Ramiz Brahimaj,1.0,"February 21, 2026"
Jean-Paul Lebosnoyani,Phil Rowe,1.0,"February 21, 2026"
Jordan Leavitt,Yadier del Valle,1.0,"February 21, 2026"
Carli Judice,Juliana Miller,1.0,"February 21, 2026"
Mario Bautista,Vinicius Oliveira,1.0,"February 07, 2026"
Kyoji Horiguchi,Amir Albazi,1.0,"February 07, 2026"
Rizvan Kuniev,Jailton Almeida,1.0,"February 07, 2026"
Michal Oleksiejczuk,Marc-Andre Barriault,1.0,"February 07, 2026"
Farid Basharat,Jean Matsumoto,1.0,"February 07, 2026"
Dustin Jacoby,Julius Walker,1.0,"February 07, 2026"
Daniil Donchenko,Alex Morono,1.0,"February 07, 2026"
Nikolay Veretennikov,Niko Price,1.0,"February 07, 2026"
Ketlen Souza,Bruna Brasil,1.0,"February 07, 2026"
Javid Basharat,Gianni Vazquez,1.0,"February 07, 2026"
Wang Cong,Eduarda Moura,1.0,"February 07, 2026"
Jakub Wiklacz,Muin Gafurov,1.0,"February 07, 2026"
Klaudia Sygula,Priscila Cachoeira,1.0,"February 07, 2026"
Alexander Volkanovski,Diego Lopes,1.0,"January 31, 2026"
Benoit Saint Denis,Dan Hooker,1.0,"January 31, 2026"
Mauricio Ruffy,Rafael Fiziev,1.0,"January 31, 2026"
Tallison Teixeira,Tai Tuivasa,1.0,"January 31, 2026"
Quillan Salkilld,Jamie Mullarkey,1.0,"January 31, 2026"
Billy Elekana,Junior Tafa,1.0,"January 31, 2026"
Cam Rowston,Cody Brundage,1.0,"January 31, 2026"
Jacob Malkoun,Torrez Finney,1.0,"January 31, 2026"
Jonathan Micallef,Oban Elliott,1.0,"January 31, 2026"
Kaan Ofli,Yizha,1.0,"January 31, 2026"
Dom Mar Fan,Sangwook Kim,1.0,"January 31, 2026"
Keiichiro Nakamura,Sebastian Szalay,1.0,"January 31, 2026"
Lawrence Lui,Sulangrangbo,1.0,"January 31, 2026"
Justin Gaethje,Paddy Pimblett,1.0,"January 24, 2026"
Sean O'Malley,Song Yadong,1.0,"January 24, 2026"
Waldo Cortes Acosta,Derrick Lewis,1.0,"January 24, 2026"
Natalia Silva,Rose Namajunas,1.0,"January 24, 2026"
Jean Silva,Arnold Allen,1.0,"January 24, 2026"
Umar Nurmagomedov,Deiveson Figueiredo,1.0,"January 24, 2026"
Ateba Gautier,Andrey Pulyaev,1.0,"January 24, 2026"
Nikita Krylov,Modestas Bukauskas,1.0,"January 24, 2026"
Alex Perez,Charles Johnson,1.0,"January 24, 2026"
Josh Hokit,Denzel Freeman,1.0,"January 24, 2026"
Ty Miller,Adam Fugitt,1.0,"January 24, 2026"
Manel Kape,Brandon Royval,1.0,"December 13, 2025"
Kevin Vallejos,Giga Chikadze,1.0,"December 13, 2025"
Cezary Oleksiejczuk,Cesar Almeida,1.0,"December 13, 2025"
Melquizael Costa,Morgan Charriere,1.0,"December 13, 2025"
Kennedy Nzechukwu,Marcus Buchecha,,"December 13, 2025"
King Green,Lance Gibson Jr.,1.0,"December 13, 2025"
Yaroslav Amosov,Neil Magny,1.0,"December 13, 2025"
Joanderson Brito,Isaac Thomson,1.0,"December 13, 2025"
Steven Asplund,Sean Sharaf,1.0,"December 13, 2025"
Luana Santos,Melissa Croden,1.0,"December 13, 2025"
Guilherme Pat,Allen Frye Jr.,1.0,"December 13, 2025"
Jamey-Lyn Horth,Tereza Bleda,1.0,"December 13, 2025"
Petr Yan,Merab Dvalishvili,1.0,"December 06, 2025"
Joshua Van,Alexandre Pantoja,1.0,"December 06, 2025"
Tatsuro Taira,Brandon Moreno,1.0,"December 06, 2025"
Payton Talbott,Henry Cejudo,1.0,"December 06, 2025"
Jan Blachowicz,Bogdan Guskov,,"December 06, 2025"
Manuel Torres,Grant Dawson,1.0,"December 06, 2025"
Chris Duncan,Terrance McKinney,1.0,"December 06, 2025"
Maycee Barber,Karine Silva,1.0,"December 06, 2025"
Fares Ziam,Nazim Sadykhov,1.0,"December 06, 2025"
Brunno Ferreira,Marvin Vettori,1.0,"December 06, 2025"
Jalin Turner,Edson Barboza,1.0,"December 06, 2025"
Iwo Baraniewski,Ibo Aslan,1.0,"December 06, 2025"
Mansur Abdul-Malik,Antonio Trocoli,1.0,"December 06, 2025"
Mairon Santos,Muhammad Naimov,1.0,"December 06, 2025"
Arman Tsarukyan,Dan Hooker,1.0,"November 22, 2025"
Ian Machado Garry,Belal Muhammad,1.0,"November 22, 2025"
Volkan Oezdemir,Alonzo Menifield,1.0,"November 22, 2025"
Myktybek Orolbai,Jack Hermansson,1.0,"November 22, 2025"
Waldo Cortes Acosta,Shamil Gaziev,1.0,"November 22, 2025"
Kyoji Horiguchi,Tagir Ulanbekov,1.0,"November 22, 2025"
Luke Riley,Bogdan Grad,1.0,"November 22, 2025"
Nicolas Dalby,Saygid Izagakhmaev,1.0,"November 22, 2025"
Asu Almabayev,Alex Perez,1.0,"November 22, 2025"
Abdul Rakhman Yakhyaev,Rafael Cerqueira,1.0,"November 22, 2025"
Aleksandre Topuria,Bekzat Almakhan,1.0,"November 22, 2025"
Ismail Naurdiev,Ryan Loder,1.0,"November 22, 2025"
Nurullo Aliev,Shem Rock,1.0,"November 22, 2025"
Denzel Freeman,Marek Bujlo,1.0,"November 22, 2025"
