r_name,b_name,date,error
Caio Borralho,Abus Magomedov,"November 04, 2023","HTTPSConnectionPool(host='web.archive.org', port=443): Max retries exceeded with url: /web/20231104204554/https://www.ufc.com/athlete/caio-borralho (Caused by ConnectTimeoutError(<HTTPSConnection(host='web.archive.org', port=443) at 0x7f6f5a935990>, 'Connection to web.archive.org timed out. (connect timeout=100)'))"
Michel Pereira,Ihor Potieria,"May 04, 2024","HTTPSConnectionPool(host='web.archive.org', port=443): Max retries exceeded with url: /web/20240504235959/https://www.ufc.com/athlete/michel-pereira (Caused by ConnectTimeoutError(<HTTPSConnection(host='web.archive.org', port=443) at 0x7f6f5a979110>, 'Connection to web.archive.org timed out. (connect timeout=100)'))"
Sean Strickland,Abus Magomedov,"July 01, 2023","HTTPSConnectionPool(host='web.archive.org', port=443): Max retries exceeded with url: /web/20230701235959/https://www.ufc.com/athlete/abus-magomedov (Caused by ConnectTimeoutError(<HTTPSConnection(host='web.archive.org', port=443) at 0x7f6f51852b50>, 'Connection to web.archive.org timed out. (connect timeout=100)'))"
Cesar Almeida,Ihor Potieria,"October 05, 2024","HTTPSConnectionPool(host='web.archive.org', port=443): Max retries exceeded with url: /web/20241005235959/https://www.ufc.com/athlete/cesar-almeida (Caused by ConnectTimeoutError(<HTTPSConnection(host='web.archive.org', port=443) at 0x7f6f5182f510>, 'Connection to web.archive.org timed out. (connect timeout=100)'))"
Lerone Murphy,Dan Ige,"October 26, 2024","HTTPSConnectionPool(host='web.archive.org', port=443): Max retries exceeded with url: /web/20241026235959/https://www.ufc.com/athlete/lerone-murphy (Caused by ConnectTimeoutError(<HTTPSConnection(host='web.archive.org', port=443) at 0x7f6f58207910>, 'Connection to web.archive.org timed out. (connect timeout=100)'))"
Bryce Mitchell,Dan Ige,"September 23, 2023","HTTPSConnectionPool(host='web.archive.org', port=443): Max retries exceeded with url: /web/20230923235959/https://www.ufc.com/athlete/bryce-mitchell (Caused by ConnectTimeoutError(<HTTPSConnection(host='web.archive.org', port=443) at 0x7f6f5b244e50>, 'Connection to web.archive.org timed out. (connect timeout=100)'))"
Lerone Murphy,Aaron Pico,"August 16, 2025","HTTPSConnectionPool(host='web.archive.org', port=443): Max retries exceeded with url: /web/20250816235959/https://www.ufc.com/athlete/aaron-pico (Caused by ConnectTimeoutError(<HTTPSConnection(host='web.archive.org', port=443) at 0x7f6f5b245410>, 'Connection to web.archive.org timed out. (connect timeout=100)'))"
Calvin Kattar,Dan Ige,"July 15, 2020","HTTPSConnectionPool(host='web.archive.org', port=443): Max retries exceeded with url: /web/20200715235959/https://www.ufc.com/athlete/calvin-kattar (Caused by ConnectTimeoutError(<HTTPSConnection(host='web.archive.org', port=443) at 0x7f6f5a941a50>, 'Connection to web.archive.org timed out. (connect timeout=100)'))"
Josh Emmett,Dan Ige,"December 11, 2021","HTTPSConnectionPool(host='web.archive.org', port=443): Max retries exceeded with url: /web/20211211235959/https://www.ufc.com/athlete/josh-emmett (Caused by ConnectTimeoutError(<HTTPSConnection(host='web.archive.org', port=443) at 0x7f6f5b3da450>, 'Connection to web.archive.org timed out. (connect timeout=100)'))"
Chan Sung Jung,Dan Ige,"June 19, 2021","HTTPSConnectionPool(host='web.archive.org', port=443): Max retries exceeded with url: /web/20210619235959/https://www.ufc.com/athlete/chan-sung-jung (Caused by ConnectTimeoutError(<HTTPSConnection(host='web.archive.org', port=443) at 0x7f6f5b3d96d0>, 'Connection to web.archive.org timed out. (connect timeout=100)'))"
Mirsad Bektic,Dan Ige,"February 08, 2020","HTTPSConnectionPool(host='web.archive.org', port=443): Max retries exceeded with url: /web/20200208235959/https://www.ufc.com/athlete/mirsad-bektic (Caused by ConnectTimeoutError(<HTTPSConnection(host='web.archive.org', port=443) at 0x7f6f5b3da990>, 'Connection to web.archive.org timed out. (connect timeout=100)'))"
Karol Rosa,Lara Procopio,"August 31, 2019","could not find archived snapshot for karol-rosa on or before August 31, 2019"
Irene Aldana,Vanessa Melo,"September 21, 2019","could not find archived snapshot for vanessa-melo on or before September 21, 2019"
Li Jingliang,Elizeu Zaleski dos Santos,"August 31, 2019","could not find archived snapshot for elizeu-zaleski-dos-santos on or before August 31, 2019"
Tim Means,Max Griffin,"October 29, 2022","HTTPSConnectionPool(host='web.archive.org', port=443): Max retries exceeded with url: /web/20221029235959/https://www.ufc.com/athlete/tim-means (Caused by ConnectTimeoutError(<HTTPSConnection(host='web.archive.org', port=443) at 0x7f6f5b33bc90>, 'Connection to web.archive.org timed out. (connect timeout=100)'))"
Alex Oliveira,Max Griffin,"March 07, 2020","HTTPSConnectionPool(host='web.archive.org', port=443): Max retries exceeded with url: /web/20200307235959/https://www.ufc.com/athlete/alex-oliveira (Caused by ConnectTimeoutError(<HTTPSConnection(host='web.archive.org', port=443) at 0x7f6f51a768d0>, 'Connection to web.archive.org timed out. (connect timeout=100)'))"
Song Kenan,Max Griffin,"March 20, 2021","HTTPSConnectionPool(host='web.archive.org', port=443): Max retries exceeded with url: /web/20210320235959/https://www.ufc.com/athlete/max-griffin (Caused by ConnectTimeoutError(<HTTPSConnection(host='web.archive.org', port=443) at 0x7f6f51a744d0>, 'Connection to web.archive.org timed out. (connect timeout=100)'))"
Carlos Condit,Max Griffin,"July 10, 2021","HTTPSConnectionPool(host='web.archive.org', port=443): Max retries exceeded with url: /web/20210710235959/https://www.ufc.com/athlete/carlos-condit (Caused by ConnectTimeoutError(<HTTPSConnection(host='web.archive.org', port=443) at 0x7f6f588f6a90>, 'Connection to web.archive.org timed out. (connect timeout=100)'))"
Neil Magny,Geoff Neal,"May 08, 2021","HTTPSConnectionPool(host='web.archive.org', port=443): Max retries exceeded with url: /web/20210508235959/https://www.ufc.com/athlete/neil-magny (Caused by ConnectTimeoutError(<HTTPSConnection(host='web.archive.org', port=443) at 0x7f6f588f7390>, 'Connection to web.archive.org timed out. (connect timeout=100)'))"
Stephen Thompson,Geoff Neal,"December 19, 2020","HTTPSConnectionPool(host='web.archive.org', port=443): Max retries exceeded with url: /web/20201219235959/https://www.ufc.com/athlete/stephen-thompson (Caused by ConnectTimeoutError(<HTTPSConnection(host='web.archive.org', port=443) at 0x7f6f5875a290>, 'Connection to web.archive.org timed out. (connect timeout=100)'))"
Vicente Luque,Geoff Neal,"August 06, 2022","HTTPSConnectionPool(host='web.archive.org', port=443): Max retries exceeded with url: /web/20220806235959/https://www.ufc.com/athlete/vicente-luque (Caused by ConnectTimeoutError(<HTTPSConnection(host='web.archive.org', port=443) at 0x7f6f51a74590>, 'Connection to web.archive.org timed out. (connect timeout=100)'))"
Neil Magny,Anthony Rocco Martin,"June 06, 2020","HTTPSConnectionPool(host='web.archive.org', port=443): Max retries exceeded with url: /web/20200606235959/https://www.ufc.com/athlete/neil-magny (Caused by ConnectTimeoutError(<HTTPSConnection(host='web.archive.org', port=443) at 0x7f6f51d74210>, 'Connection to web.archive.org timed out. (connect timeout=100)'))"
Neil Magny,Li Jingliang,"March 07, 2020","HTTPSConnectionPool(host='web.archive.org', port=443): Max retries exceeded with url: /web/20200307235959/https://www.ufc.com/athlete/neil-magny (Caused by ConnectTimeoutError(<HTTPSConnection(host='web.archive.org', port=443) at 0x7f6f5108d510>, 'Connection to web.archive.org timed out. (connect timeout=100)'))"
Dwight Grant,Dustin Stoltzfus,"July 16, 2022","HTTPSConnectionPool(host='web.archive.org', port=443): Max retries exceeded with url: /web/20220716235959/https://www.ufc.com/athlete/dustin-stoltzfus (Caused by ConnectTimeoutError(<HTTPSConnection(host='web.archive.org', port=443) at 0x7f6f5194aad0>, 'Connection to web.archive.org timed out. (connect timeout=100)'))"
Rodolfo Vieira,Anthony Hernandez,"February 13, 2021","HTTPSConnectionPool(host='web.archive.org', port=443): Max retries exceeded with url: /web/20210213235959/https://www.ufc.com/athlete/anthony-hernandez (Caused by ConnectTimeoutError(<HTTPSConnection(host='web.archive.org', port=443) at 0x7f6f5177ca50>, 'Connection to web.archive.org timed out. (connect timeout=100)'))"
Roman Dolidze,Anthony Hernandez,"August 09, 2025","HTTPSConnectionPool(host='web.archive.org', port=443): Max retries exceeded with url: /web/20250809235959/https://www.ufc.com/athlete/roman-dolidze (Caused by ConnectTimeoutError(<HTTPSConnection(host='web.archive.org', port=443) at 0x7f6f5177df90>, 'Connection to web.archive.org timed out. (connect timeout=100)'))"
Edmen Shahbazyan,Anthony Hernandez,"May 20, 2023","HTTPSConnectionPool(host='web.archive.org', port=443): Max retries exceeded with url: /web/20230520235959/https://www.ufc.com/athlete/edmen-shahbazyan (Caused by ConnectTimeoutError(<HTTPSConnection(host='web.archive.org', port=443) at 0x7f6f51375c90>, 'Connection to web.archive.org timed out. (connect timeout=100)'))"
Brendan Allen,Anthony Hernandez,"February 22, 2025","HTTPSConnectionPool(host='web.archive.org', port=443): Max retries exceeded with url: /web/20250222235959/https://www.ufc.com/athlete/brendan-allen (Caused by ConnectTimeoutError(<HTTPSConnection(host='web.archive.org', port=443) at 0x7f6f51cb4f10>, 'Connection to web.archive.org timed out. (connect timeout=100)'))"
Nick Klein,Andrey Pulyaev,"August 02, 2025","HTTPSConnectionPool(host='web.archive.org', port=443): Max retries exceeded with url: /web/20250802235959/https://www.ufc.com/athlete/nick-klein (Caused by ConnectTimeoutError(<HTTPSConnection(host='web.archive.org', port=443) at 0x7f6f51ca7b90>, 'Connection to web.archive.org timed out. (connect timeout=100)'))"
Christian Leroy Duncan,Andrey Pulyaev,"March 22, 2025","HTTPSConnectionPool(host='web.archive.org', port=443): Max retries exceeded with url: /web/20250322235959/https://www.ufc.com/athlete/christian-leroy-duncan (Caused by ConnectTimeoutError(<HTTPSConnection(host='web.archive.org', port=443) at 0x7f6f51ca7850>, 'Connection to web.archive.org timed out. (connect timeout=100)'))"
Rafael Estevam,Felipe Bunes,"August 02, 2025","HTTPSConnectionPool(host='web.archive.org', port=443): Max retries exceeded with url: /web/20250802235959/https://www.ufc.com/athlete/rafael-estevam (Caused by ConnectTimeoutError(<HTTPSConnection(host='web.archive.org', port=443) at 0x7f6f58281cd0>, 'Connection to web.archive.org timed out. (connect timeout=100)'))"
Joshua Van,Felipe Bunes,"January 13, 2024","HTTPSConnectionPool(host='web.archive.org', port=443): Max retries exceeded with url: /web/20240113235959/https://www.ufc.com/athlete/joshua-van (Caused by ConnectTimeoutError(<HTTPSConnection(host='web.archive.org', port=443) at 0x7f6f5194a9d0>, 'Connection to web.archive.org timed out. (connect timeout=100)'))"
Jose Johnson,Felipe Bunes,"January 11, 2025","HTTPSConnectionPool(host='web.archive.org', port=443): Max retries exceeded with url: /web/20250111235959/https://www.ufc.com/athlete/jose-johnson (Caused by ConnectTimeoutError(<HTTPSConnection(host='web.archive.org', port=443) at 0x7f6f5194a2d0>, 'Connection to web.archive.org timed out. (connect timeout=100)'))"
Piera Rodriguez,Ariane Carnelossi,"May 18, 2024","HTTPSConnectionPool(host='web.archive.org', port=443): Max retries exceeded with url: /web/20240518235959/https://www.ufc.com/athlete/piera-rodriguez (Caused by ConnectTimeoutError(<HTTPSConnection(host='web.archive.org', port=443) at 0x7f6f5b26d650>, 'Connection to web.archive.org timed out. (connect timeout=100)'))"
Istela Nunes,Ariane Carnelossi,"October 16, 2021","HTTPSConnectionPool(host='web.archive.org', port=443): Max retries exceeded with url: /web/20211016235959/https://www.ufc.com/athlete/istela-nunes (Caused by ConnectTimeoutError(<HTTPSConnection(host='web.archive.org', port=443) at 0x7f6f51028310>, 'Connection to web.archive.org timed out. (connect timeout=100)'))"
Piera Rodriguez,Kay Hansen,"April 09, 2022","HTTPSConnectionPool(host='web.archive.org', port=443): Max retries exceeded with url: /web/20220409235959/https://www.ufc.com/athlete/piera-rodriguez (Caused by ConnectTimeoutError(<HTTPSConnection(host='web.archive.org', port=443) at 0x7f6f51a0be10>, 'Connection to web.archive.org timed out. (connect timeout=100)'))"
Roman Dolidze,Kevin Holland,"October 05, 2024","HTTPSConnectionPool(host='web.archive.org', port=443): Max retries exceeded with url: /web/20241005235959/https://www.ufc.com/athlete/roman-dolidze (Caused by ConnectTimeoutError(<HTTPSConnection(host='web.archive.org', port=443) at 0x7f6f51c9cb90>, 'Connection to web.archive.org timed out. (connect timeout=100)'))"
Marvin Vettori,Kevin Holland,"April 10, 2021","HTTPSConnectionPool(host='web.archive.org', port=443): Max retries exceeded with url: /web/20210410235959/https://www.ufc.com/athlete/marvin-vettori (Caused by ConnectTimeoutError(<HTTPSConnection(host='web.archive.org', port=443) at 0x7f6f51c9fa90>, 'Connection to web.archive.org timed out. (connect timeout=100)'))"
Michael Chiesa,Kevin Holland,"July 29, 2023","HTTPSConnectionPool(host='web.archive.org', port=443): Max retries exceeded with url: /web/20230729235959/https://www.ufc.com/athlete/michael-chiesa (Caused by NameResolutionError(""HTTPSConnection(host='web.archive.org', port=443): Failed to resolve 'web.archive.org' ([Errno -3] Temporary failure in name resolution)""))"
Stephen Thompson,Kevin Holland,"December 03, 2022","HTTPSConnectionPool(host='web.archive.org', port=443): Max retries exceeded with url: /web/20221203235959/https://www.ufc.com/athlete/stephen-thompson (Caused by ConnectTimeoutError(<HTTPSConnection(host='web.archive.org', port=443) at 0x7f6f513b7450>, 'Connection to web.archive.org timed out. (connect timeout=100)'))"
Rodolfo Vieira,Oskar Piechota,"August 10, 2019","could not find archived snapshot for rodolfo-vieira on or before August 10, 2019"
David Branch,Jack Hermansson,"March 30, 2019","could not find archived snapshot for jack-hermansson on or before March 30, 2019"
Jacare Souza,Jack Hermansson,"April 27, 2019","could not find archived snapshot for jacare-souza on or before April 27, 2019"
Jessica Penne,Loopy Godinez,"April 17, 2021","could not find archived snapshot for loopy-godinez on or before April 17, 2021"
Cortney Casey,Cynthia Calvillo,"February 17, 2019","could not find archived snapshot for cortney-casey on or before February 17, 2019"
Chase Hooper,Steven Peterson,"June 12, 2021","HTTPSConnectionPool(host='web.archive.org', port=443): Max retries exceeded with url: /web/20210612235959/https://www.ufc.com/athlete/steven-peterson (Caused by ConnectTimeoutError(<HTTPSConnection(host='web.archive.org', port=443) at 0x7fdb709de590>, 'Connection to web.archive.org timed out. (connect timeout=100)'))"
Julian Erosa,Steven Peterson,"February 05, 2022","HTTPSConnectionPool(host='web.archive.org', port=443): Max retries exceeded with url: /web/20220205235959/https://www.ufc.com/athlete/steven-peterson (Caused by ConnectTimeoutError(<HTTPSConnection(host='web.archive.org', port=443) at 0x7fdb70e798d0>, 'Connection to web.archive.org timed out. (connect timeout=100)'))"
Jack Shore,Makwan Amirkhani,"March 18, 2023","HTTPSConnectionPool(host='web.archive.org', port=443): Max retries exceeded with url: /web/20230318200620/https://www.ufc.com/athlete/jack-shore (Caused by ConnectTimeoutError(<HTTPSConnection(host='web.archive.org', port=443) at 0x7fdb5ec929d0>, 'Connection to web.archive.org timed out. (connect timeout=100)'))"
Brandon Davis,Giga Chikadze,"September 28, 2019","HTTPSConnectionPool(host='web.archive.org', port=443): Max retries exceeded with url: /web/20190928235959/https://www.ufc.com/athlete/giga-chikadze (Caused by ConnectTimeoutError(<HTTPSConnection(host='web.archive.org', port=443) at 0x7fdb5ec90990>, 'Connection to web.archive.org timed out. (connect timeout=100)'))"
Edson Barboza,Makwan Amirkhani,"October 10, 2020","HTTPSConnectionPool(host='web.archive.org', port=443): Max retries exceeded with url: /web/20201010235959/https://www.ufc.com/athlete/makwan-amirkhani (Caused by ConnectTimeoutError(<HTTPSConnection(host='web.archive.org', port=443) at 0x7fdb5ec920d0>, 'Connection to web.archive.org timed out. (connect timeout=100)'))"
Shane Burgos,Makwan Amirkhani,"November 02, 2019","HTTPSConnectionPool(host='web.archive.org', port=443): Max retries exceeded with url: /web/20191102235959/https://www.ufc.com/athlete/shane-burgos (Caused by ConnectTimeoutError(<HTTPSConnection(host='web.archive.org', port=443) at 0x7fdb5ec930d0>, 'Connection to web.archive.org timed out. (connect timeout=100)'))"
Mike Grundy,Makwan Amirkhani,"March 19, 2022","HTTPSConnectionPool(host='web.archive.org', port=443): Max retries exceeded with url: /web/20220319235959/https://www.ufc.com/athlete/mike-grundy (Caused by ConnectTimeoutError(<HTTPSConnection(host='web.archive.org', port=443) at 0x7fdb6c9f26d0>, 'Connection to web.archive.org timed out. (connect timeout=100)'))"
Edson Barboza,Paul Felder,"September 07, 2019","HTTPSConnectionPool(host='web.archive.org', port=443): Max retries exceeded with url: /web/20190907235959/https://www.ufc.com/athlete/edson-barboza (Caused by ConnectTimeoutError(<HTTPSConnection(host='web.archive.org', port=443) at 0x7fdb7093ff50>, 'Connection to web.archive.org timed out. (connect timeout=100)'))"
Edson Barboza,Justin Gaethje,"March 30, 2019","HTTPSConnectionPool(host='web.archive.org', port=443): Max retries exceeded with url: /web/20190330235959/https://www.ufc.com/athlete/edson-barboza (Caused by ConnectTimeoutError(<HTTPSConnection(host='web.archive.org', port=443) at 0x7fdb7093fc50>, 'Connection to web.archive.org timed out. (connect timeout=100)'))"
Jennifer Maia,Maryna Moroz,"November 19, 2022","HTTPSConnectionPool(host='web.archive.org', port=443): Max retries exceeded with url: /web/20221217163609/https://www.ufc.com/athlete/maryna-moroz (Caused by ConnectTimeoutError(<HTTPSConnection(host='web.archive.org', port=443) at 0x7fdb6c7359d0>, 'Connection to web.archive.org timed out. (connect timeout=100)'))"
Piera Rodriguez,Ketlen Souza,"August 02, 2025","HTTPSConnectionPool(host='web.archive.org', port=443): Max retries exceeded with url: /web/20250802235959/https://www.ufc.com/athlete/piera-rodriguez (Caused by ConnectTimeoutError(<HTTPSConnection(host='web.archive.org', port=443) at 0x7fdb6cdd51d0>, 'Connection to web.archive.org timed out. (connect timeout=100)'))"
Angela Hill,Ketlen Souza,"February 15, 2025","HTTPSConnectionPool(host='web.archive.org', port=443): Max retries exceeded with url: /web/20250215235959/https://www.ufc.com/athlete/angela-hill (Caused by ConnectTimeoutError(<HTTPSConnection(host='web.archive.org', port=443) at 0x7fdb6c12e850>, 'Connection to web.archive.org timed out. (connect timeout=100)'))"
Yazmin Jauregui,Ketlen Souza,"September 14, 2024","HTTPSConnectionPool(host='web.archive.org', port=443): Max retries exceeded with url: /web/20240914235959/https://www.ufc.com/athlete/yazmin-jauregui (Caused by ConnectTimeoutError(<HTTPSConnection(host='web.archive.org', port=443) at 0x7fdb6c12c0d0>, 'Connection to web.archive.org timed out. (connect timeout=100)'))"
Marnic Mann,Ketlen Souza,"April 27, 2024","HTTPSConnectionPool(host='web.archive.org', port=443): Max retries exceeded with url: /web/20240427235959/https://www.ufc.com/athlete/marnic-mann (Caused by ConnectTimeoutError(<HTTPSConnection(host='web.archive.org', port=443) at 0x7fdb6c287510>, 'Connection to web.archive.org timed out. (connect timeout=100)'))"
Karine Silva,Poliana Botelho,"June 04, 2022","HTTPSConnectionPool(host='web.archive.org', port=443): Max retries exceeded with url: /web/20220604235959/https://www.ufc.com/athlete/karine-silva (Caused by ConnectTimeoutError(<HTTPSConnection(host='web.archive.org', port=443) at 0x7fdb6cd5cf90>, 'Connection to web.archive.org timed out. (connect timeout=100)'))"
Gillian Robertson,Poliana Botelho,"October 17, 2020","HTTPSConnectionPool(host='web.archive.org', port=443): Max retries exceeded with url: /web/20201017235959/https://www.ufc.com/athlete/gillian-robertson (Caused by ConnectTimeoutError(<HTTPSConnection(host='web.archive.org', port=443) at 0x7fdb6c8d9c10>, 'Connection to web.archive.org timed out. (connect timeout=100)'))"
Tatsuro Taira,HyunSung Park,"August 02, 2025","HTTPSConnectionPool(host='web.archive.org', port=443): Max retries exceeded with url: /web/20250802235959/https://www.ufc.com/athlete/tatsuro-taira (Caused by ConnectTimeoutError(<HTTPSConnection(host='web.archive.org', port=443) at 0x7fdb6c34d9d0>, 'Connection to web.archive.org timed out. (connect timeout=100)'))"
SeungGuk Choi,HyunSung Park,"February 04, 2023","HTTPSConnectionPool(host='web.archive.org', port=443): Max retries exceeded with url: /web/20230204235959/https://www.ufc.com/athlete/seungguk-choi (Caused by ConnectTimeoutError(<HTTPSConnection(host='web.archive.org', port=443) at 0x7fdb5eb02590>, 'Connection to web.archive.org timed out. (connect timeout=100)'))"
Tatsuro Taira,Carlos Hernandez,"December 09, 2023","HTTPSConnectionPool(host='web.archive.org', port=443): Max retries exceeded with url: /web/20231209235959/https://www.ufc.com/athlete/tatsuro-taira (Caused by ConnectTimeoutError(<HTTPSConnection(host='web.archive.org', port=443) at 0x7fdb70b9bf10>, 'Connection to web.archive.org timed out. (connect timeout=100)'))"
HyunSung Park,Carlos Hernandez,"May 17, 2025","HTTPSConnectionPool(host='web.archive.org', port=443): Max retries exceeded with url: /web/20250517235959/https://www.ufc.com/athlete/hyunsung-park (Caused by ConnectTimeoutError(<HTTPSConnection(host='web.archive.org', port=443) at 0x7fdb70329c50>, 'Connection to web.archive.org timed out. (connect timeout=100)'))"
Tatsuro Taira,Jesus Aguilar,"February 04, 2023","could not find archived snapshot for jesus-aguilar on or before February 04, 2023"
Jim Miller,Roosevelt Roberts,"June 20, 2020","HTTPSConnectionPool(host='web.archive.org', port=443): Max retries exceeded with url: /web/20200617232059/https://www.ufc.com/athlete/jim-miller (Caused by ConnectTimeoutError(<HTTPSConnection(host='web.archive.org', port=443) at 0x7fdb6cc8e990>, 'Connection to web.archive.org timed out. (connect timeout=100)'))"
Ludovit Klein,Roosevelt Roberts,"September 28, 2024","HTTPSConnectionPool(host='web.archive.org', port=443): Max retries exceeded with url: /web/20240928235959/https://www.ufc.com/athlete/ludovit-klein (Caused by ConnectTimeoutError(<HTTPSConnection(host='web.archive.org', port=443) at 0x7fdb6ceb0810>, 'Connection to web.archive.org timed out. (connect timeout=100)'))"
Alexander Yakovlev,Roosevelt Roberts,"November 09, 2019","HTTPSConnectionPool(host='web.archive.org', port=443): Max retries exceeded with url: /web/20191109235959/https://www.ufc.com/athlete/alexander-yakovlev (Caused by ConnectTimeoutError(<HTTPSConnection(host='web.archive.org', port=443) at 0x7fdb6ceb3c90>, 'Connection to web.archive.org timed out. (connect timeout=100)'))"
Abdul-Kareem Al-Selwady,Loik Radzhabov,"March 02, 2024","HTTPSConnectionPool(host='web.archive.org', port=443): Max retries exceeded with url: /web/20240302235959/https://www.ufc.com/athlete/abdul-kareem-al-selwady (Caused by ConnectTimeoutError(<HTTPSConnection(host='web.archive.org', port=443) at 0x7fdb70305b10>, 'Connection to web.archive.org timed out. (connect timeout=100)'))"
Mateusz Rebecki,Loik Radzhabov,"June 24, 2023","HTTPSConnectionPool(host='web.archive.org', port=443): Max retries exceeded with url: /web/20230624235959/https://www.ufc.com/athlete/mateusz-rebecki (Caused by ConnectTimeoutError(<HTTPSConnection(host='web.archive.org', port=443) at 0x7fdb70305c50>, 'Connection to web.archive.org timed out. (connect timeout=100)'))"
Esteban Ribovics,Loik Radzhabov,"March 04, 2023","HTTPSConnectionPool(host='web.archive.org', port=443): Max retries exceeded with url: /web/20230304235959/https://www.ufc.com/athlete/esteban-ribovics (Caused by ConnectTimeoutError(<HTTPSConnection(host='web.archive.org', port=443) at 0x7fdb70774190>, 'Connection to web.archive.org timed out. (connect timeout=100)'))"
Elves Brener,Esteban Ribovics,"August 02, 2025","HTTPSConnectionPool(host='web.archive.org', port=443): Max retries exceeded with url: /web/20250802235959/https://www.ufc.com/athlete/elves-brener (Caused by ConnectTimeoutError(<HTTPSConnection(host='web.archive.org', port=443) at 0x7fdb5eaca990>, 'Connection to web.archive.org timed out. (connect timeout=100)'))"
Terrance McKinney,Esteban Ribovics,"May 11, 2024","HTTPSConnectionPool(host='web.archive.org', port=443): Max retries exceeded with url: /web/20240511235959/https://www.ufc.com/athlete/terrance-mckinney (Caused by ConnectTimeoutError(<HTTPSConnection(host='web.archive.org', port=443) at 0x7fdb6ceb2650>, 'Connection to web.archive.org timed out. (connect timeout=100)'))"
Nasrat Haqparast,Esteban Ribovics,"March 01, 2025","HTTPSConnectionPool(host='web.archive.org', port=443): Max retries exceeded with url: /web/20250301235959/https://www.ufc.com/athlete/nasrat-haqparast (Caused by ConnectTimeoutError(<HTTPSConnection(host='web.archive.org', port=443) at 0x7fdb6ceb0810>, 'Connection to web.archive.org timed out. (connect timeout=100)'))"
Daniel Zellhuber,Esteban Ribovics,"September 14, 2024","HTTPSConnectionPool(host='web.archive.org', port=443): Max retries exceeded with url: /web/20240914235959/https://www.ufc.com/athlete/daniel-zellhuber (Caused by ConnectTimeoutError(<HTTPSConnection(host='web.archive.org', port=443) at 0x7fdb6cb17950>, 'Connection to web.archive.org timed out. (connect timeout=100)'))"
Kamuela Kirk,Esteban Ribovics,"July 08, 2023","HTTPSConnectionPool(host='web.archive.org', port=443): Max retries exceeded with url: /web/20230708235959/https://www.ufc.com/athlete/kamuela-kirk (Caused by ConnectTimeoutError(<HTTPSConnection(host='web.archive.org', port=443) at 0x7fdb6cb16010>, 'Connection to web.archive.org timed out. (connect timeout=100)'))"
Elves Brener,Kaynan Kruschewsky,"November 04, 2023","HTTPSConnectionPool(host='web.archive.org', port=443): Max retries exceeded with url: /web/20231104235959/https://www.ufc.com/athlete/elves-brener (Caused by ConnectTimeoutError(<HTTPSConnection(host='web.archive.org', port=443) at 0x7fdb5eca6550>, 'Connection to web.archive.org timed out. (connect timeout=100)'))"
Kurt Holobaugh,Kaynan Kruschewsky,"July 20, 2024","HTTPSConnectionPool(host='web.archive.org', port=443): Max retries exceeded with url: /web/20240720235959/https://www.ufc.com/athlete/kurt-holobaugh (Caused by ConnectTimeoutError(<HTTPSConnection(host='web.archive.org', port=443) at 0x7fdb5eca5350>, 'Connection to web.archive.org timed out. (connect timeout=100)'))"
Karol Rosa,Nora Cornolle,"August 02, 2025","HTTPSConnectionPool(host='web.archive.org', port=443): Max retries exceeded with url: /web/20250802235959/https://www.ufc.com/athlete/karol-rosa (Caused by ConnectTimeoutError(<HTTPSConnection(host='web.archive.org', port=443) at 0x7fdb5ed7e190>, 'Connection to web.archive.org timed out. (connect timeout=100)'))"
Melissa Mullins,Nora Cornolle,"April 06, 2024","HTTPSConnectionPool(host='web.archive.org', port=443): Max retries exceeded with url: /web/20240406235959/https://www.ufc.com/athlete/melissa-mullins (Caused by ConnectTimeoutError(<HTTPSConnection(host='web.archive.org', port=443) at 0x7fdb6c720690>, 'Connection to web.archive.org timed out. (connect timeout=100)'))"
Lucie Pudilova,Ailin Perez,"November 18, 2023","HTTPSConnectionPool(host='web.archive.org', port=443): Max retries exceeded with url: /web/20231118235959/https://www.ufc.com/athlete/lucie-pudilova (Caused by ConnectTimeoutError(<HTTPSConnection(host='web.archive.org', port=443) at 0x7fdb6c7a87d0>, 'Connection to web.archive.org timed out. (connect timeout=100)'))"
Karol Rosa,Ailin Perez,"January 18, 2025","HTTPSConnectionPool(host='web.archive.org', port=443): Max retries exceeded with url: /web/20250118235959/https://www.ufc.com/athlete/karol-rosa (Caused by ConnectTimeoutError(<HTTPSConnection(host='web.archive.org', port=443) at 0x7fdb6c7abe90>, 'Connection to web.archive.org timed out. (connect timeout=100)'))"
Ashlee Evans-Smith,Ailin Perez,"July 15, 2023","HTTPSConnectionPool(host='web.archive.org', port=443): Max retries exceeded with url: /web/20230715235959/https://www.ufc.com/athlete/ashlee-evans-smith (Caused by ConnectTimeoutError(<HTTPSConnection(host='web.archive.org', port=443) at 0x7fdb6c74a450>, 'Connection to web.archive.org timed out. (connect timeout=100)'))"
Karol Rosa,Pannie Kianzad,"August 10, 2024","HTTPSConnectionPool(host='web.archive.org', port=443): Max retries exceeded with url: /web/20240810235959/https://www.ufc.com/athlete/karol-rosa (Caused by ConnectTimeoutError(<HTTPSConnection(host='web.archive.org', port=443) at 0x7fdb5eb367d0>, 'Connection to web.archive.org timed out. (connect timeout=100)'))"
Ketlen Vieira,Pannie Kianzad,"July 22, 2023","HTTPSConnectionPool(host='web.archive.org', port=443): Max retries exceeded with url: /web/20230722235959/https://www.ufc.com/athlete/ketlen-vieira (Caused by ConnectTimeoutError(<HTTPSConnection(host='web.archive.org', port=443) at 0x7fdb6c822610>, 'Connection to web.archive.org timed out. (connect timeout=100)'))"
Jessica-Rose Clark,Pannie Kianzad,"November 09, 2019","HTTPSConnectionPool(host='web.archive.org', port=443): Max retries exceeded with url: /web/20191109235959/https://www.ufc.com/athlete/jessica-rose-clark (Caused by ConnectTimeoutError(<HTTPSConnection(host='web.archive.org', port=443) at 0x7fdb6c748c10>, 'Connection to web.archive.org timed out. (connect timeout=100)'))"
Sijara Eubanks,Pannie Kianzad,"December 19, 2020","HTTPSConnectionPool(host='web.archive.org', port=443): Max retries exceeded with url: /web/20201219235959/https://www.ufc.com/athlete/sijara-eubanks (Caused by ConnectTimeoutError(<HTTPSConnection(host='web.archive.org', port=443) at 0x7fdb70304710>, 'Connection to web.archive.org timed out. (connect timeout=100)'))"
Lina Lansberg,Pannie Kianzad,"April 16, 2022","HTTPSConnectionPool(host='web.archive.org', port=443): Max retries exceeded with url: /web/20220416235959/https://www.ufc.com/athlete/lina-lansberg (Caused by ConnectTimeoutError(<HTTPSConnection(host='web.archive.org', port=443) at 0x7fdb70307bd0>, 'Connection to web.archive.org timed out. (connect timeout=100)'))"
King Green,Mauricio Ruffy,"March 08, 2025","could not find archived snapshot for king-green on or before March 08, 2025"
Nordine Taleb,Kyle Prepolec,"May 04, 2019","could not find archived snapshot for kyle-prepolec on or before May 04, 2019"
King Green,Thiago Moises,"October 31, 2020","could not find archived snapshot for king-green on or before October 31, 2020"
Benoit Saint Denis,Gabriel Miranda,"September 03, 2022","could not find archived snapshot for gabriel-miranda on or before September 03, 2022"
Kevin Holland,Joaquin Buckley,"August 08, 2020","could not find archived snapshot for joaquin-buckley on or before August 08, 2020"
Impa Kasanganay,Joaquin Buckley,"October 10, 2020","could not find archived snapshot for impa-kasanganay on or before October 10, 2020"
Antonio Carlos Junior,Ian Heinisch,"May 18, 2019","could not find archived snapshot for ian-heinisch on or before May 18, 2019"
Kennedy Nzechukwu,Paul Craig,"March 30, 2019","could not find archived snapshot for kennedy-nzechukwu on or before March 30, 2019"
Alonzo Menifield,Paul Craig,"June 29, 2019","could not find archived snapshot for alonzo-menifield on or before June 29, 2019"
Eryk Anders,Khalil Rountree Jr.,"April 13, 2019","could not find archived snapshot for eryk-anders on or before April 13, 2019"
Khalil Rountree Jr.,Marcin Prachnio,"January 23, 2021","could not find archived snapshot for khalil-rountree-jr. on or before January 23, 2021"
Jamahal Hill,Khalil Rountree Jr.,"June 21, 2025","could not find archived snapshot for khalil-rountree-jr. on or before June 21, 2025"
Modestas Bukauskas,Khalil Rountree Jr.,"September 04, 2021","could not find archived snapshot for khalil-rountree-jr. on or before September 04, 2021"
Ion Cutelaba,Khalil Rountree Jr.,"September 28, 2019","could not find archived snapshot for khalil-rountree-jr. on or before September 28, 2019"
Alex Pereira,Khalil Rountree Jr.,"October 05, 2024","could not find archived snapshot for khalil-rountree-jr. on or before October 05, 2024"
Anthony Smith,Khalil Rountree Jr.,"December 09, 2023","could not find archived snapshot for khalil-rountree-jr. on or before December 09, 2023"
Dustin Jacoby,Khalil Rountree Jr.,"October 29, 2022","could not find archived snapshot for khalil-rountree-jr. on or before October 29, 2022"
Gian Villante,Michal Oleksiejczuk,"February 23, 2019","could not find archived snapshot for michal-oleksiejczuk on or before February 23, 2019"
Gadzhimurad Antigulov,Michal Oleksiejczuk,"April 20, 2019","could not find archived snapshot for gadzhimurad-antigulov on or before April 20, 2019"
Modestas Bukauskas,Andreas Michailidis,"July 15, 2020","could not find archived snapshot for andreas-michailidis on or before July 15, 2020"
Mike Davis,Mason Jones,"January 20, 2021","could not find archived snapshot for mason-jones on or before January 20, 2021"
Bolaji Oki,Timmy Cuamba,"February 10, 2024","could not find archived snapshot for timmy-cuamba on or before February 10, 2024"
Khamzat Chimaev,Rhys McKee,"July 25, 2020","could not find archived snapshot for khamzat-chimaev on or before July 25, 2020"
Kennedy Nzechukwu,Da Woon Jung,"November 13, 2021","could not find archived snapshot for da-woon-jung on or before November 13, 2021"
Dustin Jacoby,Da Woon Jung,"July 16, 2022","could not find archived snapshot for da-woon-jung on or before July 16, 2022"
William Gomis,Jarno Errens,"September 03, 2022","could not find archived snapshot for william-gomis on or before September 03, 2022"
Walt Harris,Serghei Spivac,"May 04, 2019","could not find archived snapshot for serghei-spivac on or before May 04, 2019"
Marcin Tybura,Maxim Grishin,"July 11, 2020","could not find archived snapshot for maxim-grishin on or before July 11, 2020"
Billy Ray Goff,Trey Waters,"May 11, 2024","could not find archived snapshot for billy-ray-goff on or before May 11, 2024"
Josh Quinlan,Trey Waters,"April 29, 2023","could not find archived snapshot for trey-waters on or before April 29, 2023"
Kevin Jousset,Kiefer Crosbie,"September 09, 2023","could not find archived snapshot for kevin-jousset on or before September 09, 2023"
Kevin Holland,Gerald Meerschaert,"March 30, 2019","could not find archived snapshot for kevin-holland on or before March 30, 2019"
Sam Patterson,Yanal Ashmouz,"March 18, 2023","could not find archived snapshot for yanal-ashmouz on or before March 18, 2023"
Armen Petrosyan,Gregory Rodrigues,"February 26, 2022","could not find archived snapshot for armen-petrosyan on or before February 26, 2022"
Dusko Todorovic,Gregory Rodrigues,"June 05, 2021","could not find archived snapshot for gregory-rodrigues on or before June 05, 2021"
Markus Perez,Dricus Du Plessis,"October 10, 2020","could not find archived snapshot for dricus-du-plessis on or before October 10, 2020"
Rogerio Nogueira,Ryan Spann,"May 11, 2019","could not find archived snapshot for rogerio-nogueira on or before May 11, 2019"
Ovince Saint Preux,Nikita Krylov,"April 13, 2019","could not find archived snapshot for nikita-krylov on or before April 13, 2019"
Tecia Pennington,Sam Hughes,"December 12, 2020","could not find archived snapshot for tecia-pennington on or before December 12, 2020"
Johnny Walker,Justin Ledet,"February 02, 2019","could not find archived snapshot for johnny-walker on or before February 02, 2019"
Stephanie Luciano,Sam Hughes,"March 15, 2025","could not find archived snapshot for stephanie-luciano on or before March 15, 2025"
Shauna Bannon,Bruna Brasil,"July 22, 2023","could not find archived snapshot for shauna-bannon on or before July 22, 2023"
Jimmie Rivera,Aljamain Sterling,"February 17, 2019","could not find archived snapshot for jimmie-rivera on or before February 17, 2019"
Jose Aldo,Renato Moicano,"February 02, 2019","could not find archived snapshot for jose-aldo on or before February 02, 2019"
Allen Crowder,Jairzinho Rozenstruik,"June 22, 2019","could not find archived snapshot for allen-crowder on or before June 22, 2019"
Junior Albini,Jairzinho Rozenstruik,"February 02, 2019","could not find archived snapshot for junior-albini on or before February 02, 2019"
Ronaldo Rodriguez,Kevin Borjas,"March 29, 2025","could not find archived snapshot for ronaldo-rodriguez on or before March 29, 2025"
Sumudaerji,Mitch Raposo,"April 12, 2025","could not find archived snapshot for sumudaerji on or before April 12, 2025"
Sumudaerji,Zarrukh Adashev,"January 20, 2021","could not find archived snapshot for sumudaerji on or before January 20, 2021"
Joshua Van,Kevin Borjas,"November 11, 2023","could not find archived snapshot for kevin-borjas on or before November 11, 2023"
Montel Jackson,Andre Soukhamthath,"April 13, 2019","could not find archived snapshot for montel-jackson on or before April 13, 2019"
Sumudaerji,Malcolm Gordon,"November 28, 2020","could not find archived snapshot for sumudaerji on or before November 28, 2020"
Sumudaerji,Andre Soukhamthath,"August 31, 2019","could not find archived snapshot for sumudaerji on or before August 31, 2019"
Maheshate,Gauge Young,"August 23, 2025","could not find archived snapshot for maheshate on or before August 23, 2025"
Maheshate,Nikolas Motta,"November 23, 2024","could not find archived snapshot for maheshate on or before November 23, 2024"
Maheshate,Viacheslav Borshchev,"May 20, 2023","could not find archived snapshot for maheshate on or before May 20, 2023"
Maheshate,Steve Garcia,"June 11, 2022","could not find archived snapshot for maheshate on or before June 11, 2022"
Luis Pena,Steve Garcia,"February 29, 2020","could not find archived snapshot for steve-garcia on or before February 29, 2020"
Davi Ramos,Austin Hubbard,"May 18, 2019","could not find archived snapshot for davi-ramos on or before May 18, 2019"
Kyle Prepolec,Austin Hubbard,"September 14, 2019","could not find archived snapshot for austin-hubbard on or before September 14, 2019"
Rongzhu,Kody Steele,"February 08, 2025","could not find archived snapshot for kody-steele on or before February 08, 2025"
Mark Madsen,Austin Hubbard,"March 07, 2020","could not find archived snapshot for austin-hubbard on or before March 07, 2020"
Rongzhu,Brandon Jenkins,"September 18, 2021","could not find archived snapshot for brandon-jenkins on or before September 18, 2021"
James Llontop,Chris Padilla,"April 27, 2024","could not find archived snapshot for chris-padilla on or before April 27, 2024"
Charles Johnson,Lone'er Kavanagh,"August 23, 2025","could not find archived snapshot for lone'er-kavanagh on or before August 23, 2025"
Charles Johnson,Sumudaerji,"October 19, 2024","could not find archived snapshot for sumudaerji on or before October 19, 2024"
Tim Elliott,Sumudaerji,"December 09, 2023","could not find archived snapshot for sumudaerji on or before December 09, 2023"
Matt Schnell,Sumudaerji,"July 16, 2022","could not find archived snapshot for sumudaerji on or before July 16, 2022"
Jeff Molina,Zhalgas Zhumagulov,"June 04, 2022","could not find archived snapshot for jeff-molina on or before June 04, 2022"
Raulian Paiva,Zhalgas Zhumagulov,"July 11, 2020","could not find archived snapshot for zhalgas-zhumagulov on or before July 11, 2020"
Xiao Long,SuYoung You,"August 23, 2025","could not find archived snapshot for suyoung-you on or before August 23, 2025"
Baergeng Jieleyisi,SuYoung You,"November 23, 2024","could not find archived snapshot for suyoung-you on or before November 23, 2024"
Xiao Long,ChangHo Lee,"June 22, 2024","could not find archived snapshot for changho-lee on or before June 22, 2024"
Chris Gutierrez,Quang Le,"August 10, 2024","could not find archived snapshot for quang-le on or before August 10, 2024"
Brendan Allen,Kyle Daukaus,"June 27, 2020","could not find archived snapshot for kyle-daukaus on or before June 27, 2020"
Cortavious Romious,ChangHo Lee,"April 05, 2025","could not find archived snapshot for changho-lee on or before April 05, 2025"
Phil Hawes,Kyle Daukaus,"May 08, 2021","could not find archived snapshot for phil-hawes on or before May 08, 2021"
Michel Pereira,Andre Fialho,"January 22, 2022","could not find archived snapshot for andre-fialho on or before January 22, 2022"
Alex Morono,Khaos Williams,"February 08, 2020","could not find archived snapshot for khaos-williams on or before February 08, 2020"
Abdul Razak Alhassan,Khaos Williams,"November 14, 2020","could not find archived snapshot for khaos-williams on or before November 14, 2020"
Michel Pereira,Khaos Williams,"December 19, 2020","could not find archived snapshot for khaos-williams on or before December 19, 2020"
Miguel Baeza,Khaos Williams,"November 13, 2021","could not find archived snapshot for khaos-williams on or before November 13, 2021"
Pat Sabatini,Tristan Connelly,"April 24, 2021","could not find archived snapshot for pat-sabatini on or before April 24, 2021"
Michel Pereira,Tristan Connelly,"September 14, 2019","could not find archived snapshot for tristan-connelly on or before September 14, 2019"
Yizha,Westin Wilson,"August 23, 2025","could not find archived snapshot for yizha on or before August 23, 2025"
Joanderson Brito,Westin Wilson,"July 01, 2023","could not find archived snapshot for westin-wilson on or before July 01, 2023"
Yizha,Gabriel Santos,"September 07, 2024","could not find archived snapshot for yizha on or before September 07, 2024"
Max Griffin,Zelim Imadaev,"April 13, 2019","could not find archived snapshot for max-griffin on or before April 13, 2019"
John Phillips,Khamzat Chimaev,"July 15, 2020","could not find archived snapshot for khamzat-chimaev on or before July 15, 2020"
Danny Henry,Dan Ige,"March 16, 2019","could not find archived snapshot for dan-ige on or before March 16, 2019"
Jalin Turner,Josh Culibao,"February 22, 2020","could not find archived snapshot for josh-culibao on or before February 22, 2020"
Ian Machado Garry,Carlos Prates,"April 26, 2025","could not find archived snapshot for ian-machado-garry on or before April 26, 2025"
Geoff Neal,Ian Machado Garry,"February 17, 2024","could not find archived snapshot for ian-machado-garry on or before February 17, 2024"
Neil Magny,Ian Machado Garry,"August 19, 2023","could not find archived snapshot for ian-machado-garry on or before August 19, 2023"
Daniel Rodriguez,Ian Machado Garry,"May 13, 2023","could not find archived snapshot for ian-machado-garry on or before May 13, 2023"
Shavkat Rakhmonov,Ian Machado Garry,"December 07, 2024","could not find archived snapshot for ian-machado-garry on or before December 07, 2024"
Alex Oliveira,Mike Perry,"April 27, 2019","could not find archived snapshot for mike-perry on or before April 27, 2019"
Tim Means,Niko Price,"March 09, 2019","could not find archived snapshot for tim-means on or before March 09, 2019"
Nick Hein,Frank Camacho,"June 01, 2019","could not find archived snapshot for nick-hein on or before June 01, 2019"
Ian Machado Garry,Michael Page,"June 29, 2024","could not find archived snapshot for ian-machado-garry on or before June 29, 2024"
Phil Hawes,Nassourdine Imavov,"February 20, 2021","could not find archived snapshot for phil-hawes on or before February 20, 2021"
Jordan Williams,Nassourdine Imavov,"October 03, 2020","could not find archived snapshot for nassourdine-imavov on or before October 03, 2020"
Israel Adesanya,Anderson Silva,"February 09, 2019","could not find archived snapshot for anderson-silva on or before February 09, 2019"
Volkan Oezdemir,Dominick Reyes,"March 16, 2019","could not find archived snapshot for volkan-oezdemir on or before March 16, 2019"
Daniel Lacerda,Victor Altamirano,"August 20, 2022","could not find archived snapshot for daniel-lacerda on or before August 20, 2022"
Eric Shelton,Jordan Espinosa,"March 23, 2019","could not find archived snapshot for eric-shelton on or before March 23, 2019"
Alatengheili,Ryan Benoit,"December 21, 2019","could not find archived snapshot for alatengheili on or before December 21, 2019"
Baisangur Susurkaev,Eric Nolan,"August 16, 2025","could not find archived snapshot for eric-nolan on or before August 16, 2025"
Vicente Luque,Bryan Barberena,"February 17, 2019","could not find archived snapshot for vicente-luque on or before February 17, 2019"
Ariane da Silva,Jasmine Jasudavicius,"November 02, 2024","could not find archived snapshot for ariane-da-silva on or before November 02, 2024"
Tecia Pennington,Marina Rodriguez,"August 10, 2019","could not find archived snapshot for tecia-pennington on or before August 10, 2019"
Katlyn Cerminara,Cynthia Calvillo,"November 21, 2020",404 Client Error: Not Found for url: https://web.archive.org/web/20230404212856/https://www.ufc.com/athlete/Katlyn-Cerminara
Tecia Pennington,Zhang Weili,"March 02, 2019","could not find archived snapshot for tecia-pennington on or before March 02, 2019"
Jessica Andrade,Zhang Weili,"August 31, 2019","could not find archived snapshot for zhang-weili on or before August 31, 2019"
Mackenzie Dern,Tecia Pennington,"April 09, 2022","could not find archived snapshot for tecia-pennington on or before April 09, 2022"
Tecia Pennington,Angela Hill,"August 07, 2021","could not find archived snapshot for tecia-pennington on or before August 07, 2021"
Michelle Waterson-Gomez,Angela Hill,"September 12, 2020","could not find archived snapshot for michelle-waterson-gomez on or before September 12, 2020"
Randa Markos,Angela Hill,"March 23, 2019","could not find archived snapshot for randa-markos on or before March 23, 2019"
Katlyn Cerminara,Joanne Wood,"June 08, 2019","could not find archived snapshot for katlyn-cerminara on or before June 08, 2019"
Liana Jojua,Sarah Moras,"September 07, 2019","could not find archived snapshot for liana-jojua on or before September 07, 2019"
Lauren Murphy,Joanne Wood,"June 12, 2021","could not find archived snapshot for joanne-wood on or before June 12, 2021"
Jessica Eye,Joanne Wood,"January 23, 2021","could not find archived snapshot for joanne-wood on or before January 23, 2021"
Matt Wiman,Jordan Leavitt,"December 05, 2020","could not find archived snapshot for jordan-leavitt on or before December 05, 2020"
Mateusz Rebecki,Nick Fiore,"January 14, 2023","could not find archived snapshot for nick-fiore on or before January 14, 2023"
Montel Jackson,Felipe Colares,"January 25, 2020","could not find archived snapshot for felipe-colares on or before January 25, 2020"
Geraldo de Freitas,Felipe Colares,"February 02, 2019","could not find archived snapshot for geraldo-de-freitas on or before February 02, 2019"
Domingo Pilarte,Felipe Colares,"July 20, 2019","could not find archived snapshot for domingo-pilarte on or before July 20, 2019"
Luis Pena,Steven Peterson,"March 23, 2019","could not find archived snapshot for steven-peterson on or before March 23, 2019"
Alex Caceres,Steven Peterson,"July 20, 2019","could not find archived snapshot for steven-peterson on or before July 20, 2019"
Zubaira Tukhugov,Lerone Murphy,"September 07, 2019","could not find archived snapshot for lerone-murphy on or before September 07, 2019"
James Vick,Paul Felder,"February 17, 2019","could not find archived snapshot for james-vick on or before February 17, 2019"
Diego Ferreira,Michael Johnson,"May 20, 2023","HTTPSConnectionPool(host='web.archive.org', port=443): Max retries exceeded with url: /web/20230520235959/https://www.ufc.com/athlete/michael-johnson (Caused by ConnectTimeoutError(<HTTPSConnection(host='web.archive.org', port=443) at 0x7f85ac6386d0>, 'Connection to web.archive.org timed out. (connect timeout=100)'))"
Diana Belbita,Dione Barbosa,"April 05, 2025","HTTPSConnectionPool(host='web.archive.org', port=443): Max retries exceeded with url: /web/20250405235959/https://www.ufc.com/athlete/diana-belbita (Caused by ConnectTimeoutError(<HTTPSConnection(host='web.archive.org', port=443) at 0x7f85ac63ac90>, 'Connection to web.archive.org timed out. (connect timeout=100)'))"
Karine Silva,Dione Barbosa,"August 16, 2025","HTTPSConnectionPool(host='web.archive.org', port=443): Max retries exceeded with url: /web/20250816235959/https://www.ufc.com/athlete/karine-silva (Caused by ConnectTimeoutError(<HTTPSConnection(host='web.archive.org', port=443) at 0x7f85a4621a50>, 'Connection to web.archive.org timed out. (connect timeout=100)'))"
Josh Emmett,Michael Johnson,"March 30, 2019","HTTPSConnectionPool(host='web.archive.org', port=443): Max retries exceeded with url: /web/20190330235959/https://www.ufc.com/athlete/michael-johnson (Caused by ConnectTimeoutError(<HTTPSConnection(host='web.archive.org', port=443) at 0x7f85a4622a90>, 'Connection to web.archive.org timed out. (connect timeout=100)'))"
Karine Silva,Ketlen Souza,"June 03, 2023","could not find archived snapshot for ketlen-souza on or before June 03, 2023"
Sabina Mazo,Maryna Moroz,"March 30, 2019","could not find archived snapshot for sabina-mazo on or before March 30, 2019"
Lauren Mueller,Poliana Botelho,"April 13, 2019","could not find archived snapshot for lauren-mueller on or before April 13, 2019"
Alibi Idiris,Joseph Morales,"August 16, 2025","could not find archived snapshot for alibi-idiris on or before August 16, 2025"
Kleydson Rodrigues,CJ Vergara,"May 07, 2022","HTTPSConnectionPool(host='web.archive.org', port=443): Max retries exceeded with url: /web/20220507235959/https://www.ufc.com/athlete/kleydson-rodrigues (Caused by ConnectTimeoutError(<HTTPSConnection(host='web.archive.org', port=443) at 0x7f85a4208c90>, 'Connection to web.archive.org timed out. (connect timeout=100)'))"
Edgar Chairez,CJ Vergara,"March 29, 2025","HTTPSConnectionPool(host='web.archive.org', port=443): Max retries exceeded with url: /web/20250329235959/https://www.ufc.com/athlete/cj-vergara (Caused by ConnectTimeoutError(<HTTPSConnection(host='web.archive.org', port=443) at 0x7f85a4341290>, 'Connection to web.archive.org timed out. (connect timeout=100)'))"
Tatsuro Taira,Carlos Candelario,"May 14, 2022","HTTPSConnectionPool(host='web.archive.org', port=443): Max retries exceeded with url: /web/20220514235959/https://www.ufc.com/athlete/tatsuro-taira (Caused by ConnectTimeoutError(<HTTPSConnection(host='web.archive.org', port=443) at 0x7f85a59c0210>, 'Connection to web.archive.org timed out. (connect timeout=100)'))"
Mateusz Rebecki,Myktybek Orolbai,"October 26, 2024","HTTPSConnectionPool(host='web.archive.org', port=443): Max retries exceeded with url: /web/20241026235959/https://www.ufc.com/athlete/mateusz-rebecki (Caused by ConnectTimeoutError(<HTTPSConnection(host='web.archive.org', port=443) at 0x7f85a4846090>, 'Connection to web.archive.org timed out. (connect timeout=100)'))"
Elves Brener,Myktybek Orolbai,"May 04, 2024","HTTPSConnectionPool(host='web.archive.org', port=443): Max retries exceeded with url: /web/20240504235959/https://www.ufc.com/athlete/elves-brener (Caused by ConnectTimeoutError(<HTTPSConnection(host='web.archive.org', port=443) at 0x7f85a4520a50>, 'Connection to web.archive.org timed out. (connect timeout=100)'))"
Uros Medic,Myktybek Orolbai,"November 18, 2023","HTTPSConnectionPool(host='web.archive.org', port=443): Max retries exceeded with url: /web/20231118235959/https://www.ufc.com/athlete/uros-medic (Caused by ConnectTimeoutError(<HTTPSConnection(host='web.archive.org', port=443) at 0x7f85a4520210>, 'Connection to web.archive.org timed out. (connect timeout=100)'))"
Tofiq Musayev,Myktybek Orolbai,"June 21, 2025","HTTPSConnectionPool(host='web.archive.org', port=443): Max retries exceeded with url: /web/20250621235959/https://www.ufc.com/athlete/tofiq-musayev (Caused by ConnectTimeoutError(<HTTPSConnection(host='web.archive.org', port=443) at 0x7f859d4f0b90>, 'Connection to web.archive.org timed out. (connect timeout=100)'))"
Mateusz Rebecki,Roosevelt Roberts,"November 11, 2023","HTTPSConnectionPool(host='web.archive.org', port=443): Max retries exceeded with url: /web/20231111235959/https://www.ufc.com/athlete/mateusz-rebecki (Caused by ConnectTimeoutError(<HTTPSConnection(host='web.archive.org', port=443) at 0x7f85a4845110>, 'Connection to web.archive.org timed out. (connect timeout=100)'))"
Stephanie Egger,Ailin Perez,"September 03, 2022","could not find archived snapshot for ailin-perez on or before September 03, 2022"
Julia Avila,Pannie Kianzad,"July 06, 2019","could not find archived snapshot for julia-avila on or before July 06, 2019"
Ashlee Evans-Smith,Norma Dumont,"November 28, 2020","could not find archived snapshot for norma-dumont on or before November 28, 2020"
Megan Anderson,Norma Dumont,"February 29, 2020","could not find archived snapshot for norma-dumont on or before February 29, 2020"
Felicia Spencer,Norma Dumont,"May 22, 2021","could not find archived snapshot for norma-dumont on or before May 22, 2021"
Wu Yanan,Joselyne Edwards,"January 16, 2021","could not find archived snapshot for joselyne-edwards on or before January 16, 2021"
Casey O'Neill,Lara Procopio,"June 19, 2021",404 Client Error: Not Found for url: https://web.archive.org/web/20220306063844/https://www.ufc.com/athlete/Casey-O'Neill
Mickey Gall,Mike Malott,"April 09, 2022","HTTPSConnectionPool(host='web.archive.org', port=443): Max retries exceeded with url: /web/20220409235959/https://www.ufc.com/athlete/mike-malott (Caused by ConnectTimeoutError(<HTTPSConnection(host='web.archive.org', port=443) at 0x7f85a59f5c10>, 'Connection to web.archive.org timed out. (connect timeout=100)'))"
Gabe Green,Phil Rowe,"February 13, 2021","HTTPSConnectionPool(host='web.archive.org', port=443): Max retries exceeded with url: /web/20210213235959/https://www.ufc.com/athlete/gabe-green (Caused by ConnectTimeoutError(<HTTPSConnection(host='web.archive.org', port=443) at 0x7f85a59f7010>, 'Connection to web.archive.org timed out. (connect timeout=100)'))"
Niko Price,Phil Rowe,"December 03, 2022","HTTPSConnectionPool(host='web.archive.org', port=443): Max retries exceeded with url: /web/20221203235959/https://www.ufc.com/athlete/niko-price (Caused by ConnectTimeoutError(<HTTPSConnection(host='web.archive.org', port=443) at 0x7f859ef20a50>, 'Connection to web.archive.org timed out. (connect timeout=100)'))"
Neil Magny,Phil Rowe,"June 24, 2023","HTTPSConnectionPool(host='web.archive.org', port=443): Max retries exceeded with url: /web/20230624235959/https://www.ufc.com/athlete/phil-rowe (Caused by ConnectTimeoutError(<HTTPSConnection(host='web.archive.org', port=443) at 0x7f85a59acb90>, 'Connection to web.archive.org timed out. (connect timeout=100)'))"
Jason Witt,Phil Rowe,"February 05, 2022","HTTPSConnectionPool(host='web.archive.org', port=443): Max retries exceeded with url: /web/20220205235959/https://www.ufc.com/athlete/jason-witt (Caused by ConnectTimeoutError(<HTTPSConnection(host='web.archive.org', port=443) at 0x7f85b43cd390>, 'Connection to web.archive.org timed out. (connect timeout=100)'))"
Neil Magny,Daniel Rodriguez,"November 05, 2022","HTTPSConnectionPool(host='web.archive.org', port=443): Max retries exceeded with url: /web/20221105235959/https://www.ufc.com/athlete/neil-magny (Caused by ConnectTimeoutError(<HTTPSConnection(host='web.archive.org', port=443) at 0x7f85a5e9d550>, 'Connection to web.archive.org timed out. (connect timeout=100)'))"
Kevin Holland,Daniel Rodriguez,"July 19, 2025","HTTPSConnectionPool(host='web.archive.org', port=443): Max retries exceeded with url: /web/20250719235959/https://www.ufc.com/athlete/kevin-holland (Caused by ConnectTimeoutError(<HTTPSConnection(host='web.archive.org', port=443) at 0x7f85a5994290>, 'Connection to web.archive.org timed out. (connect timeout=100)'))"
Kelvin Gastelum,Daniel Rodriguez,"June 22, 2024","HTTPSConnectionPool(host='web.archive.org', port=443): Max retries exceeded with url: /web/20240622235959/https://www.ufc.com/athlete/kelvin-gastelum (Caused by ConnectTimeoutError(<HTTPSConnection(host='web.archive.org', port=443) at 0x7f85ac66f950>, 'Connection to web.archive.org timed out. (connect timeout=100)'))"
Santiago Ponzinibbio,Daniel Rodriguez,"May 03, 2025","HTTPSConnectionPool(host='web.archive.org', port=443): Max retries exceeded with url: /web/20250503235959/https://www.ufc.com/athlete/santiago-ponzinibbio (Caused by ConnectTimeoutError(<HTTPSConnection(host='web.archive.org', port=443) at 0x7f85a472c6d0>, 'Connection to web.archive.org timed out. (connect timeout=100)'))"
Li Jingliang,Daniel Rodriguez,"September 10, 2022","HTTPSConnectionPool(host='web.archive.org', port=443): Max retries exceeded with url: /web/20220910235959/https://www.ufc.com/athlete/li-jingliang (Caused by ConnectTimeoutError(<HTTPSConnection(host='web.archive.org', port=443) at 0x7f859d8a3e90>, 'Connection to web.archive.org timed out. (connect timeout=100)'))"
Tim Means,Daniel Rodriguez,"February 15, 2020","HTTPSConnectionPool(host='web.archive.org', port=443): Max retries exceeded with url: /web/20200215235959/https://www.ufc.com/athlete/tim-means (Caused by ConnectTimeoutError(<HTTPSConnection(host='web.archive.org', port=443) at 0x7f85a4724a10>, 'Connection to web.archive.org timed out. (connect timeout=100)'))"
Kevin Lee,Daniel Rodriguez,"August 28, 2021","HTTPSConnectionPool(host='web.archive.org', port=443): Max retries exceeded with url: /web/20210828235959/https://www.ufc.com/athlete/kevin-lee (Caused by ConnectTimeoutError(<HTTPSConnection(host='web.archive.org', port=443) at 0x7f85a462f690>, 'Connection to web.archive.org timed out. (connect timeout=100)'))"
Mike Perry,Daniel Rodriguez,"April 10, 2021","HTTPSConnectionPool(host='web.archive.org', port=443): Max retries exceeded with url: /web/20210410235959/https://www.ufc.com/athlete/mike-perry (Caused by ConnectTimeoutError(<HTTPSConnection(host='web.archive.org', port=443) at 0x7f85a59f4650>, 'Connection to web.archive.org timed out. (connect timeout=100)'))"
Thiago Alves,Max Griffin,"February 02, 2019","could not find archived snapshot for thiago-alves on or before February 02, 2019"
Belal Muhammad,Geoff Neal,"January 19, 2019","could not find archived snapshot for belal-muhammad on or before January 19, 2019"
Ramazan Emeev,Anthony Rocco Martin,"November 09, 2019","could not find archived snapshot for anthony-rocco-martin on or before November 09, 2019"
Demian Maia,Anthony Rocco Martin,"June 29, 2019","could not find archived snapshot for anthony-rocco-martin on or before June 29, 2019"
Court McGee,Tim Means,"October 05, 2024","HTTPSConnectionPool(host='web.archive.org', port=443): Max retries exceeded with url: /web/20240721233034/https://www.ufc.com/athlete/court-mcgee (Caused by ConnectTimeoutError(<HTTPSConnection(host='web.archive.org', port=443) at 0x7f85a44a1690>, 'Connection to web.archive.org timed out. (connect timeout=100)'))"
Thiago Alves,Tim Means,"December 07, 2019","HTTPSConnectionPool(host='web.archive.org', port=443): Max retries exceeded with url: /web/20191207235959/https://www.ufc.com/athlete/tim-means (Caused by ConnectTimeoutError(<HTTPSConnection(host='web.archive.org', port=443) at 0x7f85a44a0590>, 'Connection to web.archive.org timed out. (connect timeout=100)'))"
Danny Silva,Kevin Vallejos,"August 02, 2025","HTTPSConnectionPool(host='web.archive.org', port=443): Max retries exceeded with url: /web/20250802235959/https://www.ufc.com/athlete/danny-silva (Caused by ConnectTimeoutError(<HTTPSConnection(host='web.archive.org', port=443) at 0x7f85a44a15d0>, 'Connection to web.archive.org timed out. (connect timeout=100)'))"
Mike Perry,Tim Means,"November 21, 2020","HTTPSConnectionPool(host='web.archive.org', port=443): Max retries exceeded with url: /web/20201121235959/https://www.ufc.com/athlete/tim-means (Caused by ConnectTimeoutError(<HTTPSConnection(host='web.archive.org', port=443) at 0x7f85a457f690>, 'Connection to web.archive.org timed out. (connect timeout=100)'))"
SeungWoo Choi,Kevin Vallejos,"March 15, 2025","HTTPSConnectionPool(host='web.archive.org', port=443): Max retries exceeded with url: /web/20250315235959/https://www.ufc.com/athlete/seungwoo-choi (Caused by ConnectTimeoutError(<HTTPSConnection(host='web.archive.org', port=443) at 0x7f85ac297510>, 'Connection to web.archive.org timed out. (connect timeout=100)'))"
Danny Silva,Lucas Almeida,"March 01, 2025","HTTPSConnectionPool(host='web.archive.org', port=443): Max retries exceeded with url: /web/20250301235959/https://www.ufc.com/athlete/danny-silva (Caused by ConnectTimeoutError(<HTTPSConnection(host='web.archive.org', port=443) at 0x7f85ac295b50>, 'Connection to web.archive.org timed out. (connect timeout=100)'))"
Andre Fili,Lucas Almeida,"December 16, 2023","HTTPSConnectionPool(host='web.archive.org', port=443): Max retries exceeded with url: /web/20231216235959/https://www.ufc.com/athlete/andre-fili (Caused by ConnectTimeoutError(<HTTPSConnection(host='web.archive.org', port=443) at 0x7f85ac296e50>, 'Connection to web.archive.org timed out. (connect timeout=100)'))"
Timmy Cuamba,Lucas Almeida,"June 15, 2024","HTTPSConnectionPool(host='web.archive.org', port=443): Max retries exceeded with url: /web/20240615235959/https://www.ufc.com/athlete/timmy-cuamba (Caused by ConnectTimeoutError(<HTTPSConnection(host='web.archive.org', port=443) at 0x7f85ac611ad0>, 'Connection to web.archive.org timed out. (connect timeout=100)'))"
Pat Sabatini,Lucas Almeida,"June 17, 2023","HTTPSConnectionPool(host='web.archive.org', port=443): Max retries exceeded with url: /web/20230617235959/https://www.ufc.com/athlete/pat-sabatini (Caused by ConnectTimeoutError(<HTTPSConnection(host='web.archive.org', port=443) at 0x7f859ec7a510>, 'Connection to web.archive.org timed out. (connect timeout=100)'))"
Michael Trizano,Lucas Almeida,"June 04, 2022","HTTPSConnectionPool(host='web.archive.org', port=443): Max retries exceeded with url: /web/20220604235959/https://www.ufc.com/athlete/michael-trizano (Caused by ConnectTimeoutError(<HTTPSConnection(host='web.archive.org', port=443) at 0x7f859ec7a710>, 'Connection to web.archive.org timed out. (connect timeout=100)'))"
Rinya Nakamura,Nathan Fletcher,"August 02, 2025","HTTPSConnectionPool(host='web.archive.org', port=443): Max retries exceeded with url: /web/20250802235959/https://www.ufc.com/athlete/rinya-nakamura (Caused by ConnectTimeoutError(<HTTPSConnection(host='web.archive.org', port=443) at 0x7f859ec79c90>, 'Connection to web.archive.org timed out. (connect timeout=100)'))"
Zygimantas Ramaska,Nathan Fletcher,"September 07, 2024","HTTPSConnectionPool(host='web.archive.org', port=443): Max retries exceeded with url: /web/20240907235959/https://www.ufc.com/athlete/zygimantas-ramaska (Caused by ConnectTimeoutError(<HTTPSConnection(host='web.archive.org', port=443) at 0x7f859d9cdb10>, 'Connection to web.archive.org timed out. (connect timeout=100)'))"
Rinya Nakamura,Muin Gafurov,"January 18, 2025","HTTPSConnectionPool(host='web.archive.org', port=443): Max retries exceeded with url: /web/20250118235959/https://www.ufc.com/athlete/rinya-nakamura (Caused by ConnectTimeoutError(<HTTPSConnection(host='web.archive.org', port=443) at 0x7f859ef2d490>, 'Connection to web.archive.org timed out. (connect timeout=100)'))"
Said Nurmagomedov,Muin Gafurov,"October 21, 2023","HTTPSConnectionPool(host='web.archive.org', port=443): Max retries exceeded with url: /web/20231021235959/https://www.ufc.com/athlete/said-nurmagomedov (Caused by ConnectTimeoutError(<HTTPSConnection(host='web.archive.org', port=443) at 0x7f859ef2c410>, 'Connection to web.archive.org timed out. (connect timeout=100)'))"
Kyung Ho Kang,Muin Gafurov,"June 22, 2024","HTTPSConnectionPool(host='web.archive.org', port=443): Max retries exceeded with url: /web/20240622235959/https://www.ufc.com/athlete/kyung-ho-kang (Caused by ConnectTimeoutError(<HTTPSConnection(host='web.archive.org', port=443) at 0x7f859ef2ed90>, 'Connection to web.archive.org timed out. (connect timeout=100)'))"
John Castaneda,Muin Gafurov,"June 03, 2023","HTTPSConnectionPool(host='web.archive.org', port=443): Max retries exceeded with url: /web/20230603235959/https://www.ufc.com/athlete/john-castaneda (Caused by ConnectTimeoutError(<HTTPSConnection(host='web.archive.org', port=443) at 0x7f859ed1c850>, 'Connection to web.archive.org timed out. (connect timeout=100)'))"
Rinya Nakamura,Carlos Vera,"February 17, 2024","HTTPSConnectionPool(host='web.archive.org', port=443): Max retries exceeded with url: /web/20240217235959/https://www.ufc.com/athlete/rinya-nakamura (Caused by ConnectTimeoutError(<HTTPSConnection(host='web.archive.org', port=443) at 0x7f85a46c69d0>, 'Connection to web.archive.org timed out. (connect timeout=100)'))"
Rinya Nakamura,Fernie Garcia,"August 26, 2023","HTTPSConnectionPool(host='web.archive.org', port=443): Max retries exceeded with url: /web/20230826235959/https://www.ufc.com/athlete/rinya-nakamura (Caused by ConnectTimeoutError(<HTTPSConnection(host='web.archive.org', port=443) at 0x7f85a46c46d0>, 'Connection to web.archive.org timed out. (connect timeout=100)'))"
Brady Hiestand,Fernie Garcia,"November 19, 2022","HTTPSConnectionPool(host='web.archive.org', port=443): Max retries exceeded with url: /web/20221119235959/https://www.ufc.com/athlete/brady-hiestand (Caused by ConnectTimeoutError(<HTTPSConnection(host='web.archive.org', port=443) at 0x7f85a44a3310>, 'Connection to web.archive.org timed out. (connect timeout=100)'))"
Journey Newson,Fernie Garcia,"May 07, 2022","HTTPSConnectionPool(host='web.archive.org', port=443): Max retries exceeded with url: /web/20220507235959/https://www.ufc.com/athlete/journey-newson (Caused by ConnectTimeoutError(<HTTPSConnection(host='web.archive.org', port=443) at 0x7f85a48dab10>, 'Connection to web.archive.org timed out. (connect timeout=100)'))"
Rodolfo Vieira,Tresean Gore,"August 02, 2025","HTTPSConnectionPool(host='web.archive.org', port=443): Max retries exceeded with url: /web/20250802235959/https://www.ufc.com/athlete/rodolfo-vieira (Caused by ConnectTimeoutError(<HTTPSConnection(host='web.archive.org', port=443) at 0x7f859eee7f90>, 'Connection to web.archive.org timed out. (connect timeout=100)'))"
Cody Brundage,Tresean Gore,"July 09, 2022","HTTPSConnectionPool(host='web.archive.org', port=443): Max retries exceeded with url: /web/20220709235959/https://www.ufc.com/athlete/cody-brundage (Caused by ConnectTimeoutError(<HTTPSConnection(host='web.archive.org', port=443) at 0x7f859ec79150>, 'Connection to web.archive.org timed out. (connect timeout=100)'))"
Josh Fremd,Tresean Gore,"October 29, 2022","HTTPSConnectionPool(host='web.archive.org', port=443): Max retries exceeded with url: /web/20221029235959/https://www.ufc.com/athlete/josh-fremd (Caused by ConnectTimeoutError(<HTTPSConnection(host='web.archive.org', port=443) at 0x7f859ec79950>, 'Connection to web.archive.org timed out. (connect timeout=100)'))"
Rodolfo Vieira,Andre Petroski,"February 15, 2025","HTTPSConnectionPool(host='web.archive.org', port=443): Max retries exceeded with url: /web/20250215235959/https://www.ufc.com/athlete/rodolfo-vieira (Caused by ConnectTimeoutError(<HTTPSConnection(host='web.archive.org', port=443) at 0x7f859eee72d0>, 'Connection to web.archive.org timed out. (connect timeout=100)'))"
Edmen Shahbazyan,Andre Petroski,"June 14, 2025","HTTPSConnectionPool(host='web.archive.org', port=443): Max retries exceeded with url: /web/20250614235959/https://www.ufc.com/athlete/edmen-shahbazyan (Caused by ConnectTimeoutError(<HTTPSConnection(host='web.archive.org', port=443) at 0x7f85a46d0c90>, 'Connection to web.archive.org timed out. (connect timeout=100)'))"
Josh Fremd,Andre Petroski,"July 13, 2024","HTTPSConnectionPool(host='web.archive.org', port=443): Max retries exceeded with url: /web/20240713235959/https://www.ufc.com/athlete/josh-fremd (Caused by ConnectTimeoutError(<HTTPSConnection(host='web.archive.org', port=443) at 0x7f859d009850>, 'Connection to web.archive.org timed out. (connect timeout=100)'))"
Nick Maximov,Andre Petroski,"May 14, 2022","HTTPSConnectionPool(host='web.archive.org', port=443): Max retries exceeded with url: /web/20220514235959/https://www.ufc.com/athlete/nick-maximov (Caused by ConnectTimeoutError(<HTTPSConnection(host='web.archive.org', port=443) at 0x7f859d00bed0>, 'Connection to web.archive.org timed out. (connect timeout=100)'))"
Hu Yaozong,Andre Petroski,"October 30, 2021","HTTPSConnectionPool(host='web.archive.org', port=443): Max retries exceeded with url: /web/20211030235959/https://www.ufc.com/athlete/hu-yaozong (Caused by ConnectTimeoutError(<HTTPSConnection(host='web.archive.org', port=443) at 0x7f85a48dab90>, 'Connection to web.archive.org timed out. (connect timeout=100)'))"
Zachary Reese,Cody Brundage,"December 02, 2023","could not find archived snapshot for zachary-reese on or before December 02, 2023"
Kyle Daukaus,Dustin Stoltzfus,"November 21, 2020","could not find archived snapshot for dustin-stoltzfus on or before November 21, 2020"
JunYong Park,Anthony Hernandez,"August 31, 2019","could not find archived snapshot for junyong-park on or before August 31, 2019"
Nicolae Negumereanu,Saparbeg Safarov,"March 16, 2019","could not find archived snapshot for nicolae-negumereanu on or before March 16, 2019"
Markus Perez,Anthony Hernandez,"February 02, 2019","could not find archived snapshot for markus-perez on or before February 02, 2019"
Rodolfo Vieira,Saparbeg Safarov,"March 07, 2020","could not find archived snapshot for saparbeg-safarov on or before March 07, 2020"
Austin Bashi,John Yannis,"August 02, 2025","could not find archived snapshot for john-yannis on or before August 02, 2025"
Liang Na,Ariane Carnelossi,"April 24, 2021","could not find archived snapshot for liang-na on or before April 24, 2021"
Thiago Alves,Laureano Staropoli,"May 11, 2019","could not find archived snapshot for laureano-staropoli on or before May 11, 2019"
Mike Rodriguez,John Allan,"July 13, 2019","could not find archived snapshot for mike-rodriguez on or before July 13, 2019"
Da Woon Jung,Khadis Ibragimov,"August 31, 2019","could not find archived snapshot for da-woon-jung on or before August 31, 2019"
Ronaldo Rodriguez,Ode Osbourne,"September 14, 2024","could not find archived snapshot for ronaldo-rodriguez on or before September 14, 2024"
Dan Argueta,Jean Matsumoto,"April 06, 2024","could not find archived snapshot for dan-argueta on or before April 06, 2024"
Da'Mon Blackshear,Cody Gibson,"March 15, 2025","could not find archived snapshot for da'mon-blackshear on or before March 15, 2025"
Andre Ewell,Anderson Dos Santos,"June 22, 2019","could not find archived snapshot for anderson-dos-santos on or before June 22, 2019"
Batgerel Danaa,Kevin Natividad,"April 24, 2021","could not find archived snapshot for batgerel-danaa on or before April 24, 2021"
Miles Johns,Kevin Natividad,"October 31, 2020","could not find archived snapshot for kevin-natividad on or before October 31, 2020"
Miles Johns,Mario Bautista,"February 08, 2020","could not find archived snapshot for miles-johns on or before February 08, 2020"
Cory Sandhagen,Mario Bautista,"January 19, 2019","could not find archived snapshot for cory-sandhagen on or before January 19, 2019"
Da'Mon Blackshear,Mario Bautista,"August 19, 2023","could not find archived snapshot for da'mon-blackshear on or before August 19, 2023"
Raul Rosas Jr.,Christian Rodriguez,"April 08, 2023","could not find archived snapshot for raul-rosas-jr. on or before April 08, 2023"
Jonathan Pearce,Christian Rodriguez,"February 19, 2022","could not find archived snapshot for christian-rodriguez on or before February 19, 2022"
Thiago Moises,Melquizael Costa,"January 21, 2023","could not find archived snapshot for melquizael-costa on or before January 21, 2023"
Ricardo Lamas,Bill Algeo,"August 29, 2020","could not find archived snapshot for bill-algeo on or before August 29, 2020"
Desmond Green,Charles Jourdain,"May 18, 2019","could not find archived snapshot for charles-jourdain on or before May 18, 2019"
Gabriel Benitez,Sodiq Yusuff,"August 17, 2019","could not find archived snapshot for gabriel-benitez on or before August 17, 2019"
Sodiq Yusuff,Sheymon Moraes,"March 30, 2019","could not find archived snapshot for sodiq-yusuff on or before March 30, 2019"
Andre Fili,Myles Jury,"February 17, 2019","could not find archived snapshot for andre-fili on or before February 17, 2019"
Andre Fili,Sheymon Moraes,"July 13, 2019","could not find archived snapshot for andre-fili on or before July 13, 2019"
Tafon Nchukwi,Jamie Pickett,"December 19, 2020","could not find archived snapshot for tafon-nchukwi on or before December 19, 2020"
Bevon Lewis,Darren Stewart,"June 08, 2019","could not find archived snapshot for bevon-lewis on or before June 08, 2019"
Alonzo Menifield,Vinicius Moreira,"January 19, 2019","could not find archived snapshot for alonzo-menifield on or before January 19, 2019"
Ike Villanueva,Vinicius Moreira,"January 20, 2021","could not find archived snapshot for ike-villanueva on or before January 20, 2021"
Eryk Anders,Vinicius Moreira,"June 29, 2019","could not find archived snapshot for vinicius-moreira on or before June 29, 2019"
Molly McCann,Priscila Cachoeira,"March 16, 2019","could not find archived snapshot for priscila-cachoeira on or before March 16, 2019"
Luana Carolina,Priscila Cachoeira,"May 11, 2019","could not find archived snapshot for luana-carolina on or before May 11, 2019"
Liz Carmouche,Lucie Pudilova,"February 23, 2019","could not find archived snapshot for lucie-pudilova on or before February 23, 2019"
Bryan Battle,Gilbert Urbina,"August 28, 2021","could not find archived snapshot for bryan-battle on or before August 28, 2021"
Callan Potter,Jalin Turner,"February 09, 2019","could not find archived snapshot for callan-potter on or before February 09, 2019"
Gilbert Melendez,Arnold Allen,"July 06, 2019","could not find archived snapshot for arnold-allen on or before July 06, 2019"
Stephen Thompson,Anthony Pettis,"March 23, 2019","could not find archived snapshot for stephen-thompson on or before March 23, 2019"
Yana Santos,Julija Stoliarenko,"August 08, 2020","could not find archived snapshot for yana-santos on or before August 08, 2020"
Nursulton Ruziboev,Eric McConico,"February 22, 2025","could not find archived snapshot for nursulton-ruziboev on or before February 22, 2025"
Nursulton Ruziboev,Sedriques Dumas,"March 30, 2024","could not find archived snapshot for nursulton-ruziboev on or before March 30, 2024"
Cody Brundage,Nick Maximov,"September 25, 2021","could not find archived snapshot for cody-brundage on or before September 25, 2021"
Kevin Holland,Jacare Souza,"December 12, 2020","could not find archived snapshot for jacare-souza on or before December 12, 2020"
Kevin Holland,Alessio Di Chirico,"June 22, 2019","could not find archived snapshot for kevin-holland on or before June 22, 2019"
Jan Blachowicz,Jacare Souza,"November 16, 2019","could not find archived snapshot for jacare-souza on or before November 16, 2019"
JunYong Park,John Phillips,"October 17, 2020","could not find archived snapshot for junyong-park on or before October 17, 2020"
Jack Marshman,John Phillips,"March 16, 2019","could not find archived snapshot for jack-marshman on or before March 16, 2019"
Dan Ige,Kevin Aguilar,"June 22, 2019","could not find archived snapshot for dan-ige on or before June 22, 2019"
Chas Skelly,Jordan Griffin,"September 14, 2019","could not find archived snapshot for jordan-griffin on or before September 14, 2019"
Enrique Barzola,Kevin Aguilar,"March 30, 2019","could not find archived snapshot for kevin-aguilar on or before March 30, 2019"
Brad Riddell,Jamie Mullarkey,"October 05, 2019","could not find archived snapshot for brad-riddell on or before October 05, 2019"
King Green,Alan Patrick,"September 12, 2020","could not find archived snapshot for king-green on or before September 12, 2020"
Charles Jourdain,Marcelo Rojo,"March 13, 2021","could not find archived snapshot for marcelo-rojo on or before March 13, 2021"
Kai Kara-France,Raulian Paiva,"February 09, 2019","could not find archived snapshot for kai-kara-france on or before February 09, 2019"
Kyler Phillips,Cameron Else,"October 03, 2020","could not find archived snapshot for cameron-else on or before October 03, 2020"
Marvin Vettori,Cezar Ferreira,"July 13, 2019","could not find archived snapshot for cezar-ferreira on or before July 13, 2019"
Tim Boetsch,Omari Akhmedov,"March 09, 2019","could not find archived snapshot for tim-boetsch on or before March 09, 2019"
Ateba Gautier,Robert Valentin,"July 19, 2025","could not find archived snapshot for robert-valentin on or before July 19, 2025"
Torrez Finney,Robert Valentin,"April 05, 2025","could not find archived snapshot for robert-valentin on or before April 05, 2025"
Marc-Andre Barriault,Andrew Sanchez,"May 04, 2019","could not find archived snapshot for marc-andre-barriault on or before May 04, 2019"
Da Woon Jung,Sam Alvey,"October 24, 2020","could not find archived snapshot for da-woon-jung on or before October 24, 2020"
Karl Williams,Lukasz Brzeski,"March 11, 2023","could not find archived snapshot for karl-williams on or before March 11, 2023"
Jimmy Crute,Sam Alvey,"February 09, 2019","could not find archived snapshot for sam-alvey on or before February 09, 2019"
Valter Walker,Lukasz Brzeski,"April 06, 2024","could not find archived snapshot for valter-walker on or before April 06, 2024"
Da Woon Jung,Devin Clark,"February 04, 2023","could not find archived snapshot for da-woon-jung on or before February 04, 2023"
Darko Stosic,Devin Clark,"June 01, 2019","could not find archived snapshot for darko-stosic on or before June 01, 2019"
Brunno Ferreira,Nursulton Ruziboev,"July 01, 2023","could not find archived snapshot for nursulton-ruziboev on or before July 01, 2023"
Joaquin Buckley,Nursulton Ruziboev,"May 11, 2024","could not find archived snapshot for nursulton-ruziboev on or before May 11, 2024"
Jasmine Jasudavicius,Gabriella Fernandes,"February 25, 2023","could not find archived snapshot for gabriella-fernandes on or before February 25, 2023"
Journey Newson,Marcus McGhee,"April 29, 2023","could not find archived snapshot for marcus-mcghee on or before April 29, 2023"
Jussier Formiga,Deiveson Figueiredo,"March 23, 2019","could not find archived snapshot for jussier-formiga on or before March 23, 2019"
Alejandro Perez,Song Yadong,"July 06, 2019","could not find archived snapshot for song-yadong on or before July 06, 2019"
Sean O'Malley,Merab Dvalishvili,"September 14, 2024","could not find archived snapshot for sean-o'malley on or before September 14, 2024"
Merab Dvalishvili,Sean O'Malley,"June 07, 2025","could not find archived snapshot for sean-o'malley on or before June 07, 2025"
Petr Yan,Sean O'Malley,"October 22, 2022","could not find archived snapshot for sean-o'malley on or before October 22, 2022"
Aljamain Sterling,Sean O'Malley,"August 19, 2023","could not find archived snapshot for sean-o'malley on or before August 19, 2023"
Eddie Wineland,Sean O'Malley,"June 06, 2020","could not find archived snapshot for sean-o'malley on or before June 06, 2020"
Raulian Paiva,Sean O'Malley,"December 11, 2021","could not find archived snapshot for sean-o'malley on or before December 11, 2021"
Pedro Munhoz,Sean O'Malley,"July 02, 2022","could not find archived snapshot for sean-o'malley on or before July 02, 2022"
Mario Bautista,Jin Soo Son,"July 20, 2019","could not find archived snapshot for mario-bautista on or before July 20, 2019"
JunYong Park,Marc-Andre Barriault,"December 21, 2019","could not find archived snapshot for junyong-park on or before December 21, 2019"
Asu Almabayev,Jose Ochoa,"July 26, 2025","could not find archived snapshot for asu-almabayev on or before July 26, 2025"
Lone'er Kavanagh,Jose Ochoa,"November 23, 2024","could not find archived snapshot for lone'er-kavanagh on or before November 23, 2024"
Asu Almabayev,Jose Johnson,"June 15, 2024","could not find archived snapshot for asu-almabayev on or before June 15, 2024"
Da'Mon Blackshear,Jose Johnson,"August 12, 2023","could not find archived snapshot for da'mon-blackshear on or before August 12, 2023"
Ricardo Ramos,Said Nurmagomedov,"February 02, 2019","could not find archived snapshot for ricardo-ramos on or before February 02, 2019"
Patrick Cummins,Ed Herman,"May 18, 2019","could not find archived snapshot for patrick-cummins on or before May 18, 2019"
Alex Caceres,Kron Gracie,"February 17, 2019","could not find archived snapshot for alex-caceres on or before February 17, 2019"
Youssef Zalal,Ilia Topuria,"October 10, 2020","could not find archived snapshot for ilia-topuria on or before October 10, 2020"
Bryce Mitchell,Bobby Moffett,"March 23, 2019","could not find archived snapshot for bryce-mitchell on or before March 23, 2019"
Alex Morono,Carlos Leal,"March 08, 2025","HTTPSConnectionPool(host='web.archive.org', port=443): Max retries exceeded with url: /web/20250308235959/https://www.ufc.com/athlete/carlos-leal (Caused by ConnectTimeoutError(<HTTPSConnection(host='web.archive.org', port=443) at 0x7fc1ac146110>, 'Connection to web.archive.org timed out. (connect timeout=100)'))"
Muslim Salikhov,Carlos Leal,"July 26, 2025","HTTPSConnectionPool(host='web.archive.org', port=443): Max retries exceeded with url: /web/20250726235959/https://www.ufc.com/athlete/carlos-leal (Caused by ConnectTimeoutError(<HTTPSConnection(host='web.archive.org', port=443) at 0x7fc1b0431850>, 'Connection to web.archive.org timed out. (connect timeout=100)'))"
Montel Jackson,Da'Mon Blackshear,"July 13, 2024","HTTPSConnectionPool(host='web.archive.org', port=443): Max retries exceeded with url: /web/20240713235959/https://www.ufc.com/athlete/da'mon-blackshear (Caused by ConnectTimeoutError(<HTTPSConnection(host='web.archive.org', port=443) at 0x7fc1ac8a4110>, 'Connection to web.archive.org timed out. (connect timeout=100)'))"
Davey Grant,Da'Mon Blackshear,"July 26, 2025","HTTPSConnectionPool(host='web.archive.org', port=443): Max retries exceeded with url: /web/20250726235959/https://www.ufc.com/athlete/da'mon-blackshear (Caused by ConnectTimeoutError(<HTTPSConnection(host='web.archive.org', port=443) at 0x7fc1ac8a76d0>, 'Connection to web.archive.org timed out. (connect timeout=100)'))"
Youssef Zalal,Da'Mon Blackshear,"August 13, 2022","could not find archived snapshot for da'mon-blackshear on or before August 13, 2022"
Cody Stamann,Da'Mon Blackshear,"November 09, 2024","could not find archived snapshot for da'mon-blackshear on or before November 09, 2024"
Saimon Oliveira,Daniel Marcos,"January 21, 2023","could not find archived snapshot for daniel-marcos on or before January 21, 2023"
Benito Lopez,Manny Bermudez,"February 17, 2019","could not find archived snapshot for benito-lopez on or before February 17, 2019"
Sean O'Malley,Marlon Vera,"August 15, 2020","could not find archived snapshot for sean-o'malley on or before August 15, 2020"
Sean O'Malley,Marlon Vera,"March 09, 2024","could not find archived snapshot for sean-o'malley on or before March 09, 2024"
Manon Fiorot,Tabatha Ricci,"June 05, 2021","could not find archived snapshot for tabatha-ricci on or before June 05, 2021"
Mackenzie Dern,Virna Jandiroba,"December 12, 2020","HTTPSConnectionPool(host='web.archive.org', port=443): Max retries exceeded with url: /web/20201217180658/https://www.ufc.com/athlete/mackenzie-dern (Caused by ConnectTimeoutError(<HTTPSConnection(host='web.archive.org', port=443) at 0x7fc1b040e950>, 'Connection to web.archive.org timed out. (connect timeout=100)'))"
Amanda Lemos,Virna Jandiroba,"July 20, 2024","HTTPSConnectionPool(host='web.archive.org', port=443): Max retries exceeded with url: /web/20240720235959/https://www.ufc.com/athlete/virna-jandiroba (Caused by ConnectTimeoutError(<HTTPSConnection(host='web.archive.org', port=443) at 0x7fc1ac7fbe10>, 'Connection to web.archive.org timed out. (connect timeout=100)'))"
Felice Herrig,Virna Jandiroba,"August 15, 2020","HTTPSConnectionPool(host='web.archive.org', port=443): Max retries exceeded with url: /web/20200815235959/https://www.ufc.com/athlete/felice-herrig (Caused by ConnectTimeoutError(<HTTPSConnection(host='web.archive.org', port=443) at 0x7fc19e930750>, 'Connection to web.archive.org timed out. (connect timeout=100)'))"
Carla Esparza,Virna Jandiroba,"April 27, 2019","HTTPSConnectionPool(host='web.archive.org', port=443): Max retries exceeded with url: /web/20190427235959/https://www.ufc.com/athlete/virna-jandiroba (Caused by ConnectTimeoutError(<HTTPSConnection(host='web.archive.org', port=443) at 0x7fc19e9316d0>, 'Connection to web.archive.org timed out. (connect timeout=100)'))"
Kanako Murata,Virna Jandiroba,"June 19, 2021","HTTPSConnectionPool(host='web.archive.org', port=443): Max retries exceeded with url: /web/20210619235959/https://www.ufc.com/athlete/kanako-murata (Caused by ConnectTimeoutError(<HTTPSConnection(host='web.archive.org', port=443) at 0x7fc1ac7fad90>, 'Connection to web.archive.org timed out. (connect timeout=100)'))"
Amanda Ribas,Paige VanZant,"July 11, 2020","HTTPSConnectionPool(host='web.archive.org', port=443): Max retries exceeded with url: /web/20200711235959/https://www.ufc.com/athlete/amanda-ribas (Caused by ConnectTimeoutError(<HTTPSConnection(host='web.archive.org', port=443) at 0x7fc1b041bbd0>, 'Connection to web.archive.org timed out. (connect timeout=100)'))"
Amanda Ribas,Randa Markos,"March 14, 2020","HTTPSConnectionPool(host='web.archive.org', port=443): Max retries exceeded with url: /web/20200314235959/https://www.ufc.com/athlete/amanda-ribas (Caused by ConnectTimeoutError(<HTTPSConnection(host='web.archive.org', port=443) at 0x7fc19e933b10>, 'Connection to web.archive.org timed out. (connect timeout=100)'))"
Mackenzie Dern,Randa Markos,"September 19, 2020","HTTPSConnectionPool(host='web.archive.org', port=443): Max retries exceeded with url: /web/20200919235959/https://www.ufc.com/athlete/mackenzie-dern (Caused by ConnectTimeoutError(<HTTPSConnection(host='web.archive.org', port=443) at 0x7fc19e932910>, 'Connection to web.archive.org timed out. (connect timeout=100)'))"
Bogdan Guskov,Billy Elekana,"January 18, 2025","could not find archived snapshot for billy-elekana on or before January 18, 2025"
Mohammad Yahya,Trevor Peek,"October 21, 2023","could not find archived snapshot for mohammad-yahya on or before October 21, 2023"
Erick Gonzalez,Trevor Peek,"February 25, 2023","could not find archived snapshot for trevor-peek on or before February 25, 2023"
Tom Aspinall,Jake Collier,"July 25, 2020","could not find archived snapshot for tom-aspinall on or before July 25, 2020"
Derrick Lewis,Rodrigo Nascimento,"May 11, 2024","could not find archived snapshot for rodrigo-nascimento on or before May 11, 2024"
Alexandr Romanov,Rodrigo Nascimento,"November 02, 2024","could not find archived snapshot for rodrigo-nascimento on or before November 02, 2024"
Ilir Latifi,Rodrigo Nascimento,"May 20, 2023","could not find archived snapshot for rodrigo-nascimento on or before May 20, 2023"
Tanner Boser,Rodrigo Nascimento,"September 17, 2022","could not find archived snapshot for rodrigo-nascimento on or before September 17, 2022"
Alan Baudot,Rodrigo Nascimento,"July 17, 2021","could not find archived snapshot for rodrigo-nascimento on or before July 17, 2021"
Chris Daukaus,Rodrigo Nascimento,"October 10, 2020","could not find archived snapshot for chris-daukaus on or before October 10, 2020"
Blagoy Ivanov,Marcos Rogerio de Lima,"May 07, 2022","HTTPSConnectionPool(host='web.archive.org', port=443): Max retries exceeded with url: /web/20220507235959/https://www.ufc.com/athlete/blagoy-ivanov (Caused by ConnectTimeoutError(<HTTPSConnection(host='web.archive.org', port=443) at 0x7fc1ac5d1850>, 'Connection to web.archive.org timed out. (connect timeout=100)'))"
Andrei Arlovski,Marcos Rogerio de Lima,"October 29, 2022","HTTPSConnectionPool(host='web.archive.org', port=443): Max retries exceeded with url: /web/20221029235959/https://www.ufc.com/athlete/marcos-rogerio-de-lima (Caused by ConnectTimeoutError(<HTTPSConnection(host='web.archive.org', port=443) at 0x7fc1b020b390>, 'Connection to web.archive.org timed out. (connect timeout=100)'))"
Ben Rothwell,Marcos Rogerio de Lima,"November 13, 2021","HTTPSConnectionPool(host='web.archive.org', port=443): Max retries exceeded with url: /web/20211113235959/https://www.ufc.com/athlete/ben-rothwell (Caused by ConnectTimeoutError(<HTTPSConnection(host='web.archive.org', port=443) at 0x7fc19e882990>, 'Connection to web.archive.org timed out. (connect timeout=100)'))"
Alexandr Romanov,Marcos Rogerio de Lima,"November 07, 2020","HTTPSConnectionPool(host='web.archive.org', port=443): Max retries exceeded with url: /web/20201107235959/https://www.ufc.com/athlete/marcos-rogerio-de-lima (Caused by ConnectTimeoutError(<HTTPSConnection(host='web.archive.org', port=443) at 0x7fc19e883e50>, 'Connection to web.archive.org timed out. (connect timeout=100)'))"
Maurice Greene,Marcos Rogerio de Lima,"May 08, 2021","HTTPSConnectionPool(host='web.archive.org', port=443): Max retries exceeded with url: /web/20210508235959/https://www.ufc.com/athlete/maurice-greene (Caused by ConnectTimeoutError(<HTTPSConnection(host='web.archive.org', port=443) at 0x7fc1ac5d1f50>, 'Connection to web.archive.org timed out. (connect timeout=100)'))"
Stefan Struve,Marcos Rogerio de Lima,"February 23, 2019","HTTPSConnectionPool(host='web.archive.org', port=443): Max retries exceeded with url: /web/20190223235959/https://www.ufc.com/athlete/stefan-struve (Caused by ConnectTimeoutError(<HTTPSConnection(host='web.archive.org', port=443) at 0x7fc19eb0fd90>, 'Connection to web.archive.org timed out. (connect timeout=100)'))"
Ben Sosoli,Marcos Rogerio de Lima,"February 22, 2020","HTTPSConnectionPool(host='web.archive.org', port=443): Max retries exceeded with url: /web/20200222235959/https://www.ufc.com/athlete/ben-sosoli (Caused by ConnectTimeoutError(<HTTPSConnection(host='web.archive.org', port=443) at 0x7fc1ac38b590>, 'Connection to web.archive.org timed out. (connect timeout=100)'))"
Derrick Lewis,Sergei Pavlovich,"July 30, 2022","HTTPSConnectionPool(host='web.archive.org', port=443): Max retries exceeded with url: /web/20220730235959/https://www.ufc.com/athlete/derrick-lewis (Caused by ConnectTimeoutError(<HTTPSConnection(host='web.archive.org', port=443) at 0x7fc1ac38aa50>, 'Connection to web.archive.org timed out. (connect timeout=100)'))"
Tai Tuivasa,Sergei Pavlovich,"December 03, 2022","HTTPSConnectionPool(host='web.archive.org', port=443): Max retries exceeded with url: /web/20221203235959/https://www.ufc.com/athlete/tai-tuivasa (Caused by ConnectTimeoutError(<HTTPSConnection(host='web.archive.org', port=443) at 0x7fc1b028f2d0>, 'Connection to web.archive.org timed out. (connect timeout=100)'))"
Shamil Abdurakhimov,Sergei Pavlovich,"March 19, 2022","HTTPSConnectionPool(host='web.archive.org', port=443): Max retries exceeded with url: /web/20220319235959/https://www.ufc.com/athlete/shamil-abdurakhimov (Caused by ConnectTimeoutError(<HTTPSConnection(host='web.archive.org', port=443) at 0x7fc1ac38a310>, 'Connection to web.archive.org timed out. (connect timeout=100)'))"
Maurice Greene,Sergei Pavlovich,"October 26, 2019","HTTPSConnectionPool(host='web.archive.org', port=443): Max retries exceeded with url: /web/20191026235959/https://www.ufc.com/athlete/maurice-greene (Caused by ConnectTimeoutError(<HTTPSConnection(host='web.archive.org', port=443) at 0x7fc1ac628f90>, 'Connection to web.archive.org timed out. (connect timeout=100)'))"
Derrick Lewis,Tai Tuivasa,"February 12, 2022","HTTPSConnectionPool(host='web.archive.org', port=443): Max retries exceeded with url: /web/20220212235959/https://www.ufc.com/athlete/derrick-lewis (Caused by ConnectTimeoutError(<HTTPSConnection(host='web.archive.org', port=443) at 0x7fc1ac62b110>, 'Connection to web.archive.org timed out. (connect timeout=100)'))"
Ciryl Gane,Tai Tuivasa,"September 03, 2022","HTTPSConnectionPool(host='web.archive.org', port=443): Max retries exceeded with url: /web/20220903235959/https://www.ufc.com/athlete/ciryl-gane (Caused by ConnectTimeoutError(<HTTPSConnection(host='web.archive.org', port=443) at 0x7fc1ac145150>, 'Connection to web.archive.org timed out. (connect timeout=100)'))"
Khalil Rountree Jr.,Chris Daukaus,"August 12, 2023","could not find archived snapshot for khalil-rountree-jr. on or before August 12, 2023"
Derrick Lewis,Junior Dos Santos,"March 09, 2019","could not find archived snapshot for derrick-lewis on or before March 09, 2019"
Austin Lingo,Youssef Zalal,"February 08, 2020","could not find archived snapshot for austin-lingo on or before February 08, 2020"
Makwan Amirkhani,Chris Fishgold,"June 01, 2019","could not find archived snapshot for makwan-amirkhani on or before June 01, 2019"
Daniel Teymur,Chris Fishgold,"February 23, 2019","could not find archived snapshot for chris-fishgold on or before February 23, 2019"
Cub Swanson,Shane Burgos,"May 04, 2019","could not find archived snapshot for shane-burgos on or before May 04, 2019"
Curtis Millender,Belal Muhammad,"April 13, 2019","could not find archived snapshot for belal-muhammad on or before April 13, 2019"
Darren Till,Jorge Masvidal,"March 16, 2019","could not find archived snapshot for darren-till on or before March 16, 2019"
Mason Jones,David Onama,"October 23, 2021","could not find archived snapshot for david-onama on or before October 23, 2021"
Shane Young,Ludovit Klein,"September 26, 2020","could not find archived snapshot for ludovit-klein on or before September 26, 2020"
Julio Arce,Julian Erosa,"May 18, 2019","could not find archived snapshot for julio-arce on or before May 18, 2019"
Grant Dawson,Julian Erosa,"March 09, 2019","could not find archived snapshot for grant-dawson on or before March 09, 2019"
Junior Tafa,Sean Sharaf,"October 12, 2024","could not find archived snapshot for sean-sharaf on or before October 12, 2024"
Don'Tale Mayes,Valter Walker,"February 15, 2025","could not find archived snapshot for don'tale-mayes on or before February 15, 2025"
Braxton Smith,Parker Porter,"May 06, 2023","could not find archived snapshot for braxton-smith on or before May 06, 2023"
Chris Daukaus,Parker Porter,"August 15, 2020","could not find archived snapshot for chris-daukaus on or before August 15, 2020"
Khaos Williams,Matthew Semelsberger,"June 19, 2021","could not find archived snapshot for khaos-williams on or before June 19, 2021"
Carlton Minus,Matthew Semelsberger,"August 22, 2020","could not find archived snapshot for carlton-minus on or before August 22, 2020"
Jake Matthews,Rostem Akman,"October 05, 2019","could not find archived snapshot for rostem-akman on or before October 05, 2019"
Billy Ray Goff,Ramiz Brahimaj,"May 31, 2025","could not find archived snapshot for billy-ray-goff on or before May 31, 2025"
Ben Rothwell,Chris Barnett,"May 22, 2021","could not find archived snapshot for chris-barnett on or before May 22, 2021"
Glover Teixeira,Karl Roberson,"January 19, 2019","could not find archived snapshot for glover-teixeira on or before January 19, 2019"
Khalil Rountree Jr.,Karl Roberson,"March 12, 2022","could not find archived snapshot for khalil-rountree-jr. on or before March 12, 2022"
Khadis Ibragimov,Danilo Marques,"September 26, 2020","could not find archived snapshot for danilo-marques on or before September 26, 2020"
Katlyn Cerminara,Jessica Andrade,"October 17, 2020","could not find archived snapshot for katlyn-cerminara on or before October 17, 2020"
Lauren Murphy,Liliya Shakirova,"October 24, 2020","could not find archived snapshot for liliya-shakirova on or before October 24, 2020"
Ashlee Evans-Smith,Andrea Lee,"February 17, 2019","could not find archived snapshot for ashlee-evans-smith on or before February 17, 2019"
Joanne Wood,Andrea Lee,"September 07, 2019","could not find archived snapshot for joanne-wood on or before September 07, 2019"
Gilbert Burns,Mike Davis,"April 27, 2019","could not find archived snapshot for gilbert-burns on or before April 27, 2019"
Valentina Shevchenko,Katlyn Cerminara,"February 08, 2020","could not find archived snapshot for katlyn-cerminara on or before February 08, 2020"
Beneil Dariush,Drew Dober,"March 09, 2019","could not find archived snapshot for beneil-dariush on or before March 09, 2019"
David Dvorak,Steve Erceg,"June 10, 2023","could not find archived snapshot for steve-erceg on or before June 10, 2023"
Louis Smolka,Matt Schnell,"March 09, 2019","could not find archived snapshot for louis-smolka on or before March 09, 2019"
Bibulatov Magomed,Rogerio Bontorin,"February 02, 2019","could not find archived snapshot for bibulatov-magomed on or before February 02, 2019"
Dan Argueta,Nick Aguirre,"January 14, 2023","could not find archived snapshot for dan-argueta on or before January 14, 2023"
Connor Matthews,Jose Delgado,"February 15, 2025","HTTPSConnectionPool(host='web.archive.org', port=443): Max retries exceeded with url: /web/20250114014046/https://www.ufc.com/athlete/jose-delgado (Caused by ConnectTimeoutError(<HTTPSConnection(host='web.archive.org', port=443) at 0x7fc19e989590>, 'Connection to web.archive.org timed out. (connect timeout=100)'))"
Christian Rodriguez,Cameron Saaiman,"October 14, 2023","HTTPSConnectionPool(host='web.archive.org', port=443): Max retries exceeded with url: /web/20231014235959/https://www.ufc.com/athlete/cameron-saaiman (Caused by ConnectTimeoutError(<HTTPSConnection(host='web.archive.org', port=443) at 0x7fc19e988b50>, 'Connection to web.archive.org timed out. (connect timeout=100)'))"
Hyder Amil,William Gomis,"March 01, 2025","HTTPSConnectionPool(host='web.archive.org', port=443): Max retries exceeded with url: /web/20250301235959/https://www.ufc.com/athlete/william-gomis (Caused by ConnectTimeoutError(<HTTPSConnection(host='web.archive.org', port=443) at 0x7fc19e98a990>, 'Connection to web.archive.org timed out. (connect timeout=100)'))"
Hyder Amil,Jose Delgado,"June 28, 2025","HTTPSConnectionPool(host='web.archive.org', port=443): Max retries exceeded with url: /web/20250628235959/https://www.ufc.com/athlete/jose-delgado (Caused by ConnectTimeoutError(<HTTPSConnection(host='web.archive.org', port=443) at 0x7fc1b074b6d0>, 'Connection to web.archive.org timed out. (connect timeout=100)'))"
Francis Marshall,William Gomis,"April 22, 2023","HTTPSConnectionPool(host='web.archive.org', port=443): Max retries exceeded with url: /web/20230422235959/https://www.ufc.com/athlete/francis-marshall (Caused by ConnectTimeoutError(<HTTPSConnection(host='web.archive.org', port=443) at 0x7fc1ac3bed50>, 'Connection to web.archive.org timed out. (connect timeout=100)'))"
Viviane Araujo,Tracy Cortez,"June 28, 2025","HTTPSConnectionPool(host='web.archive.org', port=443): Max retries exceeded with url: /web/20250628235959/https://www.ufc.com/athlete/viviane-araujo (Caused by ConnectTimeoutError(<HTTPSConnection(host='web.archive.org', port=443) at 0x7fc1ac3bf290>, 'Connection to web.archive.org timed out. (connect timeout=100)'))"
Rose Namajunas,Tracy Cortez,"July 13, 2024","HTTPSConnectionPool(host='web.archive.org', port=443): Max retries exceeded with url: /web/20240713235959/https://www.ufc.com/athlete/rose-namajunas (Caused by ConnectTimeoutError(<HTTPSConnection(host='web.archive.org', port=443) at 0x7fc19e564290>, 'Connection to web.archive.org timed out. (connect timeout=100)'))"
Vanessa Melo,Tracy Cortez,"November 16, 2019","HTTPSConnectionPool(host='web.archive.org', port=443): Max retries exceeded with url: /web/20191116235959/https://www.ufc.com/athlete/vanessa-melo (Caused by ConnectTimeoutError(<HTTPSConnection(host='web.archive.org', port=443) at 0x7fc19ef07790>, 'Connection to web.archive.org timed out. (connect timeout=100)'))"
Viviane Araujo,Karine Silva,"November 16, 2024","HTTPSConnectionPool(host='web.archive.org', port=443): Max retries exceeded with url: /web/20241116235959/https://www.ufc.com/athlete/viviane-araujo (Caused by ConnectTimeoutError(<HTTPSConnection(host='web.archive.org', port=443) at 0x7fc1ac6805d0>, 'Connection to web.archive.org timed out. (connect timeout=100)'))"
Ariane da Silva,Karine Silva,"April 27, 2024","HTTPSConnectionPool(host='web.archive.org', port=443): Max retries exceeded with url: /web/20240427235959/https://www.ufc.com/athlete/ariane-da-silva (Caused by ConnectTimeoutError(<HTTPSConnection(host='web.archive.org', port=443) at 0x7fc1ac683d10>, 'Connection to web.archive.org timed out. (connect timeout=100)'))"
Viviane Araujo,Amanda Ribas,"March 04, 2023","HTTPSConnectionPool(host='web.archive.org', port=443): Max retries exceeded with url: /web/20230304235959/https://www.ufc.com/athlete/viviane-araujo (Caused by ConnectTimeoutError(<HTTPSConnection(host='web.archive.org', port=443) at 0x7fc1ac680590>, 'Connection to web.archive.org timed out. (connect timeout=100)'))"
Marina Rodriguez,Amanda Ribas,"January 23, 2021","HTTPSConnectionPool(host='web.archive.org', port=443): Max retries exceeded with url: /web/20210123235959/https://www.ufc.com/athlete/marina-rodriguez (Caused by ConnectTimeoutError(<HTTPSConnection(host='web.archive.org', port=443) at 0x7fc1ac683690>, 'Connection to web.archive.org timed out. (connect timeout=100)'))"
Mackenzie Dern,Amanda Ribas,"January 11, 2025","HTTPSConnectionPool(host='web.archive.org', port=443): Max retries exceeded with url: /web/20250111235959/https://www.ufc.com/athlete/mackenzie-dern (Caused by ConnectTimeoutError(<HTTPSConnection(host='web.archive.org', port=443) at 0x7fc19eea7f50>, 'Connection to web.archive.org timed out. (connect timeout=100)'))"
Mackenzie Dern,Amanda Ribas,"October 12, 2019","HTTPSConnectionPool(host='web.archive.org', port=443): Max retries exceeded with url: /web/20191012235959/https://www.ufc.com/athlete/mackenzie-dern (Caused by ConnectTimeoutError(<HTTPSConnection(host='web.archive.org', port=443) at 0x7fc1ac6f73d0>, 'Connection to web.archive.org timed out. (connect timeout=100)'))"
Luana Pinheiro,Amanda Ribas,"November 18, 2023","HTTPSConnectionPool(host='web.archive.org', port=443): Max retries exceeded with url: /web/20231118235959/https://www.ufc.com/athlete/luana-pinheiro (Caused by ConnectTimeoutError(<HTTPSConnection(host='web.archive.org', port=443) at 0x7fc19ef59490>, 'Connection to web.archive.org timed out. (connect timeout=100)'))"
Katlyn Cerminara,Amanda Ribas,"May 14, 2022","HTTPSConnectionPool(host='web.archive.org', port=443): Max retries exceeded with url: /web/20220514235959/https://www.ufc.com/athlete/katlyn-cerminara (Caused by ConnectTimeoutError(<HTTPSConnection(host='web.archive.org', port=443) at 0x7fc1ac681110>, 'Connection to web.archive.org timed out. (connect timeout=100)'))"
Emily Whitmire,Amanda Ribas,"June 29, 2019","HTTPSConnectionPool(host='web.archive.org', port=443): Max retries exceeded with url: /web/20190629235959/https://www.ufc.com/athlete/emily-whitmire (Caused by ConnectTimeoutError(<HTTPSConnection(host='web.archive.org', port=443) at 0x7fc19e567c90>, 'Connection to web.archive.org timed out. (connect timeout=100)'))"
Viviane Araujo,Montana De La Rosa,"September 05, 2020","HTTPSConnectionPool(host='web.archive.org', port=443): Max retries exceeded with url: /web/20200905235959/https://www.ufc.com/athlete/viviane-araujo (Caused by ConnectTimeoutError(<HTTPSConnection(host='web.archive.org', port=443) at 0x7fc19ef04110>, 'Connection to web.archive.org timed out. (connect timeout=100)'))"
Andrea Lee,Montana De La Rosa,"June 08, 2024","HTTPSConnectionPool(host='web.archive.org', port=443): Max retries exceeded with url: /web/20240608235959/https://www.ufc.com/athlete/andrea-lee (Caused by ConnectTimeoutError(<HTTPSConnection(host='web.archive.org', port=443) at 0x7fc1ac686cd0>, 'Connection to web.archive.org timed out. (connect timeout=100)'))"
Andrea Lee,Montana De La Rosa,"June 22, 2019","HTTPSConnectionPool(host='web.archive.org', port=443): Max retries exceeded with url: /web/20190622235959/https://www.ufc.com/athlete/andrea-lee (Caused by ConnectTimeoutError(<HTTPSConnection(host='web.archive.org', port=443) at 0x7fc1ac643210>, 'Connection to web.archive.org timed out. (connect timeout=100)'))"
Tatiana Suarez,Montana De La Rosa,"February 25, 2023","HTTPSConnectionPool(host='web.archive.org', port=443): Max retries exceeded with url: /web/20230225235959/https://www.ufc.com/athlete/tatiana-suarez (Caused by ConnectTimeoutError(<HTTPSConnection(host='web.archive.org', port=443) at 0x7fc19ef07010>, 'Connection to web.archive.org timed out. (connect timeout=100)'))"
Maycee Barber,Montana De La Rosa,"April 23, 2022","HTTPSConnectionPool(host='web.archive.org', port=443): Max retries exceeded with url: /web/20220423235959/https://www.ufc.com/athlete/maycee-barber (Caused by ConnectTimeoutError(<HTTPSConnection(host='web.archive.org', port=443) at 0x7fc1ac685110>, 'Connection to web.archive.org timed out. (connect timeout=100)'))"
Niko Price,Jacobe Smith,"June 28, 2025","HTTPSConnectionPool(host='web.archive.org', port=443): Max retries exceeded with url: /web/20250628235959/https://www.ufc.com/athlete/niko-price (Caused by ConnectTimeoutError(<HTTPSConnection(host='web.archive.org', port=443) at 0x7fc19e5656d0>, 'Connection to web.archive.org timed out. (connect timeout=100)'))"
Preston Parsons,Jacobe Smith,"January 11, 2025","HTTPSConnectionPool(host='web.archive.org', port=443): Max retries exceeded with url: /web/20250111235959/https://www.ufc.com/athlete/preston-parsons (Caused by ConnectTimeoutError(<HTTPSConnection(host='web.archive.org', port=443) at 0x7fc1ac52b110>, 'Connection to web.archive.org timed out. (connect timeout=100)'))"
Niko Price,Michel Pereira,"July 10, 2021","HTTPSConnectionPool(host='web.archive.org', port=443): Max retries exceeded with url: /web/20210710235959/https://www.ufc.com/athlete/niko-price (Caused by ConnectTimeoutError(<HTTPSConnection(host='web.archive.org', port=443) at 0x7fc1ac5962d0>, 'Connection to web.archive.org timed out. (connect timeout=100)'))"
Santiago Ponzinibbio,Michel Pereira,"May 21, 2022","HTTPSConnectionPool(host='web.archive.org', port=443): Max retries exceeded with url: /web/20220521235959/https://www.ufc.com/athlete/santiago-ponzinibbio (Caused by ConnectTimeoutError(<HTTPSConnection(host='web.archive.org', port=443) at 0x7fc1ac686010>, 'Connection to web.archive.org timed out. (connect timeout=100)'))"
Anthony Hernandez,Michel Pereira,"October 19, 2024","HTTPSConnectionPool(host='web.archive.org', port=443): Max retries exceeded with url: /web/20241019235959/https://www.ufc.com/athlete/anthony-hernandez (Caused by ConnectTimeoutError(<HTTPSConnection(host='web.archive.org', port=443) at 0x7fc1ac6876d0>, 'Connection to web.archive.org timed out. (connect timeout=100)'))"
Andre Petroski,Michel Pereira,"October 14, 2023","HTTPSConnectionPool(host='web.archive.org', port=443): Max retries exceeded with url: /web/20231014235959/https://www.ufc.com/athlete/andre-petroski (Caused by ConnectTimeoutError(<HTTPSConnection(host='web.archive.org', port=443) at 0x7fc1b03e8350>, 'Connection to web.archive.org timed out. (connect timeout=100)'))"
Danny Roberts,Michel Pereira,"May 18, 2019","could not find archived snapshot for michel-pereira on or before May 18, 2019"
Terrance McKinney,Brendon Marotte,"October 14, 2023","could not find archived snapshot for brendon-marotte on or before October 14, 2023"
Jim Miller,Erick Gonzalez,"October 16, 2021","could not find archived snapshot for erick-gonzalez on or before October 16, 2021"
Don Madge,Fares Ziam,"September 07, 2019","could not find archived snapshot for fares-ziam on or before September 07, 2019"
Jairzinho Rozenstruik,Jailton Almeida,"May 13, 2023","HTTPSConnectionPool(host='web.archive.org', port=443): Max retries exceeded with url: /web/20230513235959/https://www.ufc.com/athlete/jairzinho-rozenstruik (Caused by ConnectTimeoutError(<HTTPSConnection(host='web.archive.org', port=443) at 0x7fc1b0962650>, 'Connection to web.archive.org timed out. (connect timeout=100)'))"
Curtis Blaydes,Jailton Almeida,"March 09, 2024","HTTPSConnectionPool(host='web.archive.org', port=443): Max retries exceeded with url: /web/20240309235959/https://www.ufc.com/athlete/curtis-blaydes (Caused by ConnectTimeoutError(<HTTPSConnection(host='web.archive.org', port=443) at 0x7fc1b074b250>, 'Connection to web.archive.org timed out. (connect timeout=100)'))"
Claudio Puelles,Fares Ziam,"February 24, 2024","HTTPSConnectionPool(host='web.archive.org', port=443): Max retries exceeded with url: /web/20240224235959/https://www.ufc.com/athlete/fares-ziam (Caused by ConnectTimeoutError(<HTTPSConnection(host='web.archive.org', port=443) at 0x7fc1b03fc4d0>, 'Connection to web.archive.org timed out. (connect timeout=100)'))"
Curtis Blaydes,Rizvan Kuniev,"June 21, 2025","HTTPSConnectionPool(host='web.archive.org', port=443): Max retries exceeded with url: /web/20250621235959/https://www.ufc.com/athlete/rizvan-kuniev (Caused by ConnectTimeoutError(<HTTPSConnection(host='web.archive.org', port=443) at 0x7fc1ac3bde90>, 'Connection to web.archive.org timed out. (connect timeout=100)'))"
